date,product_code,crop_name,crop_group,crop_sequence,regime,system_class,observed_samples,ndvi_median,ndvi_q25,ndvi_q75,total_units,total_samples,observed_sample_fraction,curve_valid,ndvi_median_30d,group_id,color
2024-09-11,1,Trigo blando,Cereal de invierno,Trigo blando,S,dryland,14,0.1435215696692466,0.1066750660538673,0.1796104349195957,15,15,0.9333333333333332,True,0.1435215696692466,1-s-dryland-trigo-blando,#D55E00
2024-09-16,1,Trigo blando,Cereal de invierno,Trigo blando,S,dryland,13,0.139840543270111,0.1177184507250785,0.1588278114795684,15,15,0.8666666666666667,True,0.1435215696692466,1-s-dryland-trigo-blando,#D55E00
2024-09-26,1,Trigo blando,Cereal de invierno,Trigo blando,S,dryland,8,0.1552962213754654,0.1327457632869482,0.1713796816766262,15,15,0.5333333333333333,True,0.1552962213754654,1-s-dryland-trigo-blando,#D55E00
2024-10-11,1,Trigo blando,Cereal de invierno,Trigo blando,S,dryland,15,0.2087136507034301,0.1342475861310959,0.2565902844071388,15,15,1.0,True,0.1907924115657806,1-s-dryland-trigo-blando,#D55E00
2024-10-21,1,Trigo blando,Cereal de invierno,Trigo blando,S,dryland,15,0.1728711724281311,0.1332403197884559,0.2204810157418251,15,15,1.0,True,0.2087136507034301,1-s-dryland-trigo-blando,#D55E00
2024-11-05,1,Trigo blando,Cereal de invierno,Trigo blando,S,dryland,15,0.2449923008680343,0.1897370591759681,0.2641475796699524,15,15,1.0,True,0.2919924184679985,1-s-dryland-trigo-blando,#D55E00
2024-11-10,1,Trigo blando,Cereal de invierno,Trigo blando,S,dryland,15,0.3389925360679626,0.2990967929363251,0.4052658081054687,15,15,1.0,True,0.2919924184679985,1-s-dryland-trigo-blando,#D55E00
2024-12-05,1,Trigo blando,Cereal de invierno,Trigo blando,S,dryland,15,0.6678116321563721,0.4365414381027221,0.7368660569190979,15,15,1.0,True,0.6739598512649536,1-s-dryland-trigo-blando,#D55E00
2024-12-10,1,Trigo blando,Cereal de invierno,Trigo blando,S,dryland,15,0.6529744267463684,0.417145624756813,0.7400950789451599,15,15,1.0,True,0.6678116321563721,1-s-dryland-trigo-blando,#D55E00
2024-12-15,1,Trigo blando,Cereal de invierno,Trigo blando,S,dryland,15,0.6825711727142334,0.4190606325864792,0.7661870419979095,15,15,1.0,True,0.6678116321563721,1-s-dryland-trigo-blando,#D55E00
2024-12-20,1,Trigo blando,Cereal de invierno,Trigo blando,S,dryland,15,0.6801080703735352,0.4180854558944702,0.7506831288337708,15,15,1.0,True,0.6801080703735352,1-s-dryland-trigo-blando,#D55E00
2024-12-25,1,Trigo blando,Cereal de invierno,Trigo blando,S,dryland,15,0.6279616355895996,0.3727037459611892,0.7390617430210114,15,15,1.0,True,0.6825711727142334,1-s-dryland-trigo-blando,#D55E00
2025-01-04,1,Trigo blando,Cereal de invierno,Trigo blando,S,dryland,15,0.7049261927604675,0.4484336078166961,0.7696928381919861,15,15,1.0,True,0.6908552348613739,1-s-dryland-trigo-blando,#D55E00
2025-01-09,1,Trigo blando,Cereal de invierno,Trigo blando,S,dryland,15,0.7198699712753296,0.4464711397886276,0.7782868146896362,15,15,1.0,True,0.6908552348613739,1-s-dryland-trigo-blando,#D55E00
2025-01-14,1,Trigo blando,Cereal de invierno,Trigo blando,S,dryland,15,0.6767842769622803,0.4368911683559418,0.7483662962913513,15,15,1.0,True,0.6908552348613739,1-s-dryland-trigo-blando,#D55E00
2025-01-24,1,Trigo blando,Cereal de invierno,Trigo blando,S,dryland,13,0.6673318147659302,0.5317652225494385,0.7147972583770752,15,15,0.8666666666666667,True,0.6444278955459595,1-s-dryland-trigo-blando,#D55E00
2025-02-03,1,Trigo blando,Cereal de invierno,Trigo blando,S,dryland,15,0.6041289567947388,0.3643696010112762,0.7165631353855133,15,15,1.0,True,0.6128264665603638,1-s-dryland-trigo-blando,#D55E00
2025-02-08,1,Trigo blando,Cereal de invierno,Trigo blando,S,dryland,15,0.6215239763259888,0.3714022636413574,0.7500391900539398,15,15,1.0,True,0.6046953797340393,1-s-dryland-trigo-blando,#D55E00
2025-02-13,1,Trigo blando,Cereal de invierno,Trigo blando,S,dryland,15,0.5779499411582947,0.369031548500061,0.7302671372890472,15,15,1.0,True,0.6046953797340393,1-s-dryland-trigo-blando,#D55E00
2025-02-23,1,Trigo blando,Cereal de invierno,Trigo blando,S,dryland,15,0.6052618026733398,0.3835567384958267,0.7476473152637482,15,15,1.0,True,0.5916503667831421,1-s-dryland-trigo-blando,#D55E00
2025-03-05,1,Trigo blando,Cereal de invierno,Trigo blando,S,dryland,14,0.5780389308929443,0.5050258934497833,0.7348455488681793,15,15,0.9333333333333332,True,0.6134349256753922,1-s-dryland-trigo-blando,#D55E00
2025-03-10,1,Trigo blando,Cereal de invierno,Trigo blando,S,dryland,12,0.6216080486774445,0.399862989783287,0.7139762789011002,15,15,0.8,True,0.5998234897851944,1-s-dryland-trigo-blando,#D55E00
2025-03-15,1,Trigo blando,Cereal de invierno,Trigo blando,S,dryland,15,0.7310513257980347,0.56149722635746,0.8514792919158936,15,15,1.0,True,0.6508709043264389,1-s-dryland-trigo-blando,#D55E00
2025-03-25,1,Trigo blando,Cereal de invierno,Trigo blando,S,dryland,10,0.5522067844867706,0.4428040385246277,0.7792427241802216,15,15,0.6666666666666666,True,0.6832897961139679,1-s-dryland-trigo-blando,#D55E00
2025-03-27,1,Trigo blando,Cereal de invierno,Trigo blando,S,dryland,15,0.6964102983474731,0.5447799414396286,0.8036856055259705,15,15,1.0,True,0.6832897961139679,1-s-dryland-trigo-blando,#D55E00
2025-03-30,1,Trigo blando,Cereal de invierno,Trigo blando,S,dryland,15,0.6801337599754333,0.5539493262767792,0.8034920990467072,15,15,1.0,True,0.6801337599754333,1-s-dryland-trigo-blando,#D55E00
2025-04-06,1,Trigo blando,Cereal de invierno,Trigo blando,S,dryland,15,0.6864458322525024,0.6050056219100952,0.8226381242275238,15,15,1.0,True,0.6832897961139679,1-s-dryland-trigo-blando,#D55E00
2025-04-09,1,Trigo blando,Cereal de invierno,Trigo blando,S,dryland,15,0.6577237844467163,0.605756938457489,0.7742414474487305,15,15,1.0,True,0.6832897961139679,1-s-dryland-trigo-blando,#D55E00
2025-04-16,1,Trigo blando,Cereal de invierno,Trigo blando,S,dryland,15,0.7199324369430542,0.6763340830802917,0.8504104316234589,15,15,1.0,True,0.6582746505737305,1-s-dryland-trigo-blando,#D55E00
2025-04-24,1,Trigo blando,Cereal de invierno,Trigo blando,S,dryland,15,0.6582746505737305,0.5743929445743561,0.7664087414741516,15,15,1.0,True,0.6266463398933411,1-s-dryland-trigo-blando,#D55E00
2025-04-26,1,Trigo blando,Cereal de invierno,Trigo blando,S,dryland,15,0.6266463398933411,0.5438767075538635,0.7348611056804657,15,15,1.0,True,0.6266463398933411,1-s-dryland-trigo-blando,#D55E00
2025-05-04,1,Trigo blando,Cereal de invierno,Trigo blando,S,dryland,15,0.5241730213165283,0.4067196846008301,0.5924795567989349,15,15,1.0,True,0.5241730213165283,1-s-dryland-trigo-blando,#D55E00
2025-05-06,1,Trigo blando,Cereal de invierno,Trigo blando,S,dryland,9,0.4923608899116516,0.3859259784221649,0.5231161713600159,15,15,0.6,True,0.5241730213165283,1-s-dryland-trigo-blando,#D55E00
2025-05-16,1,Trigo blando,Cereal de invierno,Trigo blando,S,dryland,15,0.404975563287735,0.2838529646396637,0.4669056236743927,15,15,1.0,True,0.3398952633142471,1-s-dryland-trigo-blando,#D55E00
2025-05-24,1,Trigo blando,Cereal de invierno,Trigo blando,S,dryland,15,0.2748149633407593,0.220288299024105,0.3109324127435684,15,15,1.0,True,0.2323472499847412,1-s-dryland-trigo-blando,#D55E00
2025-05-26,1,Trigo blando,Cereal de invierno,Trigo blando,S,dryland,15,0.2440069317817688,0.2024018913507461,0.2781160175800323,15,15,1.0,True,0.2323472499847412,1-s-dryland-trigo-blando,#D55E00
2025-05-29,1,Trigo blando,Cereal de invierno,Trigo blando,S,dryland,15,0.2206875681877136,0.1930691078305244,0.2407762929797172,15,15,1.0,True,0.2206875681877136,1-s-dryland-trigo-blando,#D55E00
2025-06-03,1,Trigo blando,Cereal de invierno,Trigo blando,S,dryland,15,0.2104243785142898,0.1814378872513771,0.2140689343214035,15,15,1.0,True,0.2104243785142898,1-s-dryland-trigo-blando,#D55E00
2025-06-08,1,Trigo blando,Cereal de invierno,Trigo blando,S,dryland,15,0.1860859096050262,0.1658649146556854,0.191590666770935,15,15,1.0,True,0.1860859096050262,1-s-dryland-trigo-blando,#D55E00
2025-06-13,1,Trigo blando,Cereal de invierno,Trigo blando,S,dryland,15,0.13785120844841,0.1320769786834716,0.1568227708339691,15,15,1.0,True,0.1415137499570846,1-s-dryland-trigo-blando,#D55E00
2025-06-18,1,Trigo blando,Cereal de invierno,Trigo blando,S,dryland,15,0.1451762914657592,0.1402289047837257,0.162783570587635,15,15,1.0,True,0.1359435617923736,1-s-dryland-trigo-blando,#D55E00
2025-06-23,1,Trigo blando,Cereal de invierno,Trigo blando,S,dryland,15,0.1340359151363372,0.1295120567083358,0.1539863049983978,15,15,1.0,True,0.1324629336595535,1-s-dryland-trigo-blando,#D55E00
2025-06-28,1,Trigo blando,Cereal de invierno,Trigo blando,S,dryland,15,0.1324311792850494,0.1279065012931823,0.1433870866894722,15,15,1.0,True,0.1324311792850494,1-s-dryland-trigo-blando,#D55E00
2025-07-03,1,Trigo blando,Cereal de invierno,Trigo blando,S,dryland,15,0.1313125789165496,0.1152078807353973,0.142557755112648,15,15,1.0,True,0.1275613158941269,1-s-dryland-trigo-blando,#D55E00
2025-07-05,1,Trigo blando,Cereal de invierno,Trigo blando,S,dryland,15,0.120039127767086,0.106225024908781,0.1334918290376663,15,15,1.0,True,0.1275613158941269,1-s-dryland-trigo-blando,#D55E00
2025-07-08,1,Trigo blando,Cereal de invierno,Trigo blando,S,dryland,15,0.1324629336595535,0.1234005987644195,0.1463442519307136,15,15,1.0,True,0.1238100528717041,1-s-dryland-trigo-blando,#D55E00
2025-07-13,1,Trigo blando,Cereal de invierno,Trigo blando,S,dryland,15,0.1238100528717041,0.106714341789484,0.132575087249279,15,15,1.0,True,0.1188620217144489,1-s-dryland-trigo-blando,#D55E00
2025-07-15,1,Trigo blando,Cereal de invierno,Trigo blando,S,dryland,15,0.1118904575705528,0.096593115478754,0.1281297281384468,15,15,1.0,True,0.1188620217144489,1-s-dryland-trigo-blando,#D55E00
2025-07-18,1,Trigo blando,Cereal de invierno,Trigo blando,S,dryland,15,0.1176849156618118,0.1070608310401439,0.1390814632177353,15,15,1.0,True,0.1180827915668487,1-s-dryland-trigo-blando,#D55E00
2025-07-25,1,Trigo blando,Cereal de invierno,Trigo blando,S,dryland,13,0.1168914809823036,0.1084436252713203,0.1300021708011627,15,15,0.8666666666666667,True,0.1172881983220577,1-s-dryland-trigo-blando,#D55E00
2025-07-28,1,Trigo blando,Cereal de invierno,Trigo blando,S,dryland,15,0.1131684035062789,0.1030996777117252,0.133701704442501,15,15,1.0,True,0.1150299422442913,1-s-dryland-trigo-blando,#D55E00
2025-08-02,1,Trigo blando,Cereal de invierno,Trigo blando,S,dryland,15,0.1184806674718856,0.1044502556324005,0.1418273448944091,15,15,1.0,True,0.1168914809823036,1-s-dryland-trigo-blando,#D55E00
2025-08-04,1,Trigo blando,Cereal de invierno,Trigo blando,S,dryland,8,0.1382140070199966,0.0944489799439907,0.1474611386656761,15,15,0.5333333333333333,True,0.1168914809823036,1-s-dryland-trigo-blando,#D55E00
2025-08-07,1,Trigo blando,Cereal de invierno,Trigo blando,S,dryland,15,0.1109107211232185,0.098708339035511,0.1390720903873443,15,15,1.0,True,0.1176860742270946,1-s-dryland-trigo-blando,#D55E00
2025-08-12,1,Trigo blando,Cereal de invierno,Trigo blando,S,dryland,15,0.1126461327075958,0.0997037068009376,0.1397500708699226,15,15,1.0,True,0.1292041763663292,1-s-dryland-trigo-blando,#D55E00
2025-08-14,1,Trigo blando,Cereal de invierno,Trigo blando,S,dryland,15,0.1221719458699226,0.1031231619417667,0.148173488676548,15,15,1.0,True,0.1292041763663292,1-s-dryland-trigo-blando,#D55E00
2025-08-22,1,Trigo blando,Cereal de invierno,Trigo blando,S,dryland,15,0.1416830420494079,0.1122447252273559,0.1671325415372848,15,15,1.0,True,0.1339073963463306,1-s-dryland-trigo-blando,#D55E00
2025-08-24,1,Trigo blando,Cereal de invierno,Trigo blando,S,dryland,15,0.1376265734434127,0.1113245002925396,0.1675785183906555,15,15,1.0,True,0.1339073963463306,1-s-dryland-trigo-blando,#D55E00
2025-08-27,1,Trigo blando,Cereal de invierno,Trigo blando,S,dryland,14,0.1362364068627357,0.1248107366263866,0.1639117039740085,15,15,0.9333333333333332,True,0.1339073963463306,1-s-dryland-trigo-blando,#D55E00
2025-09-01,1,Trigo blando,Cereal de invierno,Trigo blando,S,dryland,15,0.144654095172882,0.1189380288124084,0.1712868958711624,15,15,1.0,True,0.1362364068627357,1-s-dryland-trigo-blando,#D55E00
2025-09-03,1,Trigo blando,Cereal de invierno,Trigo blando,S,dryland,15,0.1315783858299255,0.1078790947794914,0.1608228906989097,15,15,1.0,True,0.1362364068627357,1-s-dryland-trigo-blando,#D55E00
2025-09-06,1,Trigo blando,Cereal de invierno,Trigo blando,S,dryland,15,0.1253870129585266,0.1061267703771591,0.1589060425758361,15,15,1.0,True,0.1339073963463306,1-s-dryland-trigo-blando,#D55E00
2025-09-11,1,Trigo blando,Cereal de invierno,Trigo blando,S,dryland,15,0.1308076977729797,0.1091553606092929,0.153256855905056,15,15,1.0,True,0.1356969326734542,1-s-dryland-trigo-blando,#D55E00
2025-09-23,1,Trigo blando,Cereal de invierno,Trigo blando,S,dryland,15,0.139815479516983,0.125063981860876,0.1697931215167045,15,15,1.0,True,0.139815479516983,1-s-dryland-trigo-blando,#D55E00
2025-09-26,1,Trigo blando,Cereal de invierno,Trigo blando,S,dryland,15,0.1461607962846756,0.1341371014714241,0.1751438751816749,15,15,1.0,True,0.1404155641794204,1-s-dryland-trigo-blando,#D55E00
2025-10-01,1,Trigo blando,Cereal de invierno,Trigo blando,S,dryland,15,0.1410156488418579,0.1259140148758888,0.1682021617889404,15,15,1.0,True,0.139815479516983,1-s-dryland-trigo-blando,#D55E00
2025-10-06,1,Trigo blando,Cereal de invierno,Trigo blando,S,dryland,15,0.1375930905342102,0.1241932585835456,0.160965621471405,15,15,1.0,True,0.1387042850255966,1-s-dryland-trigo-blando,#D55E00
2025-10-16,1,Trigo blando,Cereal de invierno,Trigo blando,S,dryland,10,0.1230194456875324,0.1106955111026763,0.1317315064370632,15,15,0.6666666666666666,True,0.1371977031230926,1-s-dryland-trigo-blando,#D55E00
2025-10-21,1,Trigo blando,Cereal de invierno,Trigo blando,S,dryland,15,0.1298457384109497,0.1109197922050952,0.1454970315098762,15,15,1.0,True,0.1335217207670211,1-s-dryland-trigo-blando,#D55E00
2025-10-23,1,Trigo blando,Cereal de invierno,Trigo blando,S,dryland,15,0.1371977031230926,0.1202085427939891,0.1561595648527145,15,15,1.0,True,0.1335217207670211,1-s-dryland-trigo-blando,#D55E00
2025-10-26,1,Trigo blando,Cereal de invierno,Trigo blando,S,dryland,15,0.1667984426021576,0.1358322277665138,0.1812692880630493,15,15,1.0,True,0.1335217207670211,1-s-dryland-trigo-blando,#D55E00
2024-09-11,4,Maíz,Cultivo de verano,Maíz,R,irrigated_non_pivot,34,0.8811511993408203,0.7785799205303192,0.8959403485059738,34,34,1.0,True,0.8781422972679138,4-r-irrigated-non-pivot-maiz,#E6AB02
2024-09-16,4,Maíz,Cultivo de verano,Maíz,R,irrigated_non_pivot,34,0.8751333951950073,0.7145525962114334,0.912104532122612,34,34,1.0,True,0.8781422972679138,4-r-irrigated-non-pivot-maiz,#E6AB02
2024-10-11,4,Maíz,Cultivo de verano,Maíz,R,irrigated_non_pivot,34,0.7952563762664795,0.4108215570449829,0.8973797857761383,34,34,1.0,True,0.7559835314750671,4-r-irrigated-non-pivot-maiz,#E6AB02
2024-10-21,4,Maíz,Cultivo de verano,Maíz,R,irrigated_non_pivot,34,0.7167106866836548,0.3347413390874862,0.8496306240558624,34,34,1.0,True,0.7167106866836548,4-r-irrigated-non-pivot-maiz,#E6AB02
2024-11-05,4,Maíz,Cultivo de verano,Maíz,R,irrigated_non_pivot,34,0.423114612698555,0.2358857430517673,0.6373004466295242,34,34,1.0,True,0.4329053089022636,4-r-irrigated-non-pivot-maiz,#E6AB02
2024-11-10,4,Maíz,Cultivo de verano,Maíz,R,irrigated_non_pivot,34,0.4426960051059723,0.2693438157439232,0.651726022362709,34,34,1.0,True,0.4329053089022636,4-r-irrigated-non-pivot-maiz,#E6AB02
2024-12-05,4,Maíz,Cultivo de verano,Maíz,R,irrigated_non_pivot,34,0.2953574955463409,0.2275724969804287,0.3855279013514519,34,34,1.0,True,0.304867260158062,4-r-irrigated-non-pivot-maiz,#E6AB02
2024-12-10,4,Maíz,Cultivo de verano,Maíz,R,irrigated_non_pivot,34,0.3209943920373916,0.234481606632471,0.3652676343917846,34,34,1.0,True,0.2953574955463409,4-r-irrigated-non-pivot-maiz,#E6AB02
2024-12-15,4,Maíz,Cultivo de verano,Maíz,R,irrigated_non_pivot,34,0.314377024769783,0.2386458404362201,0.337016336619854,34,34,1.0,True,0.2953574955463409,4-r-irrigated-non-pivot-maiz,#E6AB02
2024-12-20,4,Maíz,Cultivo de verano,Maíz,R,irrigated_non_pivot,34,0.2877157181501388,0.2262966334819793,0.3259279504418373,34,34,1.0,True,0.2877157181501388,4-r-irrigated-non-pivot-maiz,#E6AB02
2024-12-25,4,Maíz,Cultivo de verano,Maíz,R,irrigated_non_pivot,33,0.2381286919116974,0.201334148645401,0.2966974973678589,34,34,0.9705882352941176,True,0.2381286919116974,4-r-irrigated-non-pivot-maiz,#E6AB02
2025-01-04,4,Maíz,Cultivo de verano,Maíz,R,irrigated_non_pivot,34,0.2173100560903549,0.1965518034994602,0.2469485253095626,34,34,1.0,True,0.2247728034853935,4-r-irrigated-non-pivot-maiz,#E6AB02
2025-01-09,4,Maíz,Cultivo de verano,Maíz,R,irrigated_non_pivot,34,0.2226607650518417,0.1991998627781868,0.253300417214632,34,34,1.0,True,0.2199854105710983,4-r-irrigated-non-pivot-maiz,#E6AB02
2025-01-14,4,Maíz,Cultivo de verano,Maíz,R,irrigated_non_pivot,34,0.2268848419189453,0.2147084176540374,0.2503522709012031,34,34,1.0,True,0.2199854105710983,4-r-irrigated-non-pivot-maiz,#E6AB02
2025-01-24,4,Maíz,Cultivo de verano,Maíz,R,irrigated_non_pivot,33,0.1974304020404815,0.1896389126777649,0.2141400575637817,34,34,0.9705882352941176,True,0.2088288962841034,4-r-irrigated-non-pivot-maiz,#E6AB02
2025-02-03,4,Maíz,Cultivo de verano,Maíz,R,irrigated_non_pivot,34,0.2013668641448021,0.1870856471359729,0.2119264937937259,34,34,1.0,True,0.2015287429094314,4-r-irrigated-non-pivot-maiz,#E6AB02
2025-02-08,4,Maíz,Cultivo de verano,Maíz,R,irrigated_non_pivot,34,0.2162909284234047,0.1944497860968113,0.2314290925860405,34,34,1.0,True,0.2015287429094314,4-r-irrigated-non-pivot-maiz,#E6AB02
2025-02-13,4,Maíz,Cultivo de verano,Maíz,R,irrigated_non_pivot,34,0.2016906216740608,0.1847346350550651,0.210533294826746,34,34,1.0,True,0.2015287429094314,4-r-irrigated-non-pivot-maiz,#E6AB02
2025-02-23,4,Maíz,Cultivo de verano,Maíz,R,irrigated_non_pivot,34,0.1832997128367424,0.1645061336457729,0.1954185850918293,34,34,1.0,True,0.1839517205953598,4-r-irrigated-non-pivot-maiz,#E6AB02
2025-03-05,4,Maíz,Cultivo de verano,Maíz,R,irrigated_non_pivot,34,0.1723122671246528,0.1613051742315292,0.1846644654870033,34,34,1.0,True,0.1839517205953598,4-r-irrigated-non-pivot-maiz,#E6AB02
2025-03-10,4,Maíz,Cultivo de verano,Maíz,R,irrigated_non_pivot,18,0.1846037283539772,0.174208428710699,0.1901092305779457,34,34,0.5294117647058824,True,0.178457997739315,4-r-irrigated-non-pivot-maiz,#E6AB02
2025-03-15,4,Maíz,Cultivo de verano,Maíz,R,irrigated_non_pivot,34,0.18735983222723,0.1800731383264064,0.1933328099548816,34,34,1.0,True,0.1667617596685886,4-r-irrigated-non-pivot-maiz,#E6AB02
2025-03-25,4,Maíz,Cultivo de verano,Maíz,R,irrigated_non_pivot,23,0.1522280871868133,0.1478686183691024,0.1654667779803276,34,34,0.6764705882352942,True,0.1570113226771354,4-r-irrigated-non-pivot-maiz,#E6AB02
2025-03-27,4,Maíz,Cultivo de verano,Maíz,R,irrigated_non_pivot,31,0.1612112522125244,0.1468056812882423,0.1682262942194938,34,34,0.9117647058823528,True,0.1570113226771354,4-r-irrigated-non-pivot-maiz,#E6AB02
2025-03-30,4,Maíz,Cultivo de verano,Maíz,R,irrigated_non_pivot,34,0.1570113226771354,0.1443296149373054,0.1669577695429325,34,34,1.0,True,0.1546197049319744,4-r-irrigated-non-pivot-maiz,#E6AB02
2025-04-04,4,Maíz,Cultivo de verano,Maíz,R,irrigated_non_pivot,24,0.1899554580450058,0.1516865827143192,0.209858275949955,34,34,0.7058823529411765,True,0.1522280871868133,4-r-irrigated-non-pivot-maiz,#E6AB02
2025-04-06,4,Maíz,Cultivo de verano,Maíz,R,irrigated_non_pivot,34,0.1423359960317611,0.1339404284954071,0.1542476564645767,34,34,1.0,True,0.1522280871868133,4-r-irrigated-non-pivot-maiz,#E6AB02
2025-04-09,4,Maíz,Cultivo de verano,Maíz,R,irrigated_non_pivot,34,0.1449272483587265,0.1360872089862823,0.1613188758492469,34,34,1.0,True,0.1464930549263954,4-r-irrigated-non-pivot-maiz,#E6AB02
2025-04-16,4,Maíz,Cultivo de verano,Maíz,R,irrigated_non_pivot,34,0.1464930549263954,0.1363573782145977,0.1570863500237465,34,34,1.0,True,0.1423359960317611,4-r-irrigated-non-pivot-maiz,#E6AB02
2025-04-24,4,Maíz,Cultivo de verano,Maíz,R,irrigated_non_pivot,34,0.132267452776432,0.1241637915372848,0.1418618075549602,34,34,1.0,True,0.131979689002037,4-r-irrigated-non-pivot-maiz,#E6AB02
2025-04-26,4,Maíz,Cultivo de verano,Maíz,R,irrigated_non_pivot,34,0.1274442970752716,0.1141154188662767,0.1334117315709591,34,34,1.0,True,0.131979689002037,4-r-irrigated-non-pivot-maiz,#E6AB02
2025-04-29,4,Maíz,Cultivo de verano,Maíz,R,irrigated_non_pivot,17,0.1275010108947754,0.1145368218421936,0.1316934525966644,34,34,0.5,True,0.131979689002037,4-r-irrigated-non-pivot-maiz,#E6AB02
2025-05-04,4,Maíz,Cultivo de verano,Maíz,R,irrigated_non_pivot,31,0.1229557394981384,0.1127303391695022,0.1325514614582061,34,34,0.9117647058823528,True,0.131979689002037,4-r-irrigated-non-pivot-maiz,#E6AB02
2025-05-06,4,Maíz,Cultivo de verano,Maíz,R,irrigated_non_pivot,33,0.131979689002037,0.1258560419082641,0.1452543437480926,34,34,0.9705882352941176,True,0.131979689002037,4-r-irrigated-non-pivot-maiz,#E6AB02
2025-05-09,4,Maíz,Cultivo de verano,Maíz,R,irrigated_non_pivot,17,0.1716755330562591,0.1310546696186065,0.1801454871892929,34,34,0.5,True,0.131979689002037,4-r-irrigated-non-pivot-maiz,#E6AB02
2025-05-16,4,Maíz,Cultivo de verano,Maíz,R,irrigated_non_pivot,34,0.149862140417099,0.13793670758605,0.17259531468153,34,34,1.0,True,0.1465133726596832,4-r-irrigated-non-pivot-maiz,#E6AB02
2025-05-24,4,Maíz,Cultivo de verano,Maíz,R,irrigated_non_pivot,34,0.1465133726596832,0.1327935978770256,0.1755487844347953,34,34,1.0,True,0.1532556489109993,4-r-irrigated-non-pivot-maiz,#E6AB02
2025-05-26,4,Maíz,Cultivo de verano,Maíz,R,irrigated_non_pivot,26,0.1566491574048996,0.1301389411091804,0.2205733321607113,34,34,0.7647058823529411,True,0.1532556489109993,4-r-irrigated-non-pivot-maiz,#E6AB02
2025-05-29,4,Maíz,Cultivo de verano,Maíz,R,irrigated_non_pivot,34,0.1453869864344597,0.130851712077856,0.1950613707304,34,34,1.0,True,0.1566491574048996,4-r-irrigated-non-pivot-maiz,#E6AB02
2025-06-03,4,Maíz,Cultivo de verano,Maíz,R,irrigated_non_pivot,33,0.2156652510166168,0.1754164546728134,0.2896551489830017,34,34,0.9705882352941176,True,0.2156652510166168,4-r-irrigated-non-pivot-maiz,#E6AB02
2025-06-08,4,Maíz,Cultivo de verano,Maíz,R,irrigated_non_pivot,34,0.2912844121456146,0.2308346591889858,0.4066736847162246,34,34,1.0,True,0.2912844121456146,4-r-irrigated-non-pivot-maiz,#E6AB02
2025-06-13,4,Maíz,Cultivo de verano,Maíz,R,irrigated_non_pivot,34,0.5297553837299347,0.4068736433982849,0.691329225897789,34,34,1.0,True,0.6126171499490738,4-r-irrigated-non-pivot-maiz,#E6AB02
2025-06-18,4,Maíz,Cultivo de verano,Maíz,R,irrigated_non_pivot,34,0.6954789161682129,0.5901936292648315,0.8339890241622925,34,34,1.0,True,0.7518594712018967,4-r-irrigated-non-pivot-maiz,#E6AB02
2025-06-23,4,Maíz,Cultivo de verano,Maíz,R,irrigated_non_pivot,34,0.8082400262355804,0.7290351390838623,0.8839012533426285,34,34,1.0,True,0.8426815122365952,4-r-irrigated-non-pivot-maiz,#E6AB02
2025-06-28,4,Maíz,Cultivo de verano,Maíz,R,irrigated_non_pivot,34,0.8771229982376099,0.8435948342084885,0.8967641294002533,34,34,1.0,True,0.896646723151207,4-r-irrigated-non-pivot-maiz,#E6AB02
2025-07-03,4,Maíz,Cultivo de verano,Maíz,R,irrigated_non_pivot,34,0.9349665641784668,0.9178195893764496,0.9536639451980592,34,34,1.0,True,0.916170448064804,4-r-irrigated-non-pivot-maiz,#E6AB02
2025-07-08,4,Maíz,Cultivo de verano,Maíz,R,irrigated_non_pivot,34,0.916170448064804,0.8982062190771103,0.9251300543546676,34,34,1.0,True,0.920371189713478,4-r-irrigated-non-pivot-maiz,#E6AB02
2025-07-13,4,Maíz,Cultivo de verano,Maíz,R,irrigated_non_pivot,34,0.93961501121521,0.920342206954956,0.9548847675323486,34,34,1.0,True,0.916170448064804,4-r-irrigated-non-pivot-maiz,#E6AB02
2025-07-15,4,Maíz,Cultivo de verano,Maíz,R,irrigated_non_pivot,34,0.924571931362152,0.9034681767225266,0.9462192952632904,34,34,1.0,True,0.916170448064804,4-r-irrigated-non-pivot-maiz,#E6AB02
2025-07-18,4,Maíz,Cultivo de verano,Maíz,R,irrigated_non_pivot,34,0.9160779714584352,0.9017201960086824,0.9425480216741562,34,34,1.0,True,0.916170448064804,4-r-irrigated-non-pivot-maiz,#E6AB02
2025-07-25,4,Maíz,Cultivo de verano,Maíz,R,irrigated_non_pivot,33,0.8946639895439148,0.8830026388168335,0.9145651459693908,34,34,0.9705882352941176,True,0.9119626581668854,4-r-irrigated-non-pivot-maiz,#E6AB02
2025-07-28,4,Maíz,Cultivo de verano,Maíz,R,irrigated_non_pivot,34,0.9078473448753356,0.8890042006969452,0.9315623939037324,34,34,1.0,True,0.9012556672096252,4-r-irrigated-non-pivot-maiz,#E6AB02
2025-08-02,4,Maíz,Cultivo de verano,Maíz,R,irrigated_non_pivot,33,0.9332857728004456,0.90780508518219,0.9592995643615724,34,34,0.9705882352941176,True,0.8686959743499756,4-r-irrigated-non-pivot-maiz,#E6AB02
2025-08-04,4,Maíz,Cultivo de verano,Maíz,R,irrigated_non_pivot,21,0.8686959743499756,0.8596672415733337,0.882614254951477,34,34,0.6176470588235294,True,0.8686959743499756,4-r-irrigated-non-pivot-maiz,#E6AB02
2025-08-07,4,Maíz,Cultivo de verano,Maíz,R,irrigated_non_pivot,34,0.8629339635372162,0.8403120934963226,0.8908770978450775,34,34,1.0,True,0.8658149689435959,4-r-irrigated-non-pivot-maiz,#E6AB02
2025-08-12,4,Maíz,Cultivo de verano,Maíz,R,irrigated_non_pivot,34,0.8416074216365814,0.8036978095769882,0.8606115877628326,34,34,1.0,True,0.8379458338022232,4-r-irrigated-non-pivot-maiz,#E6AB02
2025-08-14,4,Maíz,Cultivo de verano,Maíz,R,irrigated_non_pivot,34,0.834284245967865,0.7989396899938583,0.8590936064720154,34,34,1.0,True,0.8379458338022232,4-r-irrigated-non-pivot-maiz,#E6AB02
2025-08-22,4,Maíz,Cultivo de verano,Maíz,R,irrigated_non_pivot,34,0.8095428645610809,0.7493376582860947,0.8499117344617844,34,34,1.0,True,0.7484785467386246,4-r-irrigated-non-pivot-maiz,#E6AB02
2025-08-24,4,Maíz,Cultivo de verano,Maíz,R,irrigated_non_pivot,34,0.7587345838546753,0.6892469376325607,0.7912045419216156,34,34,1.0,True,0.7484785467386246,4-r-irrigated-non-pivot-maiz,#E6AB02
2025-08-27,4,Maíz,Cultivo de verano,Maíz,R,irrigated_non_pivot,25,0.5328469276428223,0.4846003949642181,0.5561986565589905,34,34,0.7352941176470589,True,0.7319323420524597,4-r-irrigated-non-pivot-maiz,#E6AB02
2025-09-01,4,Maíz,Cultivo de verano,Maíz,R,irrigated_non_pivot,34,0.7382225096225739,0.5953449457883835,0.8380223661661148,34,34,1.0,True,0.7256421744823456,4-r-irrigated-non-pivot-maiz,#E6AB02
2025-09-03,4,Maíz,Cultivo de verano,Maíz,R,irrigated_non_pivot,34,0.7256421744823456,0.5623801499605179,0.8390134125947952,34,34,1.0,True,0.7256421744823456,4-r-irrigated-non-pivot-maiz,#E6AB02
2025-09-06,4,Maíz,Cultivo de verano,Maíz,R,irrigated_non_pivot,34,0.6835701763629913,0.4825826361775398,0.8158044666051865,34,34,1.0,True,0.7046061754226685,4-r-irrigated-non-pivot-maiz,#E6AB02
2025-09-11,4,Maíz,Cultivo de verano,Maíz,R,irrigated_non_pivot,34,0.5991563200950623,0.3579299822449684,0.7389236986637115,34,34,1.0,True,0.6413632482290268,4-r-irrigated-non-pivot-maiz,#E6AB02
2025-09-23,4,Maíz,Cultivo de verano,Maíz,R,irrigated_non_pivot,34,0.4891649037599563,0.3188311457633972,0.5410421788692474,34,34,1.0,True,0.4637006670236587,4-r-irrigated-non-pivot-maiz,#E6AB02
2025-09-26,4,Maíz,Cultivo de verano,Maíz,R,irrigated_non_pivot,34,0.4637006670236587,0.3240954875946045,0.5241251140832901,34,34,1.0,True,0.4379994422197342,4-r-irrigated-non-pivot-maiz,#E6AB02
2025-10-01,4,Maíz,Cultivo de verano,Maíz,R,irrigated_non_pivot,34,0.4122982174158096,0.291243314743042,0.4909687638282776,34,34,1.0,True,0.4379994422197342,4-r-irrigated-non-pivot-maiz,#E6AB02
2025-10-06,4,Maíz,Cultivo de verano,Maíz,R,irrigated_non_pivot,34,0.3902607709169388,0.3029453530907631,0.4366268143057823,34,34,1.0,True,0.4122982174158096,4-r-irrigated-non-pivot-maiz,#E6AB02
2025-10-21,4,Maíz,Cultivo de verano,Maíz,R,irrigated_non_pivot,34,0.2091319411993026,0.1855215430259704,0.3601786643266678,34,34,1.0,True,0.2148730829358101,4-r-irrigated-non-pivot-maiz,#E6AB02
2025-10-23,4,Maíz,Cultivo de verano,Maíz,R,irrigated_non_pivot,34,0.22208022326231,0.2016366794705391,0.3338376730680465,34,34,1.0,True,0.2148730829358101,4-r-irrigated-non-pivot-maiz,#E6AB02
2025-10-26,4,Maíz,Cultivo de verano,Maíz,R,irrigated_non_pivot,34,0.2148730829358101,0.1988165490329265,0.2413724139332771,34,34,1.0,True,0.2148730829358101,4-r-irrigated-non-pivot-maiz,#E6AB02
2024-09-11,4,Maíz,Cultivo de verano,Maíz,R,pivot,5,0.8985333442687988,0.880362868309021,0.9029431343078612,6,5,1.0,True,0.9117929935455322,4-r-pivot-maiz,#FB9A99
2024-09-16,4,Maíz,Cultivo de verano,Maíz,R,pivot,5,0.9250526428222656,0.9032026529312134,0.9265846014022828,6,5,1.0,True,0.9117929935455322,4-r-pivot-maiz,#FB9A99
2024-10-11,4,Maíz,Cultivo de verano,Maíz,R,pivot,5,0.8576196432113647,0.8173422813415527,0.860791802406311,6,5,1.0,True,0.8118034899234772,4-r-pivot-maiz,#FB9A99
2024-10-21,4,Maíz,Cultivo de verano,Maíz,R,pivot,5,0.7659873366355896,0.7142406105995178,0.7690150737762451,6,5,1.0,True,0.7659873366355896,4-r-pivot-maiz,#FB9A99
2024-11-05,4,Maíz,Cultivo de verano,Maíz,R,pivot,5,0.4605937600135803,0.4461817741394043,0.4951545596122741,6,5,1.0,True,0.4717938601970672,4-r-pivot-maiz,#FB9A99
2024-11-10,4,Maíz,Cultivo de verano,Maíz,R,pivot,5,0.4829939603805542,0.4296103715896606,0.4921630024909973,6,5,1.0,True,0.4717938601970672,4-r-pivot-maiz,#FB9A99
2024-12-05,4,Maíz,Cultivo de verano,Maíz,R,pivot,5,0.3130841255187988,0.2974202632904053,0.3243243098258972,6,5,1.0,True,0.3120444566011429,4-r-pivot-maiz,#FB9A99
2024-12-10,4,Maíz,Cultivo de verano,Maíz,R,pivot,5,0.3269780576229095,0.3127560019493103,0.3413809537887573,6,5,1.0,True,0.3110047876834869,4-r-pivot-maiz,#FB9A99
2024-12-15,4,Maíz,Cultivo de verano,Maíz,R,pivot,5,0.3110047876834869,0.2987061738967895,0.3256164789199829,6,5,1.0,True,0.3110047876834869,4-r-pivot-maiz,#FB9A99
2024-12-20,4,Maíz,Cultivo de verano,Maíz,R,pivot,5,0.3026509284973144,0.2925097644329071,0.3150926828384399,6,5,1.0,True,0.3026509284973144,4-r-pivot-maiz,#FB9A99
2024-12-25,4,Maíz,Cultivo de verano,Maíz,R,pivot,5,0.2444082796573639,0.2440476417541504,0.2909441292285919,6,5,1.0,True,0.2444082796573639,4-r-pivot-maiz,#FB9A99
2025-01-04,4,Maíz,Cultivo de verano,Maíz,R,pivot,5,0.2083764523267746,0.2005085498094558,0.2210672199726104,6,5,1.0,True,0.2221548408269882,4-r-pivot-maiz,#FB9A99
2025-01-09,4,Maíz,Cultivo de verano,Maíz,R,pivot,5,0.2097933739423751,0.2048501074314117,0.2262644171714782,6,5,1.0,True,0.2090849131345749,4-r-pivot-maiz,#FB9A99
2025-01-14,4,Maíz,Cultivo de verano,Maíz,R,pivot,5,0.2345163077116012,0.2334327399730682,0.2418358325958252,6,5,1.0,True,0.2090849131345749,4-r-pivot-maiz,#FB9A99
2025-01-24,4,Maíz,Cultivo de verano,Maíz,R,pivot,5,0.2003278583288192,0.1967644095420837,0.2006868869066238,6,5,1.0,True,0.2119161076843738,4-r-pivot-maiz,#FB9A99
2025-02-03,4,Maíz,Cultivo de verano,Maíz,R,pivot,5,0.2045267075300216,0.2029580920934677,0.2061688154935836,6,5,1.0,True,0.2055726274847984,4-r-pivot-maiz,#FB9A99
2025-02-08,4,Maíz,Cultivo de verano,Maíz,R,pivot,5,0.219305507838726,0.2181875258684158,0.2335896790027618,6,5,1.0,True,0.2062189877033233,4-r-pivot-maiz,#FB9A99
2025-02-13,4,Maíz,Cultivo de verano,Maíz,R,pivot,5,0.2066185474395752,0.2026140689849853,0.2099827826023101,6,5,1.0,True,0.2062189877033233,4-r-pivot-maiz,#FB9A99
2025-02-23,4,Maíz,Cultivo de verano,Maíz,R,pivot,5,0.2058194279670715,0.1954263746738433,0.2299954146146774,6,5,1.0,True,0.1975582093000412,4-r-pivot-maiz,#FB9A99
2025-03-05,4,Maíz,Cultivo de verano,Maíz,R,pivot,5,0.1830696761608123,0.1789168268442154,0.1881945133209228,6,5,1.0,True,0.1888883709907531,4-r-pivot-maiz,#FB9A99
2025-03-10,4,Maíz,Cultivo de verano,Maíz,R,pivot,5,0.1892969906330108,0.1841965913772583,0.1895070523023605,6,5,1.0,True,0.1830696761608123,4-r-pivot-maiz,#FB9A99
2025-03-15,4,Maíz,Cultivo de verano,Maíz,R,pivot,5,0.1888883709907531,0.1884816735982895,0.1929046213626861,6,5,1.0,True,0.1674221381545066,4-r-pivot-maiz,#FB9A99
2025-03-17,4,Maíz,Cultivo de verano,Maíz,R,pivot,3,0.0580952614545822,0.048229232430458,0.0658543743193149,6,5,0.6,True,0.1674221381545066,4-r-pivot-maiz,#FB9A99
2025-03-25,4,Maíz,Cultivo de verano,Maíz,R,pivot,4,0.1514716260135173,0.1498308796435594,0.1574229039251804,6,5,0.8,True,0.1514716260135173,4-r-pivot-maiz,#FB9A99
2025-03-30,4,Maíz,Cultivo de verano,Maíz,R,pivot,5,0.151774600148201,0.1454219073057174,0.1525685638189315,6,5,1.0,True,0.1455188598483801,4-r-pivot-maiz,#FB9A99
2025-04-04,4,Maíz,Cultivo de verano,Maíz,R,pivot,3,0.1763134449720382,0.1734562292695045,0.2104432731866836,6,5,0.6,True,0.1511863600462675,4-r-pivot-maiz,#FB9A99
2025-04-06,4,Maíz,Cultivo de verano,Maíz,R,pivot,5,0.1369183659553527,0.1279887706041336,0.1427833586931228,6,5,1.0,True,0.1511863600462675,4-r-pivot-maiz,#FB9A99
2025-04-09,4,Maíz,Cultivo de verano,Maíz,R,pivot,5,0.1395660936832428,0.1354397684335708,0.1566213220357895,6,5,1.0,True,0.1452335938811302,4-r-pivot-maiz,#FB9A99
2025-04-16,4,Maíz,Cultivo de verano,Maíz,R,pivot,5,0.1509010940790176,0.1458515226840973,0.1509896218776703,6,5,1.0,True,0.1369183659553527,4-r-pivot-maiz,#FB9A99
2025-04-24,4,Maíz,Cultivo de verano,Maíz,R,pivot,5,0.1321928799152374,0.1306949518620968,0.140643835067749,6,5,1.0,True,0.1300094276666641,4-r-pivot-maiz,#FB9A99
2025-04-26,4,Maíz,Cultivo de verano,Maíz,R,pivot,5,0.1300094276666641,0.1266532838344574,0.1344716548919677,6,5,1.0,True,0.1300094276666641,4-r-pivot-maiz,#FB9A99
2025-04-29,4,Maíz,Cultivo de verano,Maíz,R,pivot,3,0.1284848153591156,0.1267249807715416,0.1302460357546806,6,5,0.6,True,0.1300094276666641,4-r-pivot-maiz,#FB9A99
2025-05-04,4,Maíz,Cultivo de verano,Maíz,R,pivot,4,0.1217219270765781,0.1130774654448032,0.1408282276242971,6,5,0.8,True,0.1300094276666641,4-r-pivot-maiz,#FB9A99
2025-05-06,4,Maíz,Cultivo de verano,Maíz,R,pivot,5,0.1298153102397918,0.1232916414737701,0.1313835382461547,6,5,1.0,True,0.1300094276666641,4-r-pivot-maiz,#FB9A99
2025-05-09,4,Maíz,Cultivo de verano,Maíz,R,pivot,5,0.1571826636791229,0.152101382613182,0.1587026119232177,6,5,1.0,True,0.1300094276666641,4-r-pivot-maiz,#FB9A99
2025-05-16,4,Maíz,Cultivo de verano,Maíz,R,pivot,5,0.1506542563438415,0.1442785859107971,0.1508916169404983,6,5,1.0,True,0.1466550976037979,4-r-pivot-maiz,#FB9A99
2025-05-24,4,Maíz,Cultivo de verano,Maíz,R,pivot,5,0.1677635014057159,0.1529790461063385,0.1753351092338562,6,5,1.0,True,0.1592088788747787,4-r-pivot-maiz,#FB9A99
2025-05-26,4,Maíz,Cultivo de verano,Maíz,R,pivot,4,0.1192420646548271,0.1124570798128843,0.1273290356621146,6,5,0.8,True,0.1592088788747787,4-r-pivot-maiz,#FB9A99
2025-05-29,4,Maíz,Cultivo de verano,Maíz,R,pivot,5,0.1466550976037979,0.1436329036951065,0.151956632733345,6,5,1.0,True,0.1677635014057159,4-r-pivot-maiz,#FB9A99
2025-06-03,4,Maíz,Cultivo de verano,Maíz,R,pivot,5,0.2004595100879669,0.1988707482814788,0.2169567495584488,6,5,1.0,True,0.2004595100879669,4-r-pivot-maiz,#FB9A99
2025-06-08,4,Maíz,Cultivo de verano,Maíz,R,pivot,5,0.2908529639244079,0.2736063003540039,0.2936838865280151,6,5,1.0,True,0.2908529639244079,4-r-pivot-maiz,#FB9A99
2025-06-13,4,Maíz,Cultivo de verano,Maíz,R,pivot,5,0.4967136681079864,0.488710880279541,0.5053380727767944,6,5,1.0,True,0.5659541487693787,4-r-pivot-maiz,#FB9A99
2025-06-18,4,Maíz,Cultivo de verano,Maíz,R,pivot,5,0.5659541487693787,0.5537210702896118,0.5743298530578613,6,5,1.0,True,0.6155310273170471,4-r-pivot-maiz,#FB9A99
2025-06-23,4,Maíz,Cultivo de verano,Maíz,R,pivot,5,0.6155310273170471,0.6083081960678101,0.6576060056686401,6,5,1.0,True,0.753905713558197,4-r-pivot-maiz,#FB9A99
2025-06-25,4,Maíz,Cultivo de verano,Maíz,R,pivot,5,0.753905713558197,0.7486724853515625,0.7553275227546692,6,5,1.0,True,0.753905713558197,4-r-pivot-maiz,#FB9A99
2025-06-28,4,Maíz,Cultivo de verano,Maíz,R,pivot,5,0.7736386656761169,0.7728304266929626,0.7770820260047913,6,5,1.0,True,0.7736386656761169,4-r-pivot-maiz,#FB9A99
2025-07-03,4,Maíz,Cultivo de verano,Maíz,R,pivot,4,0.8838188052177429,0.8582457154989243,0.906022533774376,6,5,0.8,True,0.8878785669803619,4-r-pivot-maiz,#FB9A99
2025-07-08,4,Maíz,Cultivo de verano,Maíz,R,pivot,5,0.891938328742981,0.8612891435623169,0.9046733379364014,6,5,1.0,True,0.891938328742981,4-r-pivot-maiz,#FB9A99
2025-07-13,4,Maíz,Cultivo de verano,Maíz,R,pivot,5,0.932599663734436,0.913764476776123,0.9432777762413024,6,5,1.0,True,0.913416862487793,4-r-pivot-maiz,#FB9A99
2025-07-15,4,Maíz,Cultivo de verano,Maíz,R,pivot,5,0.913416862487793,0.8827908039093018,0.921585500240326,6,5,1.0,True,0.913416862487793,4-r-pivot-maiz,#FB9A99
2025-07-18,4,Maíz,Cultivo de verano,Maíz,R,pivot,5,0.9215729832649232,0.8689028024673462,0.9235063195228576,6,5,1.0,True,0.9212905168533324,4-r-pivot-maiz,#FB9A99
2025-07-25,4,Maíz,Cultivo de verano,Maíz,R,pivot,5,0.8838409185409546,0.821062445640564,0.9092081785202026,6,5,1.0,True,0.9173536896705629,4-r-pivot-maiz,#FB9A99
2025-07-28,4,Maíz,Cultivo de verano,Maíz,R,pivot,5,0.9212905168533324,0.8882119655609131,0.9250218272209167,6,5,1.0,True,0.8995656669139862,4-r-pivot-maiz,#FB9A99
2025-08-02,4,Maíz,Cultivo de verano,Maíz,R,pivot,5,0.9601969122886658,0.9102821946144104,0.9634174108505248,6,5,1.0,True,0.8838409185409546,4-r-pivot-maiz,#FB9A99
2025-08-04,4,Maíz,Cultivo de verano,Maíz,R,pivot,5,0.8769962787628174,0.8577038645744324,0.8796316981315613,6,5,1.0,True,0.8838409185409546,4-r-pivot-maiz,#FB9A99
2025-08-07,4,Maíz,Cultivo de verano,Maíz,R,pivot,5,0.8857144713401794,0.8383698463439941,0.887600302696228,6,5,1.0,True,0.880418598651886,4-r-pivot-maiz,#FB9A99
2025-08-12,4,Maíz,Cultivo de verano,Maíz,R,pivot,5,0.8652222752571106,0.8202911019325256,0.8722627758979797,6,5,1.0,True,0.8627349734306335,4-r-pivot-maiz,#FB9A99
2025-08-14,4,Maíz,Cultivo de verano,Maíz,R,pivot,5,0.8602476716041565,0.8063102960586548,0.8606345653533936,6,5,1.0,True,0.8627349734306335,4-r-pivot-maiz,#FB9A99
2025-08-22,4,Maíz,Cultivo de verano,Maíz,R,pivot,5,0.8376119136810303,0.8117009401321411,0.8667221963405609,6,5,1.0,True,0.8073364645242691,4-r-pivot-maiz,#FB9A99
2025-08-24,4,Maíz,Cultivo de verano,Maíz,R,pivot,5,0.7774686813354492,0.764421284198761,0.812742292881012,6,5,1.0,True,0.8073364645242691,4-r-pivot-maiz,#FB9A99
2025-08-27,4,Maíz,Cultivo de verano,Maíz,R,pivot,5,0.5303921699523926,0.52800452709198,0.5427902340888977,6,5,1.0,True,0.7922859340906143,4-r-pivot-maiz,#FB9A99
2025-09-01,4,Maíz,Cultivo de verano,Maíz,R,pivot,5,0.8075697422027588,0.7831448912620544,0.8117382228374481,6,5,1.0,True,0.7774686813354492,4-r-pivot-maiz,#FB9A99
2025-09-03,4,Maíz,Cultivo de verano,Maíz,R,pivot,5,0.8071031868457794,0.787793755531311,0.819566547870636,6,5,1.0,True,0.7774686813354492,4-r-pivot-maiz,#FB9A99
2025-09-06,4,Maíz,Cultivo de verano,Maíz,R,pivot,5,0.7613604962825775,0.7432217597961426,0.7641692757606506,6,5,1.0,True,0.7694145888090134,4-r-pivot-maiz,#FB9A99
2025-09-11,4,Maíz,Cultivo de verano,Maíz,R,pivot,5,0.6636871099472046,0.6590254902839661,0.6832956075668335,6,5,1.0,True,0.712523803114891,4-r-pivot-maiz,#FB9A99
2025-09-23,4,Maíz,Cultivo de verano,Maíz,R,pivot,5,0.5475834608078003,0.4342801123857498,0.5621340870857239,6,5,1.0,True,0.5296697616577148,4-r-pivot-maiz,#FB9A99
2025-09-26,4,Maíz,Cultivo de verano,Maíz,R,pivot,5,0.5296697616577148,0.4152570068836212,0.5329861640930176,6,5,1.0,True,0.4928505718708038,4-r-pivot-maiz,#FB9A99
2025-10-01,4,Maíz,Cultivo de verano,Maíz,R,pivot,5,0.4560313820838928,0.3681274950504303,0.4950980544090271,6,5,1.0,True,0.4560313820838928,4-r-pivot-maiz,#FB9A99
2025-10-06,4,Maíz,Cultivo de verano,Maíz,R,pivot,5,0.4066050350666046,0.3474320471286773,0.4444388747215271,6,5,1.0,True,0.4313182085752487,4-r-pivot-maiz,#FB9A99
2025-10-16,4,Maíz,Cultivo de verano,Maíz,R,pivot,3,0.2994510233402252,0.2725566178560257,0.3405292779207229,6,5,0.6,True,0.2799303531646728,4-r-pivot-maiz,#FB9A99
2025-10-21,4,Maíz,Cultivo de verano,Maíz,R,pivot,5,0.2799303531646728,0.2238960564136505,0.3053534924983978,6,5,1.0,True,0.2550280690193176,4-r-pivot-maiz,#FB9A99
2025-10-23,4,Maíz,Cultivo de verano,Maíz,R,pivot,5,0.2301257848739624,0.2273555025458336,0.2323954105377197,6,5,1.0,True,0.2550280690193176,4-r-pivot-maiz,#FB9A99
2025-10-26,4,Maíz,Cultivo de verano,Maíz,R,pivot,5,0.2153900265693664,0.2130369842052459,0.2186628431081771,6,5,1.0,True,0.2550280690193176,4-r-pivot-maiz,#FB9A99
2024-09-11,5,Cebada,Cereal de invierno,Cebada,R,irrigated_non_pivot,3,0.6224188208580017,0.6181313097476959,0.6225125193595886,3,3,1.0,True,0.5814063847064972,5-r-irrigated-non-pivot-cebada,#1B9E77
2024-09-16,5,Cebada,Cereal de invierno,Cebada,R,irrigated_non_pivot,3,0.5403939485549927,0.5394937098026276,0.5459776520729065,3,3,1.0,True,0.5814063847064972,5-r-irrigated-non-pivot-cebada,#1B9E77
2024-10-11,5,Cebada,Cereal de invierno,Cebada,R,irrigated_non_pivot,3,0.3457400798797607,0.3024352788925171,0.3540860414505005,3,3,1.0,True,0.3240183889865875,5-r-irrigated-non-pivot-cebada,#1B9E77
2024-10-21,5,Cebada,Cereal de invierno,Cebada,R,irrigated_non_pivot,3,0.3022966980934143,0.2585329785943031,0.3137381374835968,3,3,1.0,True,0.3022966980934143,5-r-irrigated-non-pivot-cebada,#1B9E77
2024-11-05,5,Cebada,Cereal de invierno,Cebada,R,irrigated_non_pivot,3,0.220414400100708,0.2051278352737426,0.233492225408554,3,3,1.0,True,0.2221104800701141,5-r-irrigated-non-pivot-cebada,#1B9E77
2024-11-10,5,Cebada,Cereal de invierno,Cebada,R,irrigated_non_pivot,3,0.2238065600395202,0.2100786194205284,0.2259823679924011,3,3,1.0,True,0.2221104800701141,5-r-irrigated-non-pivot-cebada,#1B9E77
2024-12-05,5,Cebada,Cereal de invierno,Cebada,R,irrigated_non_pivot,3,0.2016840577125549,0.1935889944434166,0.2093805819749832,3,3,1.0,True,0.208323173224926,5-r-irrigated-non-pivot-cebada,#1B9E77
2024-12-10,5,Cebada,Cereal de invierno,Cebada,R,irrigated_non_pivot,3,0.199143499135971,0.1955486238002777,0.2067759931087494,3,3,1.0,True,0.2016840577125549,5-r-irrigated-non-pivot-cebada,#1B9E77
2024-12-15,5,Cebada,Cereal de invierno,Cebada,R,irrigated_non_pivot,3,0.2236596643924713,0.2199489027261734,0.2300823032855987,3,3,1.0,True,0.2016840577125549,5-r-irrigated-non-pivot-cebada,#1B9E77
2024-12-20,5,Cebada,Cereal de invierno,Cebada,R,irrigated_non_pivot,3,0.214962288737297,0.2114624977111816,0.2218638136982917,3,3,1.0,True,0.199143499135971,5-r-irrigated-non-pivot-cebada,#1B9E77
2024-12-25,5,Cebada,Cereal de invierno,Cebada,R,irrigated_non_pivot,3,0.1826283931732177,0.1814554408192634,0.1830285489559173,3,3,1.0,True,0.2110139429569244,5-r-irrigated-non-pivot-cebada,#1B9E77
2025-01-04,5,Cebada,Cereal de invierno,Cebada,R,irrigated_non_pivot,3,0.1761907041072845,0.1749467924237251,0.1764649152755737,3,3,1.0,True,0.1803295016288757,5-r-irrigated-non-pivot-cebada,#1B9E77
2025-01-09,5,Cebada,Cereal de invierno,Cebada,R,irrigated_non_pivot,3,0.2110139429569244,0.2104824781417846,0.2146196961402893,3,3,1.0,True,0.1771106570959091,5-r-irrigated-non-pivot-cebada,#1B9E77
2025-01-14,5,Cebada,Cereal de invierno,Cebada,R,irrigated_non_pivot,3,0.1780306100845337,0.176089696586132,0.1803309097886085,3,3,1.0,True,0.1771106570959091,5-r-irrigated-non-pivot-cebada,#1B9E77
2025-01-24,5,Cebada,Cereal de invierno,Cebada,R,irrigated_non_pivot,3,0.1536095440387725,0.1513730585575103,0.1540975868701934,3,3,1.0,True,0.170302152633667,5-r-irrigated-non-pivot-cebada,#1B9E77
2025-02-03,5,Cebada,Cereal de invierno,Cebada,R,irrigated_non_pivot,3,0.1625736951828003,0.1596403792500496,0.1626793444156646,3,3,1.0,True,0.2025572657585144,5-r-irrigated-non-pivot-cebada,#1B9E77
2025-02-08,5,Cebada,Cereal de invierno,Cebada,R,irrigated_non_pivot,3,0.2429584562778473,0.2403316870331764,0.2471236288547516,3,3,1.0,True,0.2427496463060379,5-r-irrigated-non-pivot-cebada,#1B9E77
2025-02-13,5,Cebada,Cereal de invierno,Cebada,R,irrigated_non_pivot,3,0.2425408363342285,0.240894503891468,0.2542632818222046,3,3,1.0,True,0.2427496463060379,5-r-irrigated-non-pivot-cebada,#1B9E77
2025-02-23,5,Cebada,Cereal de invierno,Cebada,R,irrigated_non_pivot,3,0.3007596135139465,0.2921583205461502,0.3115705549716949,3,3,1.0,True,0.3007596135139465,5-r-irrigated-non-pivot-cebada,#1B9E77
2025-03-05,5,Cebada,Cereal de invierno,Cebada,R,irrigated_non_pivot,3,0.4665750563144684,0.4586682617664337,0.487134501338005,3,3,1.0,True,0.4665750563144684,5-r-irrigated-non-pivot-cebada,#1B9E77
2025-03-15,5,Cebada,Cereal de invierno,Cebada,R,irrigated_non_pivot,3,0.7343060970306396,0.7215486466884613,0.7544981241226196,3,3,1.0,True,0.7518898248672485,5-r-irrigated-non-pivot-cebada,#1B9E77
2025-03-25,5,Cebada,Cereal de invierno,Cebada,R,irrigated_non_pivot,3,0.8105735778808594,0.8092700242996216,0.8114862442016602,3,3,1.0,True,0.827761322259903,5-r-irrigated-non-pivot-cebada,#1B9E77
2025-03-27,5,Cebada,Cereal de invierno,Cebada,R,irrigated_non_pivot,3,0.7518898248672485,0.7231757640838623,0.767164796590805,3,3,1.0,True,0.827761322259903,5-r-irrigated-non-pivot-cebada,#1B9E77
2025-03-30,5,Cebada,Cereal de invierno,Cebada,R,irrigated_non_pivot,3,0.8449490666389465,0.8430504500865936,0.8466567099094391,3,3,1.0,True,0.8449490666389465,5-r-irrigated-non-pivot-cebada,#1B9E77
2025-04-06,5,Cebada,Cereal de invierno,Cebada,R,irrigated_non_pivot,3,0.8949636220932007,0.8831271529197693,0.8986218571662903,3,3,1.0,True,0.8651904761791229,5-r-irrigated-non-pivot-cebada,#1B9E77
2025-04-09,5,Cebada,Cereal de invierno,Cebada,R,irrigated_non_pivot,3,0.8854318857192993,0.8738571405410767,0.8873440325260162,3,3,1.0,True,0.8831273019313812,5-r-irrigated-non-pivot-cebada,#1B9E77
2025-04-16,5,Cebada,Cereal de invierno,Cebada,R,irrigated_non_pivot,3,0.9223008155822754,0.911581128835678,0.925871968269348,3,3,1.0,True,0.8854318857192993,5-r-irrigated-non-pivot-cebada,#1B9E77
2025-04-24,5,Cebada,Cereal de invierno,Cebada,R,irrigated_non_pivot,3,0.8808227181434631,0.863572746515274,0.883117139339447,3,3,1.0,True,0.8809137046337128,5-r-irrigated-non-pivot-cebada,#1B9E77
2025-04-26,5,Cebada,Cereal de invierno,Cebada,R,irrigated_non_pivot,3,0.8810046911239624,0.8662277162075043,0.8810963928699493,3,3,1.0,True,0.8809137046337128,5-r-irrigated-non-pivot-cebada,#1B9E77
2025-05-06,5,Cebada,Cereal de invierno,Cebada,R,irrigated_non_pivot,3,0.8355965614318848,0.8107160031795502,0.8356090784072876,3,3,1.0,True,0.858209639787674,5-r-irrigated-non-pivot-cebada,#1B9E77
2025-05-16,5,Cebada,Cereal de invierno,Cebada,R,irrigated_non_pivot,3,0.8145659565925598,0.7885981500148773,0.8175136148929596,3,3,1.0,True,0.7314906120300293,5-r-irrigated-non-pivot-cebada,#1B9E77
2025-05-24,5,Cebada,Cereal de invierno,Cebada,R,irrigated_non_pivot,3,0.7314906120300293,0.6862066984176636,0.7357373833656311,3,3,1.0,True,0.6123336553573608,5-r-irrigated-non-pivot-cebada,#1B9E77
2025-05-26,5,Cebada,Cereal de invierno,Cebada,R,irrigated_non_pivot,3,0.6884058117866516,0.6196771562099457,0.6931978166103363,3,3,1.0,True,0.6123336553573608,5-r-irrigated-non-pivot-cebada,#1B9E77
2025-05-29,5,Cebada,Cereal de invierno,Cebada,R,irrigated_non_pivot,3,0.5362614989280701,0.4863406717777252,0.5428784191608429,3,3,1.0,True,0.5362614989280701,5-r-irrigated-non-pivot-cebada,#1B9E77
2025-06-03,5,Cebada,Cereal de invierno,Cebada,R,irrigated_non_pivot,3,0.3333333134651184,0.3108653128147125,0.3350729793310165,3,3,1.0,True,0.3333333134651184,5-r-irrigated-non-pivot-cebada,#1B9E77
2025-06-08,5,Cebada,Cereal de invierno,Cebada,R,irrigated_non_pivot,3,0.2253784090280532,0.2227411195635795,0.2258254140615463,3,3,1.0,True,0.2620167434215545,5-r-irrigated-non-pivot-cebada,#1B9E77
2025-06-13,5,Cebada,Cereal de invierno,Cebada,R,irrigated_non_pivot,3,0.2321674227714538,0.2319685146212577,0.2349188327789306,3,3,1.0,True,0.2466823160648346,5-r-irrigated-non-pivot-cebada,#1B9E77
2025-06-18,5,Cebada,Cereal de invierno,Cebada,R,irrigated_non_pivot,3,0.2620167434215545,0.2588709741830826,0.2631625086069107,3,3,1.0,True,0.2287729158997535,5-r-irrigated-non-pivot-cebada,#1B9E77
2025-06-23,5,Cebada,Cereal de invierno,Cebada,R,irrigated_non_pivot,3,0.2611972093582153,0.2546004205942154,0.2654791921377182,3,3,1.0,True,0.1909401714801788,5-r-irrigated-non-pivot-cebada,#1B9E77
2025-06-28,5,Cebada,Cereal de invierno,Cebada,R,irrigated_non_pivot,3,0.1909401714801788,0.1883352994918823,0.1946650892496109,3,3,1.0,True,0.1799452602863311,5-r-irrigated-non-pivot-cebada,#1B9E77
2025-07-03,5,Cebada,Cereal de invierno,Cebada,R,irrigated_non_pivot,3,0.1572249829769134,0.1519122198224067,0.1653819233179092,3,3,1.0,True,0.1733863800764084,5-r-irrigated-non-pivot-cebada,#1B9E77
2025-07-05,5,Cebada,Cereal de invierno,Cebada,R,irrigated_non_pivot,3,0.1482323706150055,0.1435814276337623,0.1569568365812301,3,3,1.0,True,0.1733863800764084,5-r-irrigated-non-pivot-cebada,#1B9E77
2025-07-08,5,Cebada,Cereal de invierno,Cebada,R,irrigated_non_pivot,3,0.1799452602863311,0.175218291580677,0.1897899955511093,3,3,1.0,True,0.1668274998664856,5-r-irrigated-non-pivot-cebada,#1B9E77
2025-07-13,5,Cebada,Cereal de invierno,Cebada,R,irrigated_non_pivot,3,0.1668274998664856,0.1575890928506851,0.1893337219953537,3,3,1.0,True,0.1733863800764084,5-r-irrigated-non-pivot-cebada,#1B9E77
2025-07-15,5,Cebada,Cereal de invierno,Cebada,R,irrigated_non_pivot,3,0.1653210520744323,0.1542928591370582,0.1906127706170082,3,3,1.0,True,0.1733863800764084,5-r-irrigated-non-pivot-cebada,#1B9E77
2025-07-18,5,Cebada,Cereal de invierno,Cebada,R,irrigated_non_pivot,3,0.1859544217586517,0.171321153640747,0.2094282954931259,3,3,1.0,True,0.1829498410224914,5-r-irrigated-non-pivot-cebada,#1B9E77
2025-07-25,5,Cebada,Cereal de invierno,Cebada,R,irrigated_non_pivot,3,0.2033906280994415,0.1848248913884163,0.235846534371376,3,3,1.0,True,0.2064480185508728,5-r-irrigated-non-pivot-cebada,#1B9E77
2025-07-28,5,Cebada,Cereal de invierno,Cebada,R,irrigated_non_pivot,3,0.209505409002304,0.1899488493800163,0.2382085174322128,3,3,1.0,True,0.2064480185508728,5-r-irrigated-non-pivot-cebada,#1B9E77
2025-08-02,5,Cebada,Cereal de invierno,Cebada,R,irrigated_non_pivot,3,0.2211973071098327,0.1981790140271186,0.2496314346790313,3,3,1.0,True,0.209505409002304,5-r-irrigated-non-pivot-cebada,#1B9E77
2025-08-04,5,Cebada,Cereal de invierno,Cebada,R,irrigated_non_pivot,3,0.2355434596538543,0.212955392897129,0.2574478834867477,3,3,1.0,True,0.209505409002304,5-r-irrigated-non-pivot-cebada,#1B9E77
2025-08-07,5,Cebada,Cereal de invierno,Cebada,R,irrigated_non_pivot,3,0.2402146309614181,0.2150279507040977,0.2536033317446708,3,3,1.0,True,0.2064480185508728,5-r-irrigated-non-pivot-cebada,#1B9E77
2025-08-12,5,Cebada,Cereal de invierno,Cebada,R,irrigated_non_pivot,3,0.1801802068948745,0.1720378249883651,0.1804429292678833,3,3,1.0,True,0.1980819702148437,5-r-irrigated-non-pivot-cebada,#1B9E77
2025-08-14,5,Cebada,Cereal de invierno,Cebada,R,irrigated_non_pivot,3,0.1754229813814163,0.1715815141797065,0.1765400990843773,3,3,1.0,True,0.1980819702148437,5-r-irrigated-non-pivot-cebada,#1B9E77
2025-08-22,5,Cebada,Cereal de invierno,Cebada,R,irrigated_non_pivot,3,0.1777244806289672,0.1764192283153534,0.1894681304693222,3,3,1.0,True,0.180253803730011,5-r-irrigated-non-pivot-cebada,#1B9E77
2025-08-24,5,Cebada,Cereal de invierno,Cebada,R,irrigated_non_pivot,3,0.1803274005651474,0.1780286282300949,0.1895483061671257,3,3,1.0,True,0.180253803730011,5-r-irrigated-non-pivot-cebada,#1B9E77
2025-08-27,5,Cebada,Cereal de invierno,Cebada,R,irrigated_non_pivot,3,0.2158365398645401,0.2090777233242988,0.22395770996809,3,3,1.0,True,0.1818592026829719,5-r-irrigated-non-pivot-cebada,#1B9E77
2025-09-01,5,Cebada,Cereal de invierno,Cebada,R,irrigated_non_pivot,3,0.1899886429309845,0.1893198266625404,0.2063535675406456,3,3,1.0,True,0.1833910048007965,5-r-irrigated-non-pivot-cebada,#1B9E77
2025-09-03,5,Cebada,Cereal de invierno,Cebada,R,irrigated_non_pivot,3,0.1833910048007965,0.181544654071331,0.1990085020661354,3,3,1.0,True,0.1833910048007965,5-r-irrigated-non-pivot-cebada,#1B9E77
2025-09-06,5,Cebada,Cereal de invierno,Cebada,R,irrigated_non_pivot,3,0.1794871985912323,0.1764215379953384,0.1984078362584114,3,3,1.0,True,0.1866193562746048,5-r-irrigated-non-pivot-cebada,#1B9E77
2025-09-11,5,Cebada,Cereal de invierno,Cebada,R,irrigated_non_pivot,3,0.189847707748413,0.1832517459988594,0.2078544348478317,3,3,1.0,True,0.1899181753396988,5-r-irrigated-non-pivot-cebada,#1B9E77
2025-09-23,5,Cebada,Cereal de invierno,Cebada,R,irrigated_non_pivot,3,0.2204899787902832,0.2116919308900833,0.2397808879613876,3,3,1.0,True,0.1968471407890319,5-r-irrigated-non-pivot-cebada,#1B9E77
2025-09-26,5,Cebada,Cereal de invierno,Cebada,R,irrigated_non_pivot,3,0.2277657240629196,0.2165662795305252,0.2454481497406959,3,3,1.0,True,0.2086685597896576,5-r-irrigated-non-pivot-cebada,#1B9E77
2025-10-01,5,Cebada,Cereal de invierno,Cebada,R,irrigated_non_pivot,3,0.1968471407890319,0.193431869149208,0.2127492278814315,3,3,1.0,True,0.2086685597896576,5-r-irrigated-non-pivot-cebada,#1B9E77
2025-10-06,5,Cebada,Cereal de invierno,Cebada,R,irrigated_non_pivot,3,0.1722141802310943,0.171336680650711,0.1776348799467086,3,3,1.0,True,0.1968471407890319,5-r-irrigated-non-pivot-cebada,#1B9E77
2025-10-21,5,Cebada,Cereal de invierno,Cebada,R,irrigated_non_pivot,3,0.1459954380989074,0.1445119008421898,0.1476855799555778,3,3,1.0,True,0.1613083481788635,5-r-irrigated-non-pivot-cebada,#1B9E77
2025-10-23,5,Cebada,Cereal de invierno,Cebada,R,irrigated_non_pivot,3,0.1613083481788635,0.1590612530708313,0.1615794822573661,3,3,1.0,True,0.1613083481788635,5-r-irrigated-non-pivot-cebada,#1B9E77
2025-10-26,5,Cebada,Cereal de invierno,Cebada,R,irrigated_non_pivot,3,0.178088903427124,0.1773806512355804,0.1788589805364608,3,3,1.0,True,0.1613083481788635,5-r-irrigated-non-pivot-cebada,#1B9E77
2024-09-11,5,Cebada,Cereal de invierno,Cebada,S,dryland,38,0.1126094795763492,0.1014566756784915,0.1260759197175502,41,41,0.926829268292683,True,0.1028616316616535,5-s-dryland-cebada,#0072B2
2024-09-16,5,Cebada,Cereal de invierno,Cebada,S,dryland,36,0.1028616316616535,0.093742698431015,0.1233101282268762,41,41,0.8780487804878049,True,0.1028616316616535,5-s-dryland-cebada,#0072B2
2024-09-26,5,Cebada,Cereal de invierno,Cebada,S,dryland,21,0.0863527506589889,0.0790917351841926,0.1028155982494354,41,41,0.5121951219512195,True,0.1028616316616535,5-s-dryland-cebada,#0072B2
2024-10-11,5,Cebada,Cereal de invierno,Cebada,S,dryland,41,0.1504643559455871,0.1188705563545227,0.1963583827018737,41,41,1.0,True,0.1370462290942669,5-s-dryland-cebada,#0072B2
2024-10-21,5,Cebada,Cereal de invierno,Cebada,S,dryland,41,0.1236281022429466,0.1021472886204719,0.2032669633626938,41,41,1.0,True,0.1504643559455871,5-s-dryland-cebada,#0072B2
2024-11-05,5,Cebada,Cereal de invierno,Cebada,S,dryland,41,0.1597466021776199,0.1408624202013015,0.2021536380052566,41,41,1.0,True,0.1811557188630104,5-s-dryland-cebada,#0072B2
2024-11-10,5,Cebada,Cereal de invierno,Cebada,S,dryland,41,0.2025648355484008,0.1628156751394271,0.3273388743400574,41,41,1.0,True,0.1811557188630104,5-s-dryland-cebada,#0072B2
2024-12-05,5,Cebada,Cereal de invierno,Cebada,S,dryland,41,0.2368701249361038,0.1806864440441131,0.3764837384223938,41,41,1.0,True,0.2560607045888901,5-s-dryland-cebada,#0072B2
2024-12-10,5,Cebada,Cereal de invierno,Cebada,S,dryland,41,0.2507106363773346,0.1973807513713836,0.3655323088169098,41,41,1.0,True,0.2614107728004455,5-s-dryland-cebada,#0072B2
2024-12-15,5,Cebada,Cereal de invierno,Cebada,S,dryland,41,0.2614107728004455,0.2125061005353927,0.364946186542511,41,41,1.0,True,0.2614107728004455,5-s-dryland-cebada,#0072B2
2024-12-20,5,Cebada,Cereal de invierno,Cebada,S,dryland,41,0.2768130600452423,0.2267755270004272,0.3597469627857208,41,41,1.0,True,0.2704291641712188,5-s-dryland-cebada,#0072B2
2024-12-25,5,Cebada,Cereal de invierno,Cebada,S,dryland,41,0.2704291641712188,0.2243352830410003,0.3623190522193908,41,41,1.0,True,0.2768130600452423,5-s-dryland-cebada,#0072B2
2025-01-04,5,Cebada,Cereal de invierno,Cebada,S,dryland,41,0.3058523833751678,0.2524003982543945,0.4539483487606048,41,41,1.0,True,0.3108937740325928,5-s-dryland-cebada,#0072B2
2025-01-09,5,Cebada,Cereal de invierno,Cebada,S,dryland,41,0.3415000140666961,0.273256778717041,0.4944700896739959,41,41,1.0,True,0.3108937740325928,5-s-dryland-cebada,#0072B2
2025-01-14,5,Cebada,Cereal de invierno,Cebada,S,dryland,41,0.3159351646900177,0.2629445195198059,0.4348188042640686,41,41,1.0,True,0.3108937740325928,5-s-dryland-cebada,#0072B2
2025-01-24,5,Cebada,Cereal de invierno,Cebada,S,dryland,35,0.2300987243652343,0.203134186565876,0.2579479068517685,41,41,0.8536585365853658,True,0.2510416358709335,5-s-dryland-cebada,#0072B2
2025-02-03,5,Cebada,Cereal de invierno,Cebada,S,dryland,41,0.2436213791370391,0.2247988581657409,0.3046779930591583,41,41,1.0,True,0.2510416358709335,5-s-dryland-cebada,#0072B2
2025-02-08,5,Cebada,Cereal de invierno,Cebada,S,dryland,41,0.2584618926048279,0.2294543236494064,0.3176304996013641,41,41,1.0,True,0.2645212560892105,5-s-dryland-cebada,#0072B2
2025-02-13,5,Cebada,Cereal de invierno,Cebada,S,dryland,41,0.2705806195735931,0.2443708181381225,0.3291548490524292,41,41,1.0,True,0.2645212560892105,5-s-dryland-cebada,#0072B2
2025-02-23,5,Cebada,Cereal de invierno,Cebada,S,dryland,41,0.2765941619873047,0.2334239780902862,0.3344519138336181,41,41,1.0,True,0.2854856252670288,5-s-dryland-cebada,#0072B2
2025-03-05,5,Cebada,Cereal de invierno,Cebada,S,dryland,39,0.2943770885467529,0.253480389714241,0.3682529777288437,41,41,0.951219512195122,True,0.3340736553072929,5-s-dryland-cebada,#0072B2
2025-03-10,5,Cebada,Cereal de invierno,Cebada,S,dryland,32,0.3737702220678329,0.3204264119267463,0.4324950277805328,41,41,0.7804878048780488,True,0.4028259888291359,5-s-dryland-cebada,#0072B2
2025-03-15,5,Cebada,Cereal de invierno,Cebada,S,dryland,41,0.4318817555904388,0.3656875491142273,0.5221097469329834,41,41,1.0,True,0.433113768696785,5-s-dryland-cebada,#0072B2
2025-03-25,5,Cebada,Cereal de invierno,Cebada,S,dryland,27,0.4343457818031311,0.4037115722894668,0.522029310464859,41,41,0.6585365853658537,True,0.4530461728572845,5-s-dryland-cebada,#0072B2
2025-03-27,5,Cebada,Cereal de invierno,Cebada,S,dryland,39,0.4530461728572845,0.3883017599582672,0.5402362048625946,41,41,0.951219512195122,True,0.4530461728572845,5-s-dryland-cebada,#0072B2
2025-03-30,5,Cebada,Cereal de invierno,Cebada,S,dryland,41,0.4448996186256408,0.378233790397644,0.5522919297218323,41,41,1.0,True,0.4767799824476242,5-s-dryland-cebada,#0072B2
2025-04-04,5,Cebada,Cereal de invierno,Cebada,S,dryland,31,0.5142817497253418,0.4418652355670929,0.6028479933738708,41,41,0.7560975609756098,True,0.5005137920379639,5-s-dryland-cebada,#0072B2
2025-04-06,5,Cebada,Cereal de invierno,Cebada,S,dryland,41,0.5005137920379639,0.4390454888343811,0.577614963054657,41,41,1.0,True,0.5005137920379639,5-s-dryland-cebada,#0072B2
2025-04-09,5,Cebada,Cereal de invierno,Cebada,S,dryland,41,0.5120826363563538,0.455360472202301,0.5901768207550049,41,41,1.0,True,0.5120826363563538,5-s-dryland-cebada,#0072B2
2025-04-16,5,Cebada,Cereal de invierno,Cebada,S,dryland,41,0.591668963432312,0.5154808759689331,0.6730762720108032,41,41,1.0,True,0.5247717201709747,5-s-dryland-cebada,#0072B2
2025-04-24,5,Cebada,Cereal de invierno,Cebada,S,dryland,41,0.5383299589157104,0.4817261099815368,0.6354759931564331,41,41,1.0,True,0.5352616906166077,5-s-dryland-cebada,#0072B2
2025-04-26,5,Cebada,Cereal de invierno,Cebada,S,dryland,41,0.5352616906166077,0.4642985761165619,0.6140152215957642,41,41,1.0,True,0.5352616906166077,5-s-dryland-cebada,#0072B2
2025-05-04,5,Cebada,Cereal de invierno,Cebada,S,dryland,40,0.416923463344574,0.3683743476867676,0.4911048710346222,41,41,0.975609756097561,True,0.416923463344574,5-s-dryland-cebada,#0072B2
2025-05-06,5,Cebada,Cereal de invierno,Cebada,S,dryland,22,0.3945979923009872,0.3365850448608398,0.4578986167907715,41,41,0.5365853658536586,True,0.416923463344574,5-s-dryland-cebada,#0072B2
2025-05-16,5,Cebada,Cereal de invierno,Cebada,S,dryland,41,0.2986978888511657,0.2629213631153106,0.3511930108070373,41,41,1.0,True,0.2578424215316772,5-s-dryland-cebada,#0072B2
2025-05-24,5,Cebada,Cereal de invierno,Cebada,S,dryland,41,0.2169869542121887,0.2097295522689819,0.2454791963100433,41,41,1.0,True,0.1917194053530693,5-s-dryland-cebada,#0072B2
2025-05-26,5,Cebada,Cereal de invierno,Cebada,S,dryland,41,0.1974252015352249,0.1830388903617859,0.2109592258930206,41,41,1.0,True,0.1917194053530693,5-s-dryland-cebada,#0072B2
2025-05-29,5,Cebada,Cereal de invierno,Cebada,S,dryland,41,0.1860136091709137,0.1786460727453231,0.2006793022155761,41,41,1.0,True,0.1860136091709137,5-s-dryland-cebada,#0072B2
2025-06-03,5,Cebada,Cereal de invierno,Cebada,S,dryland,41,0.1711096763610839,0.1598767787218094,0.1841726899147033,41,41,1.0,True,0.1711096763610839,5-s-dryland-cebada,#0072B2
2025-06-08,5,Cebada,Cereal de invierno,Cebada,S,dryland,41,0.1538046300411224,0.1368203163146972,0.1713540107011795,41,41,1.0,True,0.1538046300411224,5-s-dryland-cebada,#0072B2
2025-06-13,5,Cebada,Cereal de invierno,Cebada,S,dryland,41,0.1344134509563446,0.1220339089632034,0.1494471281766891,41,41,1.0,True,0.1398393586277961,5-s-dryland-cebada,#0072B2
2025-06-18,5,Cebada,Cereal de invierno,Cebada,S,dryland,41,0.1452652662992477,0.1312083005905151,0.1607585847377777,41,41,1.0,True,0.1329184174537658,5-s-dryland-cebada,#0072B2
2025-06-23,5,Cebada,Cereal de invierno,Cebada,S,dryland,41,0.1314233839511871,0.117741085588932,0.1449749171733856,41,41,1.0,True,0.1314233839511871,5-s-dryland-cebada,#0072B2
2025-06-28,5,Cebada,Cereal de invierno,Cebada,S,dryland,41,0.1309310346841812,0.1176470518112182,0.1385480165481567,41,41,1.0,True,0.1309310346841812,5-s-dryland-cebada,#0072B2
2025-07-03,5,Cebada,Cereal de invierno,Cebada,S,dryland,41,0.1251702606678009,0.1094123497605323,0.1453402936458587,41,41,1.0,True,0.1260301098227501,5-s-dryland-cebada,#0072B2
2025-07-05,5,Cebada,Cereal de invierno,Cebada,S,dryland,41,0.118163414299488,0.0994764491915702,0.1336120367050171,41,41,1.0,True,0.1260301098227501,5-s-dryland-cebada,#0072B2
2025-07-08,5,Cebada,Cereal de invierno,Cebada,S,dryland,41,0.1325481534004211,0.1213377490639686,0.1469045281410217,41,41,1.0,True,0.1251702606678009,5-s-dryland-cebada,#0072B2
2025-07-13,5,Cebada,Cereal de invierno,Cebada,S,dryland,41,0.1268899589776992,0.1133901178836822,0.1507402211427688,41,41,1.0,True,0.126012921333313,5-s-dryland-cebada,#0072B2
2025-07-15,5,Cebada,Cereal de invierno,Cebada,S,dryland,41,0.1168849915266037,0.0997371822595596,0.1404860615730285,41,41,1.0,True,0.126012921333313,5-s-dryland-cebada,#0072B2
2025-07-18,5,Cebada,Cereal de invierno,Cebada,S,dryland,41,0.1237996146082878,0.11135134100914,0.1550568044185638,41,41,1.0,True,0.1268727704882621,5-s-dryland-cebada,#0072B2
2025-07-25,5,Cebada,Cereal de invierno,Cebada,S,dryland,38,0.1300875470042228,0.1119180116802454,0.1714033558964729,41,41,0.926829268292683,True,0.1268899589776992,5-s-dryland-cebada,#0072B2
2025-07-28,5,Cebada,Cereal de invierno,Cebada,S,dryland,41,0.126855581998825,0.1093723624944686,0.1681041419506073,41,41,1.0,True,0.1270537823438644,5-s-dryland-cebada,#0072B2
2025-08-02,5,Cebada,Cereal de invierno,Cebada,S,dryland,41,0.1280639469623565,0.1129083186388015,0.1772905141115188,41,41,1.0,True,0.1277823522686958,5-s-dryland-cebada,#0072B2
2025-08-07,5,Cebada,Cereal de invierno,Cebada,S,dryland,41,0.1270537823438644,0.108426533639431,0.1648429483175277,41,41,1.0,True,0.1280639469623565,5-s-dryland-cebada,#0072B2
2025-08-12,5,Cebada,Cereal de invierno,Cebada,S,dryland,41,0.1275007575750351,0.1104500442743301,0.1697910279035568,41,41,1.0,True,0.1310705244541168,5-s-dryland-cebada,#0072B2
2025-08-14,5,Cebada,Cereal de invierno,Cebada,S,dryland,41,0.1310705244541168,0.1184573397040367,0.183094173669815,41,41,1.0,True,0.1310705244541168,5-s-dryland-cebada,#0072B2
2025-08-22,5,Cebada,Cereal de invierno,Cebada,S,dryland,41,0.1397628784179687,0.1190505251288414,0.1913697719573974,41,41,1.0,True,0.1381636075675487,5-s-dryland-cebada,#0072B2
2025-08-24,5,Cebada,Cereal de invierno,Cebada,S,dryland,38,0.1369647458195686,0.121873365715146,0.1757398061454296,41,41,0.926829268292683,True,0.1381636075675487,5-s-dryland-cebada,#0072B2
2025-08-27,5,Cebada,Cereal de invierno,Cebada,S,dryland,28,0.1640404313802719,0.1210160534828901,0.1818472072482109,41,41,0.6829268292682927,True,0.1395626738667488,5-s-dryland-cebada,#0072B2
2025-09-01,5,Cebada,Cereal de invierno,Cebada,S,dryland,41,0.1499182134866714,0.1255270689725875,0.2056005746126175,41,41,1.0,True,0.1397628784179687,5-s-dryland-cebada,#0072B2
2025-09-03,5,Cebada,Cereal de invierno,Cebada,S,dryland,41,0.1393624693155288,0.1171541810035705,0.1956280171871185,41,41,1.0,True,0.1397628784179687,5-s-dryland-cebada,#0072B2
2025-09-06,5,Cebada,Cereal de invierno,Cebada,S,dryland,41,0.134704440832138,0.1108688116073608,0.1981785148382187,41,41,1.0,True,0.1406309679150581,5-s-dryland-cebada,#0072B2
2025-09-11,5,Cebada,Cereal de invierno,Cebada,S,dryland,41,0.1418994665145874,0.11061542481184,0.1955347210168838,41,41,1.0,True,0.1459088400006294,5-s-dryland-cebada,#0072B2
2025-09-23,5,Cebada,Cereal de invierno,Cebada,S,dryland,41,0.1592911928892135,0.1321407705545425,0.201634868979454,41,41,1.0,True,0.1563937366008758,5-s-dryland-cebada,#0072B2
2025-09-26,5,Cebada,Cereal de invierno,Cebada,S,dryland,41,0.1706019192934036,0.1396725922822952,0.2101316750049591,41,41,1.0,True,0.1578424647450447,5-s-dryland-cebada,#0072B2
2025-10-01,5,Cebada,Cereal de invierno,Cebada,S,dryland,41,0.1563937366008758,0.1350569576025009,0.2047528624534607,41,41,1.0,True,0.1563937366008758,5-s-dryland-cebada,#0072B2
2025-10-06,5,Cebada,Cereal de invierno,Cebada,S,dryland,41,0.1555978059768676,0.1262538731098175,0.186612457036972,41,41,1.0,True,0.1559957712888717,5-s-dryland-cebada,#0072B2
2025-10-16,5,Cebada,Cereal de invierno,Cebada,S,dryland,34,0.1311231255531311,0.1130938567221164,0.1523486636579036,41,41,0.8292682926829268,True,0.1356791257858276,5-s-dryland-cebada,#0072B2
2025-10-21,5,Cebada,Cereal de invierno,Cebada,S,dryland,41,0.1279201805591583,0.107256606221199,0.1461218148469925,41,41,1.0,True,0.1334011256694793,5-s-dryland-cebada,#0072B2
2025-10-23,5,Cebada,Cereal de invierno,Cebada,S,dryland,41,0.1356791257858276,0.1192515045404434,0.1511169075965881,41,41,1.0,True,0.1334011256694793,5-s-dryland-cebada,#0072B2
2025-10-26,5,Cebada,Cereal de invierno,Cebada,S,dryland,41,0.1641560047864914,0.1502803266048431,0.1810933649539947,41,41,1.0,True,0.1334011256694793,5-s-dryland-cebada,#0072B2
2024-09-11,5,Cebada,Cereal de invierno,Cebada → Maíz,R,irrigated_non_pivot,15,0.8921084403991699,0.3736779540777206,0.8978003263473511,15,15,1.0,True,0.8865175247192383,5-r-irrigated-non-pivot-cebada-maiz,#7570B3
2024-09-16,5,Cebada,Cereal de invierno,Cebada → Maíz,R,irrigated_non_pivot,15,0.8809266090393066,0.428320050239563,0.9152514040470124,15,15,1.0,True,0.8865175247192383,5-r-irrigated-non-pivot-cebada-maiz,#7570B3
2024-10-11,5,Cebada,Cereal de invierno,Cebada → Maíz,R,irrigated_non_pivot,15,0.7370084524154663,0.21343295276165,0.791282445192337,15,15,1.0,True,0.6473966538906097,5-r-irrigated-non-pivot-cebada-maiz,#7570B3
2024-10-21,5,Cebada,Cereal de invierno,Cebada → Maíz,R,irrigated_non_pivot,15,0.5577848553657532,0.2315082401037216,0.6274619698524475,15,15,1.0,True,0.5577848553657532,5-r-irrigated-non-pivot-cebada-maiz,#7570B3
2024-11-05,5,Cebada,Cereal de invierno,Cebada → Maíz,R,irrigated_non_pivot,15,0.3102739751338959,0.2108289822936058,0.3908003717660904,15,15,1.0,True,0.3159860074520111,5-r-irrigated-non-pivot-cebada-maiz,#7570B3
2024-11-10,5,Cebada,Cereal de invierno,Cebada → Maíz,R,irrigated_non_pivot,15,0.3216980397701263,0.256678819656372,0.4629459530115127,15,15,1.0,True,0.3159860074520111,5-r-irrigated-non-pivot-cebada-maiz,#7570B3
2024-12-05,5,Cebada,Cereal de invierno,Cebada → Maíz,R,irrigated_non_pivot,15,0.2328870445489883,0.2150104865431785,0.263618417084217,15,15,1.0,True,0.2001318335533142,5-r-irrigated-non-pivot-cebada-maiz,#7570B3
2024-12-10,5,Cebada,Cereal de invierno,Cebada → Maíz,R,irrigated_non_pivot,15,0.2062033116817474,0.18939870595932,0.2679112553596496,15,15,1.0,True,0.1940603554248809,5-r-irrigated-non-pivot-cebada-maiz,#7570B3
2024-12-15,5,Cebada,Cereal de invierno,Cebada → Maíz,R,irrigated_non_pivot,15,0.1924084275960922,0.1872735545039177,0.2395926043391227,15,15,1.0,True,0.1940603554248809,5-r-irrigated-non-pivot-cebada-maiz,#7570B3
2024-12-20,5,Cebada,Cereal de invierno,Cebada → Maíz,R,irrigated_non_pivot,15,0.1940603554248809,0.1928035244345665,0.2324385046958923,15,15,1.0,True,0.1924084275960922,5-r-irrigated-non-pivot-cebada-maiz,#7570B3
2024-12-25,5,Cebada,Cereal de invierno,Cebada → Maíz,R,irrigated_non_pivot,12,0.1728628277778625,0.1634247563779354,0.1774450540542602,15,15,0.8,True,0.1924084275960922,5-r-irrigated-non-pivot-cebada-maiz,#7570B3
2025-01-04,5,Cebada,Cereal de invierno,Cebada → Maíz,R,irrigated_non_pivot,15,0.1629376411437988,0.1601340100169181,0.1760458648204803,15,15,1.0,True,0.1828229874372482,5-r-irrigated-non-pivot-cebada-maiz,#7570B3
2025-01-09,5,Cebada,Cereal de invierno,Cebada → Maíz,R,irrigated_non_pivot,15,0.1927831470966339,0.1860854998230934,0.1977697536349296,15,15,1.0,True,0.1847420409321785,5-r-irrigated-non-pivot-cebada-maiz,#7570B3
2025-01-14,5,Cebada,Cereal de invierno,Cebada → Maíz,R,irrigated_non_pivot,15,0.1962834000587463,0.185140460729599,0.2091172859072685,15,15,1.0,True,0.1847420409321785,5-r-irrigated-non-pivot-cebada-maiz,#7570B3
2025-01-24,5,Cebada,Cereal de invierno,Cebada → Maíz,R,irrigated_non_pivot,15,0.176700934767723,0.1716490462422371,0.1842441633343696,15,15,1.0,True,0.1979866400361061,5-r-irrigated-non-pivot-cebada-maiz,#7570B3
2025-02-03,5,Cebada,Cereal de invierno,Cebada → Maíz,R,irrigated_non_pivot,15,0.1996898800134658,0.1928972527384758,0.2067644745111465,15,15,1.0,True,0.2204605489969253,5-r-irrigated-non-pivot-cebada-maiz,#7570B3
2025-02-08,5,Cebada,Cereal de invierno,Cebada → Maíz,R,irrigated_non_pivot,15,0.2506738603115082,0.2398582398891449,0.2622520327568054,15,15,1.0,True,0.2459525391459465,5-r-irrigated-non-pivot-cebada-maiz,#7570B3
2025-02-13,5,Cebada,Cereal de invierno,Cebada → Maíz,R,irrigated_non_pivot,15,0.2412312179803848,0.231070302426815,0.2598134130239486,15,15,1.0,True,0.2459525391459465,5-r-irrigated-non-pivot-cebada-maiz,#7570B3
2025-02-23,5,Cebada,Cereal de invierno,Cebada → Maíz,R,irrigated_non_pivot,15,0.288587212562561,0.2638848721981048,0.3481811136007309,15,15,1.0,True,0.288587212562561,5-r-irrigated-non-pivot-cebada-maiz,#7570B3
2025-03-05,5,Cebada,Cereal de invierno,Cebada → Maíz,R,irrigated_non_pivot,14,0.389286607503891,0.3324234336614609,0.4480342343449592,15,15,0.9333333333333332,True,0.389286607503891,5-r-irrigated-non-pivot-cebada-maiz,#7570B3
2025-03-15,5,Cebada,Cereal de invierno,Cebada → Maíz,R,irrigated_non_pivot,15,0.6585366129875183,0.5141752064228058,0.7559769451618195,15,15,1.0,True,0.7741536498069763,5-r-irrigated-non-pivot-cebada-maiz,#7570B3
2025-03-25,5,Cebada,Cereal de invierno,Cebada → Maíz,R,irrigated_non_pivot,11,0.7798341512680054,0.7452122271060944,0.8651233613491058,15,15,0.7333333333333333,True,0.8041733503341675,5-r-irrigated-non-pivot-cebada-maiz,#7570B3
2025-03-27,5,Cebada,Cereal de invierno,Cebada → Maíz,R,irrigated_non_pivot,15,0.7741536498069763,0.6390624344348907,0.8401452898979187,15,15,1.0,True,0.8041733503341675,5-r-irrigated-non-pivot-cebada-maiz,#7570B3
2025-03-30,5,Cebada,Cereal de invierno,Cebada → Maíz,R,irrigated_non_pivot,15,0.8157373070716858,0.6801223754882812,0.8719307482242584,15,15,1.0,True,0.8099553287029266,5-r-irrigated-non-pivot-cebada-maiz,#7570B3
2025-04-04,5,Cebada,Cereal de invierno,Cebada → Maíz,R,irrigated_non_pivot,9,0.8041733503341675,0.6292760372161865,0.846705973148346,15,15,0.6,True,0.8157373070716858,5-r-irrigated-non-pivot-cebada-maiz,#7570B3
2025-04-06,5,Cebada,Cereal de invierno,Cebada → Maíz,R,irrigated_non_pivot,15,0.8857015371322632,0.7811705768108368,0.9027014672756196,15,15,1.0,True,0.8157373070716858,5-r-irrigated-non-pivot-cebada-maiz,#7570B3
2025-04-09,5,Cebada,Cereal de invierno,Cebada → Maíz,R,irrigated_non_pivot,15,0.8862054944038391,0.7892648577690125,0.8988180756568909,15,15,1.0,True,0.8857015371322632,5-r-irrigated-non-pivot-cebada-maiz,#7570B3
2025-04-16,5,Cebada,Cereal de invierno,Cebada → Maíz,R,irrigated_non_pivot,15,0.9333099722862244,0.875665009021759,0.9505982995033264,15,15,1.0,True,0.9229310750961304,5-r-irrigated-non-pivot-cebada-maiz,#7570B3
2025-04-24,5,Cebada,Cereal de invierno,Cebada → Maíz,R,irrigated_non_pivot,15,0.9253756403923036,0.8930725753307343,0.9456906914711,15,15,1.0,True,0.9253756403923036,5-r-irrigated-non-pivot-cebada-maiz,#7570B3
2025-04-26,5,Cebada,Cereal de invierno,Cebada → Maíz,R,irrigated_non_pivot,15,0.9345311522483826,0.9227816462516784,0.954762637615204,15,15,1.0,True,0.9253756403923036,5-r-irrigated-non-pivot-cebada-maiz,#7570B3
2025-04-29,5,Cebada,Cereal de invierno,Cebada → Maíz,R,irrigated_non_pivot,8,0.9229310750961304,0.9152265936136246,0.9302193373441696,15,15,0.5333333333333333,True,0.9253756403923036,5-r-irrigated-non-pivot-cebada-maiz,#7570B3
2025-05-04,5,Cebada,Cereal de invierno,Cebada → Maíz,R,irrigated_non_pivot,15,0.9657722115516664,0.9449590742588044,0.9738082587718964,15,15,1.0,True,0.9229310750961304,5-r-irrigated-non-pivot-cebada-maiz,#7570B3
2025-05-06,5,Cebada,Cereal de invierno,Cebada → Maíz,R,irrigated_non_pivot,15,0.894871711730957,0.874104917049408,0.9075916409492492,15,15,1.0,True,0.9229310750961304,5-r-irrigated-non-pivot-cebada-maiz,#7570B3
2025-05-09,5,Cebada,Cereal de invierno,Cebada → Maíz,R,irrigated_non_pivot,8,0.8734364211559296,0.8447789549827576,0.8943463861942291,15,15,0.5333333333333333,True,0.894871711730957,5-r-irrigated-non-pivot-cebada-maiz,#7570B3
2025-05-16,5,Cebada,Cereal de invierno,Cebada → Maíz,R,irrigated_non_pivot,15,0.8675811290740967,0.843482106924057,0.8847488164901733,15,15,1.0,True,0.8675811290740967,5-r-irrigated-non-pivot-cebada-maiz,#7570B3
2025-05-24,5,Cebada,Cereal de invierno,Cebada → Maíz,R,irrigated_non_pivot,15,0.7865317463874817,0.7601214349269867,0.8251703083515167,15,15,1.0,True,0.7173904776573181,5-r-irrigated-non-pivot-cebada-maiz,#7570B3
2025-05-26,5,Cebada,Cereal de invierno,Cebada → Maíz,R,irrigated_non_pivot,13,0.7756224870681763,0.6971816420555115,0.8046750426292419,15,15,0.8666666666666667,True,0.7173904776573181,5-r-irrigated-non-pivot-cebada-maiz,#7570B3
2025-05-29,5,Cebada,Cereal de invierno,Cebada → Maíz,R,irrigated_non_pivot,15,0.65915846824646,0.6181088089942932,0.7402129471302032,15,15,1.0,True,0.65915846824646,5-r-irrigated-non-pivot-cebada-maiz,#7570B3
2025-06-03,5,Cebada,Cereal de invierno,Cebada → Maíz,R,irrigated_non_pivot,15,0.5189873576164246,0.3814124912023544,0.5789476931095123,15,15,1.0,True,0.5189873576164246,5-r-irrigated-non-pivot-cebada-maiz,#7570B3
2025-06-08,5,Cebada,Cereal de invierno,Cebada → Maíz,R,irrigated_non_pivot,15,0.3006204068660736,0.2466004490852356,0.3554350137710571,15,15,1.0,True,0.3006204068660736,5-r-irrigated-non-pivot-cebada-maiz,#7570B3
2025-06-13,5,Cebada,Cereal de invierno,Cebada → Maíz,R,irrigated_non_pivot,15,0.2644351422786712,0.234652429819107,0.2760266363620758,15,15,1.0,True,0.2551381886005401,5-r-irrigated-non-pivot-cebada-maiz,#7570B3
2025-06-18,5,Cebada,Cereal de invierno,Cebada → Maíz,R,irrigated_non_pivot,15,0.2551381886005401,0.2244429886341095,0.2773378193378448,15,15,1.0,True,0.2014478594064712,5-r-irrigated-non-pivot-cebada-maiz,#7570B3
2025-06-23,5,Cebada,Cereal de invierno,Cebada → Maíz,R,irrigated_non_pivot,15,0.2014478594064712,0.1865480989217758,0.210342526435852,15,15,1.0,True,0.1908855363726616,5-r-irrigated-non-pivot-cebada-maiz,#7570B3
2025-06-25,5,Cebada,Cereal de invierno,Cebada → Maíz,R,irrigated_non_pivot,9,0.1808252185583114,0.1656130105257034,0.1907484233379364,15,15,0.6,True,0.1908855363726616,5-r-irrigated-non-pivot-cebada-maiz,#7570B3
2025-06-28,5,Cebada,Cereal de invierno,Cebada → Maíz,R,irrigated_non_pivot,15,0.1817710846662521,0.1628306806087494,0.1956524774432182,15,15,1.0,True,0.1908855363726616,5-r-irrigated-non-pivot-cebada-maiz,#7570B3
2025-07-03,5,Cebada,Cereal de invierno,Cebada → Maíz,R,irrigated_non_pivot,15,0.1486577540636062,0.1376555860042572,0.1662026792764663,15,15,1.0,True,0.199999988079071,5-r-irrigated-non-pivot-cebada-maiz,#7570B3
2025-07-05,5,Cebada,Cereal de invierno,Cebada → Maíz,R,irrigated_non_pivot,15,0.1632585674524307,0.1414761543273925,0.1757011637091636,15,15,1.0,True,0.199999988079071,5-r-irrigated-non-pivot-cebada-maiz,#7570B3
2025-07-08,5,Cebada,Cereal de invierno,Cebada → Maíz,R,irrigated_non_pivot,15,0.199999988079071,0.1909577026963234,0.2081354260444641,15,15,1.0,True,0.1908855363726616,5-r-irrigated-non-pivot-cebada-maiz,#7570B3
2025-07-13,5,Cebada,Cereal de invierno,Cebada → Maíz,R,irrigated_non_pivot,15,0.2393467128276825,0.2188346683979034,0.2773738801479339,15,15,1.0,True,0.25133016705513,5-r-irrigated-non-pivot-cebada-maiz,#7570B3
2025-07-15,5,Cebada,Cereal de invierno,Cebada → Maíz,R,irrigated_non_pivot,15,0.2633136212825775,0.2426940202713012,0.2940582782030105,15,15,1.0,True,0.25133016705513,5-r-irrigated-non-pivot-cebada-maiz,#7570B3
2025-07-18,5,Cebada,Cereal de invierno,Cebada → Maíz,R,irrigated_non_pivot,15,0.3463614284992218,0.3103439062833786,0.3884011656045913,15,15,1.0,True,0.3048375248908996,5-r-irrigated-non-pivot-cebada-maiz,#7570B3
2025-07-25,5,Cebada,Cereal de invierno,Cebada → Maíz,R,irrigated_non_pivot,15,0.4955702722072601,0.4263432472944259,0.5637879073619843,15,15,1.0,True,0.5229379683732986,5-r-irrigated-non-pivot-cebada-maiz,#7570B3
2025-07-28,5,Cebada,Cereal de invierno,Cebada → Maíz,R,irrigated_non_pivot,15,0.5503056645393372,0.468966543674469,0.6277849078178406,15,15,1.0,True,0.6005934476852417,5-r-irrigated-non-pivot-cebada-maiz,#7570B3
2025-08-02,5,Cebada,Cereal de invierno,Cebada → Maíz,R,irrigated_non_pivot,15,0.6764630079269409,0.5469753295183182,0.7824456691741943,15,15,1.0,True,0.6764630079269409,5-r-irrigated-non-pivot-cebada-maiz,#7570B3
2025-08-04,5,Cebada,Cereal de invierno,Cebada → Maíz,R,irrigated_non_pivot,8,0.6508812308311462,0.5391265749931335,0.8242760747671127,15,15,0.5333333333333333,True,0.6764630079269409,5-r-irrigated-non-pivot-cebada-maiz,#7570B3
2025-08-07,5,Cebada,Cereal de invierno,Cebada → Maíz,R,irrigated_non_pivot,15,0.7637336254119873,0.670465886592865,0.8317462205886841,15,15,1.0,True,0.7200983166694641,5-r-irrigated-non-pivot-cebada-maiz,#7570B3
2025-08-12,5,Cebada,Cereal de invierno,Cebada → Maíz,R,irrigated_non_pivot,15,0.8487626314163208,0.7774446904659271,0.875,15,15,1.0,True,0.806248128414154,5-r-irrigated-non-pivot-cebada-maiz,#7570B3
2025-08-14,5,Cebada,Cereal de invierno,Cebada → Maíz,R,irrigated_non_pivot,15,0.8721888661384583,0.7974752485752106,0.8959238231182098,15,15,1.0,True,0.806248128414154,5-r-irrigated-non-pivot-cebada-maiz,#7570B3
2025-08-22,5,Cebada,Cereal de invierno,Cebada → Maíz,R,irrigated_non_pivot,15,0.903261125087738,0.8724859654903412,0.9170252680778505,15,15,1.0,True,0.8877249956130981,5-r-irrigated-non-pivot-cebada-maiz,#7570B3
2025-08-24,5,Cebada,Cereal de invierno,Cebada → Maíz,R,irrigated_non_pivot,15,0.852156937122345,0.8267804384231567,0.8717914819717407,15,15,1.0,True,0.8877249956130981,5-r-irrigated-non-pivot-cebada-maiz,#7570B3
2025-08-27,5,Cebada,Cereal de invierno,Cebada → Maíz,R,irrigated_non_pivot,8,0.6337345540523529,0.6112483888864517,0.6402168720960617,15,15,0.5333333333333333,True,0.9073167443275452,5-r-irrigated-non-pivot-cebada-maiz,#7570B3
2025-09-01,5,Cebada,Cereal de invierno,Cebada → Maíz,R,irrigated_non_pivot,15,0.9201297760009766,0.8967095613479614,0.9270822405815125,15,15,1.0,True,0.9113723635673524,5-r-irrigated-non-pivot-cebada-maiz,#7570B3
2025-09-03,5,Cebada,Cereal de invierno,Cebada → Maíz,R,irrigated_non_pivot,15,0.9315532445907592,0.9104945361614228,0.9363905191421508,15,15,1.0,True,0.9113723635673524,5-r-irrigated-non-pivot-cebada-maiz,#7570B3
2025-09-06,5,Cebada,Cereal de invierno,Cebada → Maíz,R,irrigated_non_pivot,15,0.9322344064712524,0.9073556065559388,0.941246896982193,15,15,1.0,True,0.9157510697841644,5-r-irrigated-non-pivot-cebada-maiz,#7570B3
2025-09-11,5,Cebada,Cereal de invierno,Cebada → Maíz,R,irrigated_non_pivot,15,0.9113723635673524,0.8914163112640381,0.9172216653823853,15,15,1.0,True,0.9164363443851472,5-r-irrigated-non-pivot-cebada-maiz,#7570B3
2025-09-23,5,Cebada,Cereal de invierno,Cebada → Maíz,R,irrigated_non_pivot,15,0.9127429127693176,0.8938359916210175,0.9223967790603638,15,15,1.0,True,0.9113723635673524,5-r-irrigated-non-pivot-cebada-maiz,#7570B3
2025-09-26,5,Cebada,Cereal de invierno,Cebada → Maíz,R,irrigated_non_pivot,15,0.9049949645996094,0.8883249163627625,0.9136506021022796,15,15,1.0,True,0.9088689386844636,5-r-irrigated-non-pivot-cebada-maiz,#7570B3
2025-10-01,5,Cebada,Cereal de invierno,Cebada → Maíz,R,irrigated_non_pivot,15,0.9159921407699584,0.9000020325183868,0.9293747544288636,15,15,1.0,True,0.9088689386844636,5-r-irrigated-non-pivot-cebada-maiz,#7570B3
2025-10-06,5,Cebada,Cereal de invierno,Cebada → Maíz,R,irrigated_non_pivot,15,0.8839931488037109,0.8749625384807587,0.8994888663291931,15,15,1.0,True,0.9049949645996094,5-r-irrigated-non-pivot-cebada-maiz,#7570B3
2025-10-21,5,Cebada,Cereal de invierno,Cebada → Maíz,R,irrigated_non_pivot,15,0.8534386157989502,0.8378207981586456,0.858456015586853,15,15,1.0,True,0.8212762475013733,5-r-irrigated-non-pivot-cebada-maiz,#7570B3
2025-10-23,5,Cebada,Cereal de invierno,Cebada → Maíz,R,irrigated_non_pivot,15,0.8212762475013733,0.807773768901825,0.8290828764438629,15,15,1.0,True,0.8212762475013733,5-r-irrigated-non-pivot-cebada-maiz,#7570B3
2025-10-26,5,Cebada,Cereal de invierno,Cebada → Maíz,R,irrigated_non_pivot,15,0.8174706697463989,0.8051497936248779,0.8344368636608124,15,15,1.0,True,0.8212762475013733,5-r-irrigated-non-pivot-cebada-maiz,#7570B3
2024-09-11,13,Triticale,Cereal de invierno,Triticale,R,irrigated_non_pivot,4,0.6862162351608276,0.5213374085724354,0.7101887166500092,4,4,1.0,True,0.6429370194673538,13-r-irrigated-non-pivot-triticale,#A6761D
2024-09-16,13,Triticale,Cereal de invierno,Triticale,R,irrigated_non_pivot,4,0.59965780377388,0.4565436728298664,0.6257694214582443,4,4,1.0,True,0.6429370194673538,13-r-irrigated-non-pivot-triticale,#A6761D
2024-10-11,13,Triticale,Cereal de invierno,Triticale,R,irrigated_non_pivot,4,0.3599886894226074,0.2889998760074377,0.3782811537384987,4,4,1.0,True,0.2847135625779629,13-r-irrigated-non-pivot-triticale,#A6761D
2024-10-21,13,Triticale,Cereal de invierno,Triticale,R,irrigated_non_pivot,4,0.2094384357333183,0.1742069348692894,0.2118591368198394,4,4,1.0,True,0.2094384357333183,13-r-irrigated-non-pivot-triticale,#A6761D
2024-11-05,13,Triticale,Cereal de invierno,Triticale,R,irrigated_non_pivot,4,0.178105816245079,0.1748329699039459,0.1949557401239872,4,4,1.0,True,0.2065625600516796,13-r-irrigated-non-pivot-triticale,#A6761D
2024-11-10,13,Triticale,Cereal de invierno,Triticale,R,irrigated_non_pivot,4,0.2350193038582801,0.2216550596058368,0.2769913114607334,4,4,1.0,True,0.2065625600516796,13-r-irrigated-non-pivot-triticale,#A6761D
2024-12-05,13,Triticale,Cereal de invierno,Triticale,R,irrigated_non_pivot,4,0.1999087780714035,0.1980423927307129,0.3358469605445862,4,4,1.0,True,0.1951183006167411,13-r-irrigated-non-pivot-triticale,#A6761D
2024-12-10,13,Triticale,Cereal de invierno,Triticale,R,irrigated_non_pivot,4,0.2062306851148605,0.2030132263898849,0.3444995284080505,4,4,1.0,True,0.1903278231620788,13-r-irrigated-non-pivot-triticale,#A6761D
2024-12-15,13,Triticale,Cereal de invierno,Triticale,R,irrigated_non_pivot,4,0.1903278231620788,0.1878484226763248,0.3361804224550724,4,4,1.0,True,0.1903278231620788,13-r-irrigated-non-pivot-triticale,#A6761D
2024-12-20,13,Triticale,Cereal de invierno,Triticale,R,irrigated_non_pivot,4,0.1894987300038337,0.1877648942172527,0.3341073095798492,4,4,1.0,True,0.1894987300038337,13-r-irrigated-non-pivot-triticale,#A6761D
2024-12-25,13,Triticale,Cereal de invierno,Triticale,R,irrigated_non_pivot,4,0.1347110867500305,0.1287603266537189,0.2912405021488666,4,4,1.0,True,0.1894987300038337,13-r-irrigated-non-pivot-triticale,#A6761D
2025-01-04,13,Triticale,Cereal de invierno,Triticale,R,irrigated_non_pivot,4,0.1670981869101524,0.1644956097006797,0.3232186920940876,4,4,1.0,True,0.1822953149676323,13-r-irrigated-non-pivot-triticale,#A6761D
2025-01-09,13,Triticale,Cereal de invierno,Triticale,R,irrigated_non_pivot,4,0.2063136249780655,0.2029557265341282,0.3539382182061672,4,4,1.0,True,0.1918320953845977,13-r-irrigated-non-pivot-triticale,#A6761D
2025-01-14,13,Triticale,Cereal de invierno,Triticale,R,irrigated_non_pivot,4,0.1974924430251121,0.1956135630607605,0.3406748585402965,4,4,1.0,True,0.1918320953845977,13-r-irrigated-non-pivot-triticale,#A6761D
2025-01-24,13,Triticale,Cereal de invierno,Triticale,R,irrigated_non_pivot,4,0.1861717477440834,0.1835264191031456,0.3206230290234089,4,4,1.0,True,0.2040123343467712,13-r-irrigated-non-pivot-triticale,#A6761D
2025-02-03,13,Triticale,Cereal de invierno,Triticale,R,irrigated_non_pivot,4,0.2105322256684303,0.2092177048325538,0.3342979550361633,4,4,1.0,True,0.2399964369833469,13-r-irrigated-non-pivot-triticale,#A6761D
2025-02-08,13,Triticale,Cereal de invierno,Triticale,R,irrigated_non_pivot,4,0.2694606482982635,0.2689594253897667,0.3794726580381393,4,4,1.0,True,0.2726737856864929,13-r-irrigated-non-pivot-triticale,#A6761D
2025-02-13,13,Triticale,Cereal de invierno,Triticale,R,irrigated_non_pivot,4,0.2758869230747223,0.2711469233036041,0.385744147002697,4,4,1.0,True,0.2726737856864929,13-r-irrigated-non-pivot-triticale,#A6761D
2025-02-23,13,Triticale,Cereal de invierno,Triticale,R,irrigated_non_pivot,4,0.3505477011203766,0.3399636149406433,0.4413604140281677,4,4,1.0,True,0.4138235673308372,13-r-irrigated-non-pivot-triticale,#A6761D
2025-03-05,13,Triticale,Cereal de invierno,Triticale,R,irrigated_non_pivot,4,0.4770994335412979,0.4385906085371971,0.5088919550180435,4,4,1.0,True,0.5670402720570564,13-r-irrigated-non-pivot-triticale,#A6761D
2025-03-10,13,Triticale,Cereal de invierno,Triticale,R,irrigated_non_pivot,3,0.6569811105728149,0.6546698808670044,0.7070057690143585,4,4,0.75,True,0.7125700563192368,13-r-irrigated-non-pivot-triticale,#A6761D
2025-03-15,13,Triticale,Cereal de invierno,Triticale,R,irrigated_non_pivot,4,0.7681590020656586,0.7363714873790741,0.7803094983100891,4,4,1.0,True,0.7739589065313339,13-r-irrigated-non-pivot-triticale,#A6761D
2025-03-25,13,Triticale,Cereal de invierno,Triticale,R,irrigated_non_pivot,4,0.7797588109970093,0.733895555138588,0.8194191455841064,4,4,1.0,True,0.8252554535865784,13-r-irrigated-non-pivot-triticale,#A6761D
2025-03-27,13,Triticale,Cereal de invierno,Triticale,R,irrigated_non_pivot,3,0.8121731877326965,0.7807050347328186,0.8176961839199066,4,4,0.75,True,0.8252554535865784,13-r-irrigated-non-pivot-triticale,#A6761D
2025-03-30,13,Triticale,Cereal de invierno,Triticale,R,irrigated_non_pivot,4,0.8252554535865784,0.7613900154829025,0.8636689633131027,4,4,1.0,True,0.8521689921617508,13-r-irrigated-non-pivot-triticale,#A6761D
2025-04-04,13,Triticale,Cereal de invierno,Triticale,R,irrigated_non_pivot,3,0.9694735407829284,0.9055901765823364,0.9708724319934844,4,4,0.75,True,0.8790825307369232,13-r-irrigated-non-pivot-triticale,#A6761D
2025-04-06,13,Triticale,Cereal de invierno,Triticale,R,irrigated_non_pivot,4,0.8790825307369232,0.8091564029455185,0.9052560031414032,4,4,1.0,True,0.8790825307369232,13-r-irrigated-non-pivot-triticale,#A6761D
2025-04-09,13,Triticale,Cereal de invierno,Triticale,R,irrigated_non_pivot,4,0.8823214769363403,0.8007994592189789,0.9065410047769548,4,4,1.0,True,0.8823214769363403,13-r-irrigated-non-pivot-triticale,#A6761D
2025-04-16,13,Triticale,Cereal de invierno,Triticale,R,irrigated_non_pivot,4,0.9361552596092224,0.8593565821647644,0.9479760229587556,4,4,1.0,True,0.935185730457306,13-r-irrigated-non-pivot-triticale,#A6761D
2025-04-24,13,Triticale,Cereal de invierno,Triticale,R,irrigated_non_pivot,4,0.935185730457306,0.8269977271556854,0.9448400288820268,4,4,1.0,True,0.9356704950332642,13-r-irrigated-non-pivot-triticale,#A6761D
2025-04-26,13,Triticale,Cereal de invierno,Triticale,R,irrigated_non_pivot,4,0.9408593475818634,0.8223240077495575,0.9523814767599106,4,4,1.0,True,0.9356704950332642,13-r-irrigated-non-pivot-triticale,#A6761D
2025-04-29,13,Triticale,Cereal de invierno,Triticale,R,irrigated_non_pivot,3,0.9339435696601868,0.92275008559227,0.9363490641117096,4,4,0.75,True,0.9356704950332642,13-r-irrigated-non-pivot-triticale,#A6761D
2025-05-04,13,Triticale,Cereal de invierno,Triticale,R,irrigated_non_pivot,3,0.9712233543395996,0.96414315700531,0.9730820953845978,4,4,0.75,True,0.9345646500587464,13-r-irrigated-non-pivot-triticale,#A6761D
2025-05-06,13,Triticale,Cereal de invierno,Triticale,R,irrigated_non_pivot,4,0.9073592126369476,0.7596413493156433,0.9161497354507446,4,4,1.0,True,0.9345646500587464,13-r-irrigated-non-pivot-triticale,#A6761D
2025-05-16,13,Triticale,Cereal de invierno,Triticale,R,irrigated_non_pivot,4,0.9141035676002502,0.7406652495265007,0.9231533855199814,4,4,1.0,True,0.9073592126369476,13-r-irrigated-non-pivot-triticale,#A6761D
2025-05-24,13,Triticale,Cereal de invierno,Triticale,R,irrigated_non_pivot,4,0.9021031856536864,0.7174976319074631,0.90797820687294,4,4,1.0,True,0.8402131199836731,13-r-irrigated-non-pivot-triticale,#A6761D
2025-05-29,13,Triticale,Cereal de invierno,Triticale,R,irrigated_non_pivot,4,0.8402131199836731,0.6665049530565739,0.8457874655723572,4,4,1.0,True,0.7975250035524368,13-r-irrigated-non-pivot-triticale,#A6761D
2025-06-03,13,Triticale,Cereal de invierno,Triticale,R,irrigated_non_pivot,4,0.7548368871212006,0.6004151292145252,0.7602135241031647,4,4,1.0,True,0.6995492726564407,13-r-irrigated-non-pivot-triticale,#A6761D
2025-06-08,13,Triticale,Cereal de invierno,Triticale,R,irrigated_non_pivot,4,0.6442616581916809,0.5158432237803936,0.6497661173343658,4,4,1.0,True,0.5160541161894798,13-r-irrigated-non-pivot-triticale,#A6761D
2025-06-13,13,Triticale,Cereal de invierno,Triticale,R,irrigated_non_pivot,4,0.3878465741872787,0.3217060342431068,0.3925859928131103,4,4,1.0,True,0.3334918469190597,13-r-irrigated-non-pivot-triticale,#A6761D
2025-06-18,13,Triticale,Cereal de invierno,Triticale,R,irrigated_non_pivot,4,0.2791371196508407,0.2409428916871547,0.2847103178501129,4,4,1.0,True,0.2577339671552181,13-r-irrigated-non-pivot-triticale,#A6761D
2025-06-23,13,Triticale,Cereal de invierno,Triticale,R,irrigated_non_pivot,4,0.2363308146595955,0.2031194157898426,0.2386535555124282,4,4,1.0,True,0.1844981238245964,13-r-irrigated-non-pivot-triticale,#A6761D
2025-06-28,13,Triticale,Cereal de invierno,Triticale,R,irrigated_non_pivot,4,0.1844981238245964,0.1659590862691402,0.1875698007643222,4,4,1.0,True,0.1616825014352798,13-r-irrigated-non-pivot-triticale,#A6761D
2025-07-03,13,Triticale,Cereal de invierno,Triticale,R,irrigated_non_pivot,4,0.136008895933628,0.1254463456571102,0.1383463889360427,4,4,1.0,True,0.1404100283980369,13-r-irrigated-non-pivot-triticale,#A6761D
2025-07-05,13,Triticale,Cereal de invierno,Triticale,R,irrigated_non_pivot,4,0.1327359452843666,0.1213912665843963,0.1355739720165729,4,4,1.0,True,0.1404100283980369,13-r-irrigated-non-pivot-triticale,#A6761D
2025-07-08,13,Triticale,Cereal de invierno,Triticale,R,irrigated_non_pivot,4,0.1616825014352798,0.1498934272676706,0.1639917567372322,4,4,1.0,True,0.136008895933628,13-r-irrigated-non-pivot-triticale,#A6761D
2025-07-13,13,Triticale,Cereal de invierno,Triticale,R,irrigated_non_pivot,4,0.1264776363968849,0.1196583230048418,0.1304633244872093,4,4,1.0,True,0.1343724206089973,13-r-irrigated-non-pivot-triticale,#A6761D
2025-07-15,13,Triticale,Cereal de invierno,Triticale,R,irrigated_non_pivot,4,0.1303470134735107,0.1198999341577291,0.1348171047866344,4,4,1.0,True,0.1343724206089973,13-r-irrigated-non-pivot-triticale,#A6761D
2025-07-18,13,Triticale,Cereal de invierno,Triticale,R,irrigated_non_pivot,4,0.1448111608624458,0.1321583874523639,0.1498237997293472,4,4,1.0,True,0.1319285631179809,13-r-irrigated-non-pivot-triticale,#A6761D
2025-07-25,13,Triticale,Cereal de invierno,Triticale,R,irrigated_non_pivot,4,0.144463762640953,0.1344526000320911,0.1482924409210682,4,4,1.0,True,0.130734097212553,13-r-irrigated-non-pivot-triticale,#A6761D
2025-07-28,13,Triticale,Cereal de invierno,Triticale,R,irrigated_non_pivot,4,0.1311211809515953,0.1227412540465593,0.1344386003911495,4,4,1.0,True,0.130734097212553,13-r-irrigated-non-pivot-triticale,#A6761D
2025-08-02,13,Triticale,Cereal de invierno,Triticale,R,irrigated_non_pivot,4,0.111824169754982,0.1068428438156843,0.114611692726612,4,4,1.0,True,0.1146512702107429,13-r-irrigated-non-pivot-triticale,#A6761D
2025-08-04,13,Triticale,Cereal de invierno,Triticale,R,irrigated_non_pivot,4,0.1459539532661438,0.1367097049951553,0.1481142938137054,4,4,1.0,True,0.1146512702107429,13-r-irrigated-non-pivot-triticale,#A6761D
2025-08-07,13,Triticale,Cereal de invierno,Triticale,R,irrigated_non_pivot,4,0.1146512702107429,0.1119145192205905,0.1167540326714515,4,4,1.0,True,0.1212893314659595,13-r-irrigated-non-pivot-triticale,#A6761D
2025-08-12,13,Triticale,Cereal de invierno,Triticale,R,irrigated_non_pivot,4,0.1097072809934616,0.1078642960637807,0.1119696274399757,4,4,1.0,True,0.1146512702107429,13-r-irrigated-non-pivot-triticale,#A6761D
2025-08-14,13,Triticale,Cereal de invierno,Triticale,R,irrigated_non_pivot,4,0.1133202463388443,0.1087780352681875,0.1176042184233665,4,4,1.0,True,0.1146512702107429,13-r-irrigated-non-pivot-triticale,#A6761D
2025-08-22,13,Triticale,Cereal de invierno,Triticale,R,irrigated_non_pivot,4,0.1279273927211761,0.1248772218823432,0.1303644925355911,4,4,1.0,True,0.1284272000193596,13-r-irrigated-non-pivot-triticale,#A6761D
2025-08-24,13,Triticale,Cereal de invierno,Triticale,R,irrigated_non_pivot,4,0.1379602029919624,0.1317693255841732,0.145583439618349,4,4,1.0,True,0.1284272000193596,13-r-irrigated-non-pivot-triticale,#A6761D
2025-09-01,13,Triticale,Cereal de invierno,Triticale,R,irrigated_non_pivot,4,0.1340503245592117,0.1281484831124544,0.1490992605686187,4,4,1.0,True,0.1306387409567833,13-r-irrigated-non-pivot-triticale,#A6761D
2025-09-03,13,Triticale,Cereal de invierno,Triticale,R,irrigated_non_pivot,4,0.1284272000193596,0.1207966655492782,0.1430780366063118,4,4,1.0,True,0.1306387409567833,13-r-irrigated-non-pivot-triticale,#A6761D
2025-09-06,13,Triticale,Cereal de invierno,Triticale,R,irrigated_non_pivot,4,0.132850281894207,0.1233112812042236,0.1423865184187889,4,4,1.0,True,0.132850281894207,13-r-irrigated-non-pivot-triticale,#A6761D
2025-09-11,13,Triticale,Cereal de invierno,Triticale,R,irrigated_non_pivot,4,0.1243583150207996,0.1183355040848255,0.1308897584676742,4,4,1.0,True,0.1334503032267093,13-r-irrigated-non-pivot-triticale,#A6761D
2025-09-23,13,Triticale,Cereal de invierno,Triticale,R,irrigated_non_pivot,4,0.197306327521801,0.1705159246921539,0.2144646123051643,4,4,1.0,True,0.2414876297116279,13-r-irrigated-non-pivot-triticale,#A6761D
2025-09-26,13,Triticale,Cereal de invierno,Triticale,R,irrigated_non_pivot,4,0.2414876297116279,0.2016375996172428,0.2643339410424232,4,4,1.0,True,0.339949119836092,13-r-irrigated-non-pivot-triticale,#A6761D
2025-10-01,13,Triticale,Cereal de invierno,Triticale,R,irrigated_non_pivot,4,0.438410609960556,0.3360838275402784,0.4775950014591217,4,4,1.0,True,0.339949119836092,13-r-irrigated-non-pivot-triticale,#A6761D
2025-10-06,13,Triticale,Cereal de invierno,Triticale,R,irrigated_non_pivot,4,0.6282141208648682,0.4698180481791496,0.6760438084602356,4,4,1.0,True,0.438410609960556,13-r-irrigated-non-pivot-triticale,#A6761D
2025-10-21,13,Triticale,Cereal de invierno,Triticale,R,irrigated_non_pivot,4,0.9021265506744384,0.696119537577033,0.9136498123407364,4,4,1.0,True,0.9021265506744384,13-r-irrigated-non-pivot-triticale,#A6761D
2025-10-23,13,Triticale,Cereal de invierno,Triticale,R,irrigated_non_pivot,4,0.8880422413349152,0.6901781931519508,0.8975714594125748,4,4,1.0,True,0.9021265506744384,13-r-irrigated-non-pivot-triticale,#A6761D
2025-10-26,13,Triticale,Cereal de invierno,Triticale,R,irrigated_non_pivot,4,0.923836350440979,0.7243277430534363,0.9324204176664352,4,4,1.0,True,0.9021265506744384,13-r-irrigated-non-pivot-triticale,#A6761D
2024-09-11,13,Triticale,Cereal de invierno,Triticale,S,dryland,25,0.1100941151380539,0.1036970317363739,0.1251199692487716,27,27,0.925925925925926,True,0.1106063444167375,13-s-dryland-triticale,#56B4E9
2024-09-16,13,Triticale,Cereal de invierno,Triticale,S,dryland,26,0.1111185736954212,0.1014401689171791,0.1288993749767542,27,27,0.9629629629629628,True,0.1106063444167375,13-s-dryland-triticale,#56B4E9
2024-10-11,13,Triticale,Cereal de invierno,Triticale,S,dryland,27,0.126539722084999,0.1163928620517253,0.1430413946509361,27,27,1.0,True,0.1230441108345985,13-s-dryland-triticale,#56B4E9
2024-10-21,13,Triticale,Cereal de invierno,Triticale,S,dryland,27,0.119548499584198,0.0999933071434497,0.166603073477745,27,27,1.0,True,0.126539722084999,13-s-dryland-triticale,#56B4E9
2024-11-05,13,Triticale,Cereal de invierno,Triticale,S,dryland,27,0.1877990216016769,0.1656289920210838,0.2469235435128212,27,27,1.0,True,0.2347835078835487,13-s-dryland-triticale,#56B4E9
2024-11-10,13,Triticale,Cereal de invierno,Triticale,S,dryland,27,0.2817679941654205,0.2013048902153968,0.3841967731714248,27,27,1.0,True,0.2347835078835487,13-s-dryland-triticale,#56B4E9
2024-12-05,13,Triticale,Cereal de invierno,Triticale,S,dryland,27,0.4619882702827453,0.2435683980584144,0.6696992814540863,27,27,1.0,True,0.4620839953422546,13-s-dryland-triticale,#56B4E9
2024-12-10,13,Triticale,Cereal de invierno,Triticale,S,dryland,27,0.4399999976158142,0.2476038932800293,0.6794925928115845,27,27,1.0,True,0.4619882702827453,13-s-dryland-triticale,#56B4E9
2024-12-15,13,Triticale,Cereal de invierno,Triticale,S,dryland,27,0.4644826054573059,0.2651423811912536,0.689417153596878,27,27,1.0,True,0.4619882702827453,13-s-dryland-triticale,#56B4E9
2024-12-20,13,Triticale,Cereal de invierno,Triticale,S,dryland,27,0.4621797204017639,0.2810248136520386,0.6786840260028839,27,27,1.0,True,0.4611577987670898,13-s-dryland-triticale,#56B4E9
2024-12-25,13,Triticale,Cereal de invierno,Triticale,S,dryland,27,0.4611577987670898,0.271643728017807,0.6462032198905945,27,27,1.0,True,0.4611577987670898,13-s-dryland-triticale,#56B4E9
2025-01-04,13,Triticale,Cereal de invierno,Triticale,S,dryland,27,0.3835152685642242,0.3020705133676529,0.6868866384029388,27,27,1.0,True,0.3893400579690933,13-s-dryland-triticale,#56B4E9
2025-01-09,13,Triticale,Cereal de invierno,Triticale,S,dryland,27,0.3906784355640411,0.3169267773628235,0.7030108273029327,27,27,1.0,True,0.3857584744691849,13-s-dryland-triticale,#56B4E9
2025-01-14,13,Triticale,Cereal de invierno,Triticale,S,dryland,27,0.3880016803741455,0.3071690797805786,0.6794352531433105,27,27,1.0,True,0.3857584744691849,13-s-dryland-triticale,#56B4E9
2025-01-24,13,Triticale,Cereal de invierno,Triticale,S,dryland,20,0.3533672243356704,0.284624233841896,0.6394517123699188,27,27,0.7407407407407407,True,0.3987414240837097,13-s-dryland-triticale,#56B4E9
2025-02-03,13,Triticale,Cereal de invierno,Triticale,S,dryland,27,0.4094811677932739,0.3178826421499252,0.6533105969429016,27,27,1.0,True,0.4116205126047134,13-s-dryland-triticale,#56B4E9
2025-02-08,13,Triticale,Cereal de invierno,Triticale,S,dryland,27,0.4154819250106811,0.335017591714859,0.6762897372245789,27,27,1.0,True,0.414620891213417,13-s-dryland-triticale,#56B4E9
2025-02-13,13,Triticale,Cereal de invierno,Triticale,S,dryland,27,0.4137598574161529,0.3430844247341156,0.65025594830513,27,27,1.0,True,0.414620891213417,13-s-dryland-triticale,#56B4E9
2025-02-23,13,Triticale,Cereal de invierno,Triticale,S,dryland,27,0.4642789363861084,0.3518649041652679,0.6385400295257568,27,27,1.0,True,0.4568113684654236,13-s-dryland-triticale,#56B4E9
2025-03-05,13,Triticale,Cereal de invierno,Triticale,S,dryland,25,0.4568113684654236,0.3859940767288208,0.6210509538650513,27,27,0.925925925925926,True,0.4642789363861084,13-s-dryland-triticale,#56B4E9
2025-03-15,13,Triticale,Cereal de invierno,Triticale,S,dryland,27,0.607422947883606,0.5026171952486038,0.797605961561203,27,27,1.0,True,0.6315076351165771,13-s-dryland-triticale,#56B4E9
2025-03-25,13,Triticale,Cereal de invierno,Triticale,S,dryland,17,0.6873602867126465,0.5776031017303467,0.7957836389541626,27,27,0.6296296296296297,True,0.6626127362251282,13-s-dryland-triticale,#56B4E9
2025-03-27,13,Triticale,Cereal de invierno,Triticale,S,dryland,27,0.6378651857376099,0.529215008020401,0.7828291356563568,27,27,1.0,True,0.6626127362251282,13-s-dryland-triticale,#56B4E9
2025-03-30,13,Triticale,Cereal de invierno,Triticale,S,dryland,27,0.6315076351165771,0.5244011282920837,0.8030045330524445,27,27,1.0,True,0.6873602867126465,13-s-dryland-triticale,#56B4E9
2025-04-06,13,Triticale,Cereal de invierno,Triticale,S,dryland,27,0.7224759459495544,0.5499868392944336,0.8408501446247101,27,27,1.0,True,0.6973736584186554,13-s-dryland-triticale,#56B4E9
2025-04-09,13,Triticale,Cereal de invierno,Triticale,S,dryland,27,0.7073870301246643,0.522492527961731,0.8007634878158569,27,27,1.0,True,0.7056141793727875,13-s-dryland-triticale,#56B4E9
2025-04-16,13,Triticale,Cereal de invierno,Triticale,S,dryland,27,0.7655282020568848,0.5655575394630432,0.8577874898910522,27,27,1.0,True,0.7073870301246643,13-s-dryland-triticale,#56B4E9
2025-04-24,13,Triticale,Cereal de invierno,Triticale,S,dryland,27,0.7038413286209106,0.4818224012851715,0.7907514274120331,27,27,1.0,True,0.6915148794651031,13-s-dryland-triticale,#56B4E9
2025-04-26,13,Triticale,Cereal de invierno,Triticale,S,dryland,27,0.6791884303092957,0.4743424654006958,0.770050436258316,27,27,1.0,True,0.6915148794651031,13-s-dryland-triticale,#56B4E9
2025-05-04,13,Triticale,Cereal de invierno,Triticale,S,dryland,24,0.4918514192104339,0.3651091754436493,0.5922434478998184,27,27,0.8888888888888888,True,0.5855199247598648,13-s-dryland-triticale,#56B4E9
2025-05-16,13,Triticale,Cereal de invierno,Triticale,S,dryland,27,0.4001590609550476,0.2880561798810959,0.4554332345724106,27,27,1.0,True,0.2863795161247253,13-s-dryland-triticale,#56B4E9
2025-05-24,13,Triticale,Cereal de invierno,Triticale,S,dryland,27,0.2863795161247253,0.229349173605442,0.3152005076408386,27,27,1.0,True,0.228639543056488,13-s-dryland-triticale,#56B4E9
2025-05-26,13,Triticale,Cereal de invierno,Triticale,S,dryland,24,0.240456074476242,0.2036912068724632,0.2737012133002281,27,27,0.8888888888888888,True,0.228639543056488,13-s-dryland-triticale,#56B4E9
2025-05-29,13,Triticale,Cereal de invierno,Triticale,S,dryland,27,0.216823011636734,0.1974655762314796,0.2315880209207534,27,27,1.0,True,0.216823011636734,13-s-dryland-triticale,#56B4E9
2025-06-03,13,Triticale,Cereal de invierno,Triticale,S,dryland,27,0.1839499771595001,0.1753293722867965,0.2000067830085754,27,27,1.0,True,0.1839499771595001,13-s-dryland-triticale,#56B4E9
2025-06-08,13,Triticale,Cereal de invierno,Triticale,S,dryland,27,0.165005162358284,0.153863787651062,0.1793902665376663,27,27,1.0,True,0.165005162358284,13-s-dryland-triticale,#56B4E9
2025-06-13,13,Triticale,Cereal de invierno,Triticale,S,dryland,27,0.154950737953186,0.1419933214783668,0.1721717044711113,27,27,1.0,True,0.1550822257995605,13-s-dryland-triticale,#56B4E9
2025-06-18,13,Triticale,Cereal de invierno,Triticale,S,dryland,27,0.155213713645935,0.1425379142165184,0.1682909503579139,27,27,1.0,True,0.1475562304258346,13-s-dryland-triticale,#56B4E9
2025-06-23,13,Triticale,Cereal de invierno,Triticale,S,dryland,27,0.1401617228984832,0.1299969926476478,0.1474390253424644,27,27,1.0,True,0.1383812129497528,13-s-dryland-triticale,#56B4E9
2025-06-28,13,Triticale,Cereal de invierno,Triticale,S,dryland,27,0.1383812129497528,0.129806786775589,0.1425725817680359,27,27,1.0,True,0.1343147754669189,13-s-dryland-triticale,#56B4E9
2025-07-03,13,Triticale,Cereal de invierno,Triticale,S,dryland,27,0.1296508610248565,0.1174570806324482,0.1431779563426971,27,27,1.0,True,0.1255102455615997,13-s-dryland-triticale,#56B4E9
2025-07-05,13,Triticale,Cereal de invierno,Triticale,S,dryland,27,0.1156324818730354,0.1082007884979248,0.1283601447939872,27,27,1.0,True,0.1255102455615997,13-s-dryland-triticale,#56B4E9
2025-07-08,13,Triticale,Cereal de invierno,Triticale,S,dryland,27,0.1343147754669189,0.1293563693761825,0.1415977329015731,27,27,1.0,True,0.1213696300983429,13-s-dryland-triticale,#56B4E9
2025-07-13,13,Triticale,Cereal de invierno,Triticale,S,dryland,27,0.1167805641889572,0.1093267202377319,0.1322006210684776,27,27,1.0,True,0.1184605620801448,13-s-dryland-triticale,#56B4E9
2025-07-15,13,Triticale,Cereal de invierno,Triticale,S,dryland,27,0.1072910726070404,0.1003813631832599,0.1214220523834228,27,27,1.0,True,0.1184605620801448,13-s-dryland-triticale,#56B4E9
2025-07-18,13,Triticale,Cereal de invierno,Triticale,S,dryland,27,0.1213696300983429,0.1145344898104667,0.1335419267416,27,27,1.0,True,0.1184605620801448,13-s-dryland-triticale,#56B4E9
2025-07-25,13,Triticale,Cereal de invierno,Triticale,S,dryland,26,0.1186689510941505,0.1087164208292961,0.1344377771019935,27,27,0.9629629629629628,True,0.1200192905962467,13-s-dryland-triticale,#56B4E9
2025-07-28,13,Triticale,Cereal de invierno,Triticale,S,dryland,27,0.1182521730661392,0.1117271408438682,0.1320795118808746,27,27,1.0,True,0.1215417385101318,13-s-dryland-triticale,#56B4E9
2025-08-02,13,Triticale,Cereal de invierno,Triticale,S,dryland,27,0.1226957142353057,0.1160095706582069,0.1385780721902847,27,27,1.0,True,0.1226957142353057,13-s-dryland-triticale,#56B4E9
2025-08-04,13,Triticale,Cereal de invierno,Triticale,S,dryland,18,0.1280557885766029,0.1085909642279148,0.1489670686423778,27,27,0.6666666666666666,True,0.1226957142353057,13-s-dryland-triticale,#56B4E9
2025-08-07,13,Triticale,Cereal de invierno,Triticale,S,dryland,27,0.1217138469219207,0.1110774427652359,0.1331428810954094,27,27,1.0,True,0.1227847822010517,13-s-dryland-triticale,#56B4E9
2025-08-12,13,Triticale,Cereal de invierno,Triticale,S,dryland,27,0.1228738501667976,0.1144351735711097,0.1361958906054496,27,27,1.0,True,0.1292965747416019,13-s-dryland-triticale,#56B4E9
2025-08-14,13,Triticale,Cereal de invierno,Triticale,S,dryland,27,0.1305373609066009,0.1220342703163623,0.150277554988861,27,27,1.0,True,0.1292965747416019,13-s-dryland-triticale,#56B4E9
2025-08-22,13,Triticale,Cereal de invierno,Triticale,S,dryland,27,0.1329547315835952,0.127613753080368,0.1529718339443206,27,27,1.0,True,0.1317460462450981,13-s-dryland-triticale,#56B4E9
2025-08-24,13,Triticale,Cereal de invierno,Triticale,S,dryland,27,0.1342644691467285,0.1255247890949249,0.1519580334424972,27,27,1.0,True,0.1317460462450981,13-s-dryland-triticale,#56B4E9
2025-08-27,13,Triticale,Cereal de invierno,Triticale,S,dryland,26,0.1445347964763641,0.1235264409333467,0.1566648483276367,27,27,0.9629629629629628,True,0.1317725181579589,13-s-dryland-triticale,#56B4E9
2025-09-01,13,Triticale,Cereal de invierno,Triticale,S,dryland,27,0.137706771492958,0.1322447881102562,0.158262014389038,27,27,1.0,True,0.1329547315835952,13-s-dryland-triticale,#56B4E9
2025-09-03,13,Triticale,Cereal de invierno,Triticale,S,dryland,27,0.1273376792669296,0.1184038892388343,0.1479706242680549,27,27,1.0,True,0.1329547315835952,13-s-dryland-triticale,#56B4E9
2025-09-06,13,Triticale,Cereal de invierno,Triticale,S,dryland,27,0.1273447275161743,0.1172562465071678,0.1480971202254295,27,27,1.0,True,0.1324273869395256,13-s-dryland-triticale,#56B4E9
2025-09-11,13,Triticale,Cereal de invierno,Triticale,S,dryland,27,0.1305903047323227,0.1204732581973075,0.1463092416524887,27,27,1.0,True,0.1341485381126403,13-s-dryland-triticale,#56B4E9
2025-09-23,13,Triticale,Cereal de invierno,Triticale,S,dryland,27,0.1385056376457214,0.1293568685650825,0.1566906869411468,27,27,1.0,True,0.1385056376457214,13-s-dryland-triticale,#56B4E9
2025-09-26,13,Triticale,Cereal de invierno,Triticale,S,dryland,27,0.1463851928710937,0.1395810917019844,0.1642938032746315,27,27,1.0,True,0.139928787946701,13-s-dryland-triticale,#56B4E9
2025-10-01,13,Triticale,Cereal de invierno,Triticale,S,dryland,27,0.1413519382476806,0.1316071152687072,0.157313697040081,27,27,1.0,True,0.1385056376457214,13-s-dryland-triticale,#56B4E9
2025-10-06,13,Triticale,Cereal de invierno,Triticale,S,dryland,27,0.1375088691711425,0.1271643303334713,0.1486741825938224,27,27,1.0,True,0.138007253408432,13-s-dryland-triticale,#56B4E9
2025-10-16,13,Triticale,Cereal de invierno,Triticale,S,dryland,20,0.1162015460431575,0.1051462274044752,0.1293790154159069,27,27,0.7407407407407407,True,0.1324333250522613,13-s-dryland-triticale,#56B4E9
2025-10-21,13,Triticale,Cereal de invierno,Triticale,S,dryland,27,0.1255664080381393,0.1122806891798973,0.1372055411338806,27,27,1.0,True,0.1289998665452003,13-s-dryland-triticale,#56B4E9
2025-10-23,13,Triticale,Cereal de invierno,Triticale,S,dryland,27,0.1324333250522613,0.1196543537080288,0.1467807218432426,27,27,1.0,True,0.1289998665452003,13-s-dryland-triticale,#56B4E9
2025-10-26,13,Triticale,Cereal de invierno,Triticale,S,dryland,27,0.1591033637523651,0.1495393961668014,0.1701071485877037,27,27,1.0,True,0.1289998665452003,13-s-dryland-triticale,#56B4E9
2024-09-11,20,Barbecho tradicional,Barbecho,Barbecho tradicional,R,irrigated_non_pivot,4,0.2183793559670448,0.1916752457618713,0.2513568103313446,4,4,1.0,True,0.2131158299744129,20-r-irrigated-non-pivot-barbecho-tradicional,#B15928
2024-09-16,20,Barbecho tradicional,Barbecho,Barbecho tradicional,R,irrigated_non_pivot,4,0.207852303981781,0.1825754940509796,0.2368098497390747,4,4,1.0,True,0.2131158299744129,20-r-irrigated-non-pivot-barbecho-tradicional,#B15928
2024-10-11,20,Barbecho tradicional,Barbecho,Barbecho tradicional,R,irrigated_non_pivot,4,0.3030085861682892,0.2519064396619797,0.3815709948539734,4,4,1.0,True,0.3072900623083114,20-r-irrigated-non-pivot-barbecho-tradicional,#B15928
2024-10-21,20,Barbecho tradicional,Barbecho,Barbecho tradicional,R,irrigated_non_pivot,4,0.3115715384483337,0.2997770607471466,0.356725662946701,4,4,1.0,True,0.3115715384483337,20-r-irrigated-non-pivot-barbecho-tradicional,#B15928
2024-11-05,20,Barbecho tradicional,Barbecho,Barbecho tradicional,R,irrigated_non_pivot,4,0.3358473926782608,0.3145563080906868,0.4081122875213623,4,4,1.0,True,0.3636684119701385,20-r-irrigated-non-pivot-barbecho-tradicional,#B15928
2024-11-10,20,Barbecho tradicional,Barbecho,Barbecho tradicional,R,irrigated_non_pivot,4,0.3914894312620163,0.3530861511826515,0.4849365651607513,4,4,1.0,True,0.3636684119701385,20-r-irrigated-non-pivot-barbecho-tradicional,#B15928
2024-12-05,20,Barbecho tradicional,Barbecho,Barbecho tradicional,R,irrigated_non_pivot,4,0.5008569657802582,0.4352932199835777,0.5979229807853699,4,4,1.0,True,0.5038316771388054,20-r-irrigated-non-pivot-barbecho-tradicional,#B15928
2024-12-10,20,Barbecho tradicional,Barbecho,Barbecho tradicional,R,irrigated_non_pivot,4,0.4824946969747543,0.4144789576530456,0.5901571214199066,4,4,1.0,True,0.5008569657802582,20-r-irrigated-non-pivot-barbecho-tradicional,#B15928
2024-12-15,20,Barbecho tradicional,Barbecho,Barbecho tradicional,R,irrigated_non_pivot,4,0.5068063884973526,0.4372656792402267,0.610737144947052,4,4,1.0,True,0.5008569657802582,20-r-irrigated-non-pivot-barbecho-tradicional,#B15928
2024-12-20,20,Barbecho tradicional,Barbecho,Barbecho tradicional,R,irrigated_non_pivot,4,0.5095322132110596,0.4380165040493011,0.6104724258184433,4,4,1.0,True,0.4848862737417221,20-r-irrigated-non-pivot-barbecho-tradicional,#B15928
2024-12-25,20,Barbecho tradicional,Barbecho,Barbecho tradicional,R,irrigated_non_pivot,4,0.4738966226577759,0.4043647944927215,0.5784348249435425,4,4,1.0,True,0.4879426062107086,20-r-irrigated-non-pivot-barbecho-tradicional,#B15928
2025-01-04,20,Barbecho tradicional,Barbecho,Barbecho tradicional,R,irrigated_non_pivot,4,0.4848862737417221,0.4241678491234779,0.5855944752693176,4,4,1.0,True,0.4838803708553314,20-r-irrigated-non-pivot-barbecho-tradicional,#B15928
2025-01-09,20,Barbecho tradicional,Barbecho,Barbecho tradicional,R,irrigated_non_pivot,4,0.4879426062107086,0.4276205748319626,0.5858800262212753,4,4,1.0,True,0.4838803708553314,20-r-irrigated-non-pivot-barbecho-tradicional,#B15928
2025-01-14,20,Barbecho tradicional,Barbecho,Barbecho tradicional,R,irrigated_non_pivot,4,0.4828744679689407,0.4173723235726356,0.5883518904447556,4,4,1.0,True,0.4838803708553314,20-r-irrigated-non-pivot-barbecho-tradicional,#B15928
2025-01-24,20,Barbecho tradicional,Barbecho,Barbecho tradicional,R,irrigated_non_pivot,4,0.4499432742595672,0.3866311907768249,0.5449448525905609,4,4,1.0,True,0.4502336755394935,20-r-irrigated-non-pivot-barbecho-tradicional,#B15928
2025-02-03,20,Barbecho tradicional,Barbecho,Barbecho tradicional,R,irrigated_non_pivot,4,0.4353853911161423,0.3771327510476112,0.5126596391201019,4,4,1.0,True,0.4469972625374794,20-r-irrigated-non-pivot-barbecho-tradicional,#B15928
2025-02-08,20,Barbecho tradicional,Barbecho,Barbecho tradicional,R,irrigated_non_pivot,4,0.4505240768194198,0.3900209367275238,0.5199569761753082,4,4,1.0,True,0.4397183209657669,20-r-irrigated-non-pivot-barbecho-tradicional,#B15928
2025-02-13,20,Barbecho tradicional,Barbecho,Barbecho tradicional,R,irrigated_non_pivot,4,0.4440512508153915,0.3812249824404716,0.4980070069432258,4,4,1.0,True,0.4397183209657669,20-r-irrigated-non-pivot-barbecho-tradicional,#B15928
2025-02-23,20,Barbecho tradicional,Barbecho,Barbecho tradicional,R,irrigated_non_pivot,4,0.3762243092060089,0.3567708656191826,0.4039281085133552,4,4,1.0,True,0.3762243092060089,20-r-irrigated-non-pivot-barbecho-tradicional,#B15928
2025-03-05,20,Barbecho tradicional,Barbecho,Barbecho tradicional,R,irrigated_non_pivot,3,0.3476702868938446,0.337463229894638,0.4000629484653473,4,4,0.75,True,0.3762243092060089,20-r-irrigated-non-pivot-barbecho-tradicional,#B15928
2025-03-15,20,Barbecho tradicional,Barbecho,Barbecho tradicional,R,irrigated_non_pivot,4,0.4942896068096161,0.453522190451622,0.5410446971654892,4,4,1.0,True,0.5198533087968826,20-r-irrigated-non-pivot-barbecho-tradicional,#B15928
2025-03-25,20,Barbecho tradicional,Barbecho,Barbecho tradicional,R,irrigated_non_pivot,3,0.5274776816368103,0.5196129977703094,0.5605356395244598,4,4,0.75,True,0.5294840335845947,20-r-irrigated-non-pivot-barbecho-tradicional,#B15928
2025-03-27,20,Barbecho tradicional,Barbecho,Barbecho tradicional,R,irrigated_non_pivot,4,0.5198533087968826,0.4871571511030197,0.5526706874370575,4,4,1.0,True,0.5294840335845947,20-r-irrigated-non-pivot-barbecho-tradicional,#B15928
2025-03-30,20,Barbecho tradicional,Barbecho,Barbecho tradicional,R,irrigated_non_pivot,4,0.5294840335845947,0.4958657547831535,0.5638447254896164,4,4,1.0,True,0.5311994403600693,20-r-irrigated-non-pivot-barbecho-tradicional,#B15928
2025-04-04,20,Barbecho tradicional,Barbecho,Barbecho tradicional,R,irrigated_non_pivot,3,0.6293643712997437,0.5679038465023041,0.6411121785640717,4,4,0.75,True,0.5329148471355438,20-r-irrigated-non-pivot-barbecho-tradicional,#B15928
2025-04-06,20,Barbecho tradicional,Barbecho,Barbecho tradicional,R,irrigated_non_pivot,4,0.5492824614048004,0.5132638365030289,0.5822373032569885,4,4,1.0,True,0.5329148471355438,20-r-irrigated-non-pivot-barbecho-tradicional,#B15928
2025-04-09,20,Barbecho tradicional,Barbecho,Barbecho tradicional,R,irrigated_non_pivot,4,0.5329148471355438,0.4976546615362167,0.5650719106197357,4,4,1.0,True,0.5436036884784698,20-r-irrigated-non-pivot-barbecho-tradicional,#B15928
2025-04-16,20,Barbecho tradicional,Barbecho,Barbecho tradicional,R,irrigated_non_pivot,4,0.629632830619812,0.5953078269958496,0.6399982124567032,4,4,1.0,True,0.5464430749416351,20-r-irrigated-non-pivot-barbecho-tradicional,#B15928
2025-04-24,20,Barbecho tradicional,Barbecho,Barbecho tradicional,R,irrigated_non_pivot,4,0.5436036884784698,0.5088335424661636,0.5605435967445374,4,4,1.0,True,0.5170632302761078,20-r-irrigated-non-pivot-barbecho-tradicional,#B15928
2025-04-26,20,Barbecho tradicional,Barbecho,Barbecho tradicional,R,irrigated_non_pivot,4,0.5170632302761078,0.4879710897803306,0.5336593687534332,4,4,1.0,True,0.5170632302761078,20-r-irrigated-non-pivot-barbecho-tradicional,#B15928
2025-05-04,20,Barbecho tradicional,Barbecho,Barbecho tradicional,R,irrigated_non_pivot,4,0.3911142498254776,0.3760685473680496,0.4088750705122947,4,4,1.0,True,0.3911142498254776,20-r-irrigated-non-pivot-barbecho-tradicional,#B15928
2025-05-06,20,Barbecho tradicional,Barbecho,Barbecho tradicional,R,irrigated_non_pivot,3,0.3862580955028534,0.36331407725811,0.40672267973423,4,4,0.75,True,0.3911142498254776,20-r-irrigated-non-pivot-barbecho-tradicional,#B15928
2025-05-16,20,Barbecho tradicional,Barbecho,Barbecho tradicional,R,irrigated_non_pivot,4,0.3291326314210892,0.2952090762555599,0.3498086556792259,4,4,1.0,True,0.3291326314210892,20-r-irrigated-non-pivot-barbecho-tradicional,#B15928
2025-05-24,20,Barbecho tradicional,Barbecho,Barbecho tradicional,R,irrigated_non_pivot,4,0.2660019993782043,0.23759825527668,0.2802681624889374,4,4,1.0,True,0.2265239357948303,20-r-irrigated-non-pivot-barbecho-tradicional,#B15928
2025-05-29,20,Barbecho tradicional,Barbecho,Barbecho tradicional,R,irrigated_non_pivot,4,0.2265239357948303,0.2025164365768432,0.2414595186710357,4,4,1.0,True,0.2155908681452274,20-r-irrigated-non-pivot-barbecho-tradicional,#B15928
2025-06-03,20,Barbecho tradicional,Barbecho,Barbecho tradicional,R,irrigated_non_pivot,4,0.2046578004956245,0.1828661188483238,0.2196437194943428,4,4,1.0,True,0.1967730522155761,20-r-irrigated-non-pivot-barbecho-tradicional,#B15928
2025-06-08,20,Barbecho tradicional,Barbecho,Barbecho tradicional,R,irrigated_non_pivot,4,0.1888883039355278,0.1706131994724273,0.2011754289269447,4,4,1.0,True,0.1847261860966682,20-r-irrigated-non-pivot-barbecho-tradicional,#B15928
2025-06-13,20,Barbecho tradicional,Barbecho,Barbecho tradicional,R,irrigated_non_pivot,4,0.1768275797367096,0.1632885411381721,0.1887115873396396,4,4,1.0,True,0.1786958239972591,20-r-irrigated-non-pivot-barbecho-tradicional,#B15928
2025-06-18,20,Barbecho tradicional,Barbecho,Barbecho tradicional,R,irrigated_non_pivot,4,0.1805640682578086,0.1682259440422058,0.1882968470454216,4,4,1.0,True,0.17318020388484,20-r-irrigated-non-pivot-barbecho-tradicional,#B15928
2025-06-23,20,Barbecho tradicional,Barbecho,Barbecho tradicional,R,irrigated_non_pivot,4,0.1695328280329704,0.1563649922609329,0.1771410554647445,4,4,1.0,True,0.1648192182183265,20-r-irrigated-non-pivot-barbecho-tradicional,#B15928
2025-06-28,20,Barbecho tradicional,Barbecho,Barbecho tradicional,R,irrigated_non_pivot,4,0.1648192182183265,0.1521710027009248,0.1717534288764,4,4,1.0,True,0.1648192182183265,20-r-irrigated-non-pivot-barbecho-tradicional,#B15928
2025-07-03,20,Barbecho tradicional,Barbecho,Barbecho tradicional,R,irrigated_non_pivot,4,0.1360703930258751,0.1255575995892286,0.1483537182211876,4,4,1.0,True,0.154596135020256,20-r-irrigated-non-pivot-barbecho-tradicional,#B15928
2025-07-05,20,Barbecho tradicional,Barbecho,Barbecho tradicional,R,irrigated_non_pivot,4,0.1325250416994094,0.1211848426610231,0.1455961652100086,4,4,1.0,True,0.154596135020256,20-r-irrigated-non-pivot-barbecho-tradicional,#B15928
2025-07-08,20,Barbecho tradicional,Barbecho,Barbecho tradicional,R,irrigated_non_pivot,4,0.1623764261603355,0.1519216783344745,0.1705176942050457,4,4,1.0,True,0.1468158438801765,20-r-irrigated-non-pivot-barbecho-tradicional,#B15928
2025-07-13,20,Barbecho tradicional,Barbecho,Barbecho tradicional,R,irrigated_non_pivot,4,0.168943852186203,0.1464722752571106,0.18983731046319,4,4,1.0,True,0.1422180496156215,20-r-irrigated-non-pivot-barbecho-tradicional,#B15928
2025-07-15,20,Barbecho tradicional,Barbecho,Barbecho tradicional,R,irrigated_non_pivot,4,0.1389317214488983,0.1226334311068058,0.15589240193367,4,4,1.0,True,0.1422180496156215,20-r-irrigated-non-pivot-barbecho-tradicional,#B15928
2025-07-18,20,Barbecho tradicional,Barbecho,Barbecho tradicional,R,irrigated_non_pivot,4,0.1468158438801765,0.1279068682342767,0.1649629548192024,4,4,1.0,True,0.1422180496156215,20-r-irrigated-non-pivot-barbecho-tradicional,#B15928
2025-07-25,20,Barbecho tradicional,Barbecho,Barbecho tradicional,R,irrigated_non_pivot,4,0.1431179195642471,0.1281346101313829,0.1587831564247608,4,4,1.0,True,0.1422180496156215,20-r-irrigated-non-pivot-barbecho-tradicional,#B15928
2025-07-28,20,Barbecho tradicional,Barbecho,Barbecho tradicional,R,irrigated_non_pivot,4,0.141318179666996,0.1266608145087957,0.156406033784151,4,4,1.0,True,0.1401249505579471,20-r-irrigated-non-pivot-barbecho-tradicional,#B15928
2025-08-02,20,Barbecho tradicional,Barbecho,Barbecho tradicional,R,irrigated_non_pivot,4,0.1285338997840881,0.1147727370262146,0.1432877257466316,4,4,1.0,True,0.1322750300168991,20-r-irrigated-non-pivot-barbecho-tradicional,#B15928
2025-08-04,20,Barbecho tradicional,Barbecho,Barbecho tradicional,R,irrigated_non_pivot,3,0.1485436707735061,0.1310221366584301,0.1637455224990844,4,4,0.75,True,0.1322750300168991,20-r-irrigated-non-pivot-barbecho-tradicional,#B15928
2025-08-07,20,Barbecho tradicional,Barbecho,Barbecho tradicional,R,irrigated_non_pivot,4,0.1322750300168991,0.1124563105404377,0.1503411568701267,4,4,1.0,True,0.1358776502311229,20-r-irrigated-non-pivot-barbecho-tradicional,#B15928
2025-08-12,20,Barbecho tradicional,Barbecho,Barbecho tradicional,R,irrigated_non_pivot,4,0.1248917840421199,0.1103263609111309,0.1367487609386444,4,4,1.0,True,0.1322750300168991,20-r-irrigated-non-pivot-barbecho-tradicional,#B15928
2025-08-14,20,Barbecho tradicional,Barbecho,Barbecho tradicional,R,irrigated_non_pivot,4,0.1148923076689243,0.1039420757442712,0.1260525379329919,4,4,1.0,True,0.1322750300168991,20-r-irrigated-non-pivot-barbecho-tradicional,#B15928
2025-08-22,20,Barbecho tradicional,Barbecho,Barbecho tradicional,R,irrigated_non_pivot,4,0.1394802704453468,0.1279157027602195,0.1495739109814167,4,4,1.0,True,0.1394802704453468,20-r-irrigated-non-pivot-barbecho-tradicional,#B15928
2025-08-24,20,Barbecho tradicional,Barbecho,Barbecho tradicional,R,irrigated_non_pivot,4,0.1462323889136314,0.1337168850004673,0.1548587083816528,4,4,1.0,True,0.1394802704453468,20-r-irrigated-non-pivot-barbecho-tradicional,#B15928
2025-09-01,20,Barbecho tradicional,Barbecho,Barbecho tradicional,R,irrigated_non_pivot,4,0.1512422114610672,0.1402243096381425,0.1592082008719444,4,4,1.0,True,0.1426274590194225,20-r-irrigated-non-pivot-barbecho-tradicional,#B15928
2025-09-03,20,Barbecho tradicional,Barbecho,Barbecho tradicional,R,irrigated_non_pivot,4,0.1422627046704292,0.1306055374443531,0.1497337259352207,4,4,1.0,True,0.1426274590194225,20-r-irrigated-non-pivot-barbecho-tradicional,#B15928
2025-09-06,20,Barbecho tradicional,Barbecho,Barbecho tradicional,R,irrigated_non_pivot,4,0.1365362480282783,0.1223651338368654,0.1454409956932068,4,4,1.0,True,0.1429922133684158,20-r-irrigated-non-pivot-barbecho-tradicional,#B15928
2025-09-11,20,Barbecho tradicional,Barbecho,Barbecho tradicional,R,irrigated_non_pivot,4,0.1429922133684158,0.131003713235259,0.1493091061711311,4,4,1.0,True,0.1471172124147415,20-r-irrigated-non-pivot-barbecho-tradicional,#B15928
2025-09-23,20,Barbecho tradicional,Barbecho,Barbecho tradicional,R,irrigated_non_pivot,4,0.1660744622349739,0.1538080889731645,0.1750619821250438,4,4,1.0,True,0.1698989570140838,20-r-irrigated-non-pivot-barbecho-tradicional,#B15928
2025-09-26,20,Barbecho tradicional,Barbecho,Barbecho tradicional,R,irrigated_non_pivot,4,0.1698989570140838,0.1589641161262989,0.1774908155202865,4,4,1.0,True,0.1702234707772731,20-r-irrigated-non-pivot-barbecho-tradicional,#B15928
2025-10-01,20,Barbecho tradicional,Barbecho,Barbecho tradicional,R,irrigated_non_pivot,4,0.1774671971797943,0.1576142385601997,0.1927313506603241,4,4,1.0,True,0.1705479845404625,20-r-irrigated-non-pivot-barbecho-tradicional,#B15928
2025-10-06,20,Barbecho tradicional,Barbecho,Barbecho tradicional,R,irrigated_non_pivot,4,0.1705479845404625,0.1545367687940597,0.1829880066215992,4,4,1.0,True,0.1702234707772731,20-r-irrigated-non-pivot-barbecho-tradicional,#B15928
2025-10-16,20,Barbecho tradicional,Barbecho,Barbecho tradicional,R,irrigated_non_pivot,3,0.1734708696603775,0.1425071656703949,0.1763126030564308,4,4,0.75,True,0.1705479845404625,20-r-irrigated-non-pivot-barbecho-tradicional,#B15928
2025-10-21,20,Barbecho tradicional,Barbecho,Barbecho tradicional,R,irrigated_non_pivot,4,0.1518881022930145,0.1371241100132465,0.159654326736927,4,4,1.0,True,0.170254573225975,20-r-irrigated-non-pivot-barbecho-tradicional,#B15928
2025-10-23,20,Barbecho tradicional,Barbecho,Barbecho tradicional,R,irrigated_non_pivot,4,0.1670382767915725,0.1517382897436618,0.1753351166844368,4,4,1.0,True,0.170254573225975,20-r-irrigated-non-pivot-barbecho-tradicional,#B15928
2025-10-26,20,Barbecho tradicional,Barbecho,Barbecho tradicional,R,irrigated_non_pivot,4,0.2232791930437088,0.2040248215198516,0.23817178606987,4,4,1.0,True,0.170254573225975,20-r-irrigated-non-pivot-barbecho-tradicional,#B15928
2024-09-11,20,Barbecho tradicional,Barbecho,Barbecho tradicional,S,dryland,52,0.1758474931120872,0.11419571749866,0.2333117648959159,54,54,0.9629629629629628,True,0.1717345863580703,20-s-dryland-barbecho-tradicional,#E69F00
2024-09-16,20,Barbecho tradicional,Barbecho,Barbecho tradicional,S,dryland,48,0.1676216796040535,0.1094169486314058,0.2162970378994941,54,54,0.8888888888888888,True,0.1717345863580703,20-s-dryland-barbecho-tradicional,#E69F00
2024-10-11,20,Barbecho tradicional,Barbecho,Barbecho tradicional,S,dryland,54,0.2412526458501815,0.1434365250170231,0.3097816556692123,54,54,1.0,True,0.2334622517228126,20-s-dryland-barbecho-tradicional,#E69F00
2024-10-21,20,Barbecho tradicional,Barbecho,Barbecho tradicional,S,dryland,54,0.2256718575954437,0.1462853215634822,0.3330940082669258,54,54,1.0,True,0.2412526458501815,20-s-dryland-barbecho-tradicional,#E69F00
2024-11-05,20,Barbecho tradicional,Barbecho,Barbecho tradicional,S,dryland,54,0.2634546905755996,0.1977303922176361,0.3121817782521248,54,54,1.0,True,0.2994409129023552,20-s-dryland-barbecho-tradicional,#E69F00
2024-11-10,20,Barbecho tradicional,Barbecho,Barbecho tradicional,S,dryland,54,0.3354271352291107,0.2861684709787369,0.4182468354701996,54,54,1.0,True,0.2994409129023552,20-s-dryland-barbecho-tradicional,#E69F00
2024-12-05,20,Barbecho tradicional,Barbecho,Barbecho tradicional,S,dryland,54,0.386879950761795,0.311269074678421,0.4997048825025558,54,54,1.0,True,0.362472765147686,20-s-dryland-barbecho-tradicional,#E69F00
2024-12-10,20,Barbecho tradicional,Barbecho,Barbecho tradicional,S,dryland,54,0.3597926646471023,0.2850824669003486,0.4829296767711639,54,54,1.0,True,0.3597926646471023,20-s-dryland-barbecho-tradicional,#E69F00
2024-12-15,20,Barbecho tradicional,Barbecho,Barbecho tradicional,S,dryland,54,0.3651528656482696,0.2922199219465256,0.4768190011382103,54,54,1.0,True,0.3597926646471023,20-s-dryland-barbecho-tradicional,#E69F00
2024-12-20,20,Barbecho tradicional,Barbecho,Barbecho tradicional,S,dryland,54,0.3488980531692505,0.2799933925271034,0.4649053514003753,54,54,1.0,True,0.3496948480606079,20-s-dryland-barbecho-tradicional,#E69F00
2024-12-25,20,Barbecho tradicional,Barbecho,Barbecho tradicional,S,dryland,53,0.3125549256801605,0.2563870251178741,0.464116632938385,54,54,0.9814814814814816,True,0.3492713719606399,20-s-dryland-barbecho-tradicional,#E69F00
2025-01-04,20,Barbecho tradicional,Barbecho,Barbecho tradicional,S,dryland,54,0.3496948480606079,0.2764616757631302,0.4737799018621444,54,54,1.0,True,0.3464690372347832,20-s-dryland-barbecho-tradicional,#E69F00
2025-01-09,20,Barbecho tradicional,Barbecho,Barbecho tradicional,S,dryland,54,0.3492713719606399,0.2735198587179184,0.4755058884620666,54,54,1.0,True,0.3464690372347832,20-s-dryland-barbecho-tradicional,#E69F00
2025-01-14,20,Barbecho tradicional,Barbecho,Barbecho tradicional,S,dryland,54,0.3436667025089264,0.2784378454089165,0.4338397234678268,54,54,1.0,True,0.3464690372347832,20-s-dryland-barbecho-tradicional,#E69F00
2025-01-24,20,Barbecho tradicional,Barbecho,Barbecho tradicional,S,dryland,48,0.3238398283720016,0.2613330408930778,0.4154694378376007,54,54,0.8888888888888888,True,0.304088681936264,20-s-dryland-barbecho-tradicional,#E69F00
2025-02-03,20,Barbecho tradicional,Barbecho,Barbecho tradicional,S,dryland,54,0.2827893793582916,0.2150330506265163,0.3888414874672889,54,54,1.0,True,0.2876704335212707,20-s-dryland-barbecho-tradicional,#E69F00
2025-02-08,20,Barbecho tradicional,Barbecho,Barbecho tradicional,S,dryland,54,0.2843375355005264,0.1983375735580921,0.4022861272096634,54,54,1.0,True,0.283563457429409,20-s-dryland-barbecho-tradicional,#E69F00
2025-02-13,20,Barbecho tradicional,Barbecho,Barbecho tradicional,S,dryland,54,0.2910033315420151,0.1975306421518325,0.3761800676584244,54,54,1.0,True,0.283563457429409,20-s-dryland-barbecho-tradicional,#E69F00
2025-02-23,20,Barbecho tradicional,Barbecho,Barbecho tradicional,S,dryland,54,0.2784390747547149,0.1801008135080337,0.3645621687173843,54,54,1.0,True,0.2983826622366905,20-s-dryland-barbecho-tradicional,#E69F00
2025-03-05,20,Barbecho tradicional,Barbecho,Barbecho tradicional,S,dryland,53,0.3057619929313659,0.1819226592779159,0.3617305159568786,54,54,0.9814814814814816,True,0.3250572979450226,20-s-dryland-barbecho-tradicional,#E69F00
2025-03-10,20,Barbecho tradicional,Barbecho,Barbecho tradicional,S,dryland,35,0.3443526029586792,0.1995435580611229,0.439614474773407,54,54,0.6481481481481481,True,0.3646846860647201,20-s-dryland-barbecho-tradicional,#E69F00
2025-03-15,20,Barbecho tradicional,Barbecho,Barbecho tradicional,S,dryland,54,0.395714670419693,0.2235110178589821,0.48621916025877,54,54,1.0,True,0.376915380358696,20-s-dryland-barbecho-tradicional,#E69F00
2025-03-25,20,Barbecho tradicional,Barbecho,Barbecho tradicional,S,dryland,29,0.3850167691707611,0.2751091718673706,0.4811620116233825,54,54,0.5370370370370371,True,0.374454990029335,20-s-dryland-barbecho-tradicional,#E69F00
2025-03-27,20,Barbecho tradicional,Barbecho,Barbecho tradicional,S,dryland,54,0.374454990029335,0.197185181081295,0.4712204486131668,54,54,1.0,True,0.374454990029335,20-s-dryland-barbecho-tradicional,#E69F00
2025-03-30,20,Barbecho tradicional,Barbecho,Barbecho tradicional,S,dryland,54,0.3793757706880569,0.2020064666867256,0.4609159380197525,54,54,1.0,True,0.3725644275546074,20-s-dryland-barbecho-tradicional,#E69F00
2025-04-04,20,Barbecho tradicional,Barbecho,Barbecho tradicional,S,dryland,37,0.3461538255214691,0.2234206646680832,0.4244356155395508,54,54,0.6851851851851852,True,0.3706738650798797,20-s-dryland-barbecho-tradicional,#E69F00
2025-04-06,20,Barbecho tradicional,Barbecho,Barbecho tradicional,S,dryland,54,0.3706738650798797,0.2169743925333023,0.468004360795021,54,54,1.0,True,0.3706738650798797,20-s-dryland-barbecho-tradicional,#E69F00
2025-04-09,20,Barbecho tradicional,Barbecho,Barbecho tradicional,S,dryland,54,0.3484195917844772,0.1785315163433551,0.4638516083359718,54,54,1.0,True,0.3484195917844772,20-s-dryland-barbecho-tradicional,#E69F00
2025-04-16,20,Barbecho tradicional,Barbecho,Barbecho tradicional,S,dryland,54,0.3242908716201782,0.1345555931329727,0.5003296062350273,54,54,1.0,True,0.3352223485708236,20-s-dryland-barbecho-tradicional,#E69F00
2025-04-24,20,Barbecho tradicional,Barbecho,Barbecho tradicional,S,dryland,54,0.2603553980588913,0.1228885781019926,0.4191583693027496,54,54,1.0,True,0.2495505809783935,20-s-dryland-barbecho-tradicional,#E69F00
2025-04-26,20,Barbecho tradicional,Barbecho,Barbecho tradicional,S,dryland,54,0.2495505809783935,0.1130120921880006,0.3949331268668175,54,54,1.0,True,0.2495505809783935,20-s-dryland-barbecho-tradicional,#E69F00
2025-05-04,20,Barbecho tradicional,Barbecho,Barbecho tradicional,S,dryland,52,0.2252759411931038,0.1065506003797054,0.3210870176553726,54,54,0.9629629629629628,True,0.2252759411931038,20-s-dryland-barbecho-tradicional,#E69F00
2025-05-06,20,Barbecho tradicional,Barbecho,Barbecho tradicional,S,dryland,35,0.2143650650978088,0.1171328835189342,0.3284052610397339,54,54,0.6481481481481481,True,0.2252759411931038,20-s-dryland-barbecho-tradicional,#E69F00
2025-05-16,20,Barbecho tradicional,Barbecho,Barbecho tradicional,S,dryland,54,0.1960307508707046,0.1290173530578613,0.2572083994746208,54,54,1.0,True,0.1827653050422668,20-s-dryland-barbecho-tradicional,#E69F00
2025-05-24,20,Barbecho tradicional,Barbecho,Barbecho tradicional,S,dryland,54,0.169499859213829,0.1149300094693899,0.2196500450372696,54,54,1.0,True,0.135564099997282,20-s-dryland-barbecho-tradicional,#E69F00
2025-05-26,20,Barbecho tradicional,Barbecho,Barbecho tradicional,S,dryland,43,0.1037657931447029,0.0877462141215801,0.1729343011975288,54,54,0.7962962962962963,True,0.135564099997282,20-s-dryland-barbecho-tradicional,#E69F00
2025-05-29,20,Barbecho tradicional,Barbecho,Barbecho tradicional,S,dryland,54,0.1380636766552925,0.10881919413805,0.1858444549143314,54,54,1.0,True,0.1330645233392715,20-s-dryland-barbecho-tradicional,#E69F00
2025-06-03,20,Barbecho tradicional,Barbecho,Barbecho tradicional,S,dryland,53,0.1330645233392715,0.098831683397293,0.1670389771461486,54,54,0.9814814814814816,True,0.1255556568503379,20-s-dryland-barbecho-tradicional,#E69F00
2025-06-08,20,Barbecho tradicional,Barbecho,Barbecho tradicional,S,dryland,54,0.1255556568503379,0.0909007750451564,0.1578066349029541,54,54,1.0,True,0.1255013346672058,20-s-dryland-barbecho-tradicional,#E69F00
2025-06-13,20,Barbecho tradicional,Barbecho,Barbecho tradicional,S,dryland,54,0.1197817847132682,0.0826303586363792,0.1451096087694168,54,54,1.0,True,0.122641559690237,20-s-dryland-barbecho-tradicional,#E69F00
2025-06-18,20,Barbecho tradicional,Barbecho,Barbecho tradicional,S,dryland,54,0.1255013346672058,0.0927945207804441,0.1511332429945469,54,54,1.0,True,0.1170084178447723,20-s-dryland-barbecho-tradicional,#E69F00
2025-06-23,20,Barbecho tradicional,Barbecho,Barbecho tradicional,S,dryland,54,0.1100465804338455,0.0765840355306863,0.1369685269892215,54,54,1.0,True,0.1142350509762764,20-s-dryland-barbecho-tradicional,#E69F00
2025-06-28,20,Barbecho tradicional,Barbecho,Barbecho tradicional,S,dryland,54,0.1142350509762764,0.0835707355290651,0.1356361620128154,54,54,1.0,True,0.1142350509762764,20-s-dryland-barbecho-tradicional,#E69F00
2025-07-03,20,Barbecho tradicional,Barbecho,Barbecho tradicional,S,dryland,54,0.1046247035264968,0.0775888282805681,0.1405777223408222,54,54,1.0,True,0.1073356419801712,20-s-dryland-barbecho-tradicional,#E69F00
2025-07-05,20,Barbecho tradicional,Barbecho,Barbecho tradicional,S,dryland,54,0.0969890542328357,0.0634749829769134,0.1300270706415176,54,54,1.0,True,0.1073356419801712,20-s-dryland-barbecho-tradicional,#E69F00
2025-07-08,20,Barbecho tradicional,Barbecho,Barbecho tradicional,S,dryland,54,0.1160057261586189,0.0947836879640817,0.1463604755699634,54,54,1.0,True,0.1046247035264968,20-s-dryland-barbecho-tradicional,#E69F00
2025-07-13,20,Barbecho tradicional,Barbecho,Barbecho tradicional,S,dryland,54,0.1312233135104179,0.1049494184553623,0.1570478789508342,54,54,1.0,True,0.1043159700930118,20-s-dryland-barbecho-tradicional,#E69F00
2025-07-15,20,Barbecho tradicional,Barbecho,Barbecho tradicional,S,dryland,54,0.0938978232443332,0.075869794934988,0.1249538119882345,54,54,1.0,True,0.1043159700930118,20-s-dryland-barbecho-tradicional,#E69F00
2025-07-18,20,Barbecho tradicional,Barbecho,Barbecho tradicional,S,dryland,54,0.1007798723876476,0.0805344842374324,0.1340681165456771,54,54,1.0,True,0.1023935545235872,20-s-dryland-barbecho-tradicional,#E69F00
2025-07-25,20,Barbecho tradicional,Barbecho,Barbecho tradicional,S,dryland,51,0.1074462905526161,0.0813670456409454,0.1260343268513679,54,54,0.9444444444444444,True,0.1023935545235872,20-s-dryland-barbecho-tradicional,#E69F00
2025-07-28,20,Barbecho tradicional,Barbecho,Barbecho tradicional,S,dryland,54,0.1040072366595268,0.0820006541907787,0.1200630627572536,54,54,1.0,True,0.1003576219081878,20-s-dryland-barbecho-tradicional,#E69F00
2025-08-02,20,Barbecho tradicional,Barbecho,Barbecho tradicional,S,dryland,54,0.0999353714287281,0.0768274348229169,0.1209216676652431,54,54,1.0,True,0.0999353714287281,20-s-dryland-barbecho-tradicional,#E69F00
2025-08-04,20,Barbecho tradicional,Barbecho,Barbecho tradicional,S,dryland,28,0.1078989543020725,0.0873254127800464,0.1467337422072887,54,54,0.5185185185185185,True,0.0999353714287281,20-s-dryland-barbecho-tradicional,#E69F00
2025-08-07,20,Barbecho tradicional,Barbecho,Barbecho tradicional,S,dryland,54,0.0931548625230789,0.0712585467845201,0.1136835794895887,54,54,1.0,True,0.1019713040441274,20-s-dryland-barbecho-tradicional,#E69F00
2025-08-12,20,Barbecho tradicional,Barbecho,Barbecho tradicional,S,dryland,54,0.0934343114495277,0.0720447450876236,0.1141786314547061,54,54,1.0,True,0.1039171628654003,20-s-dryland-barbecho-tradicional,#E69F00
2025-08-14,20,Barbecho tradicional,Barbecho,Barbecho tradicional,S,dryland,54,0.0997433513402938,0.0827637668699026,0.1279435157775879,54,54,1.0,True,0.1039171628654003,20-s-dryland-barbecho-tradicional,#E69F00
2025-08-22,20,Barbecho tradicional,Barbecho,Barbecho tradicional,S,dryland,54,0.1080613210797309,0.0886705256998539,0.1368900351226329,54,54,1.0,True,0.1039023362100124,20-s-dryland-barbecho-tradicional,#E69F00
2025-08-24,20,Barbecho tradicional,Barbecho,Barbecho tradicional,S,dryland,51,0.1094497069716453,0.0930861420929431,0.1379282251000404,54,54,0.9444444444444444,True,0.1039023362100124,20-s-dryland-barbecho-tradicional,#E69F00
2025-08-27,20,Barbecho tradicional,Barbecho,Barbecho tradicional,S,dryland,39,0.139166921377182,0.1203695982694625,0.1644519791007042,54,54,0.7222222222222222,True,0.1039023362100124,20-s-dryland-barbecho-tradicional,#E69F00
2025-09-01,20,Barbecho tradicional,Barbecho,Barbecho tradicional,S,dryland,54,0.1088728494942188,0.0931294783949852,0.1350204274058342,54,54,1.0,True,0.1080613210797309,20-s-dryland-barbecho-tradicional,#E69F00
2025-09-03,20,Barbecho tradicional,Barbecho,Barbecho tradicional,S,dryland,54,0.0983434841036796,0.0823169387876987,0.1216998193413019,54,54,1.0,True,0.1080613210797309,20-s-dryland-barbecho-tradicional,#E69F00
2025-09-06,20,Barbecho tradicional,Barbecho,Barbecho tradicional,S,dryland,54,0.094156801700592,0.0782121308147907,0.1165864579379558,54,54,1.0,True,0.1036081667989492,20-s-dryland-barbecho-tradicional,#E69F00
2025-09-11,20,Barbecho tradicional,Barbecho,Barbecho tradicional,S,dryland,54,0.0982760302722454,0.0784381292760372,0.1198773458600044,54,54,1.0,True,0.1036081667989492,20-s-dryland-barbecho-tradicional,#E69F00
2025-09-23,20,Barbecho tradicional,Barbecho,Barbecho tradicional,S,dryland,54,0.116492286324501,0.1003354489803314,0.1373585537075996,54,54,1.0,True,0.116492286324501,20-s-dryland-barbecho-tradicional,#E69F00
2025-09-26,20,Barbecho tradicional,Barbecho,Barbecho tradicional,S,dryland,54,0.1202016808092594,0.1054084543138742,0.1466618292033672,54,54,1.0,True,0.1166045293211937,20-s-dryland-barbecho-tradicional,#E69F00
2025-10-01,20,Barbecho tradicional,Barbecho,Barbecho tradicional,S,dryland,54,0.1167167723178863,0.1012162491679191,0.1442041508853435,54,54,1.0,True,0.116492286324501,20-s-dryland-barbecho-tradicional,#E69F00
2025-10-06,20,Barbecho tradicional,Barbecho,Barbecho tradicional,S,dryland,54,0.1090297996997833,0.0954703371971845,0.1369153261184692,54,54,1.0,True,0.1127610430121421,20-s-dryland-barbecho-tradicional,#E69F00
2025-10-16,20,Barbecho tradicional,Barbecho,Barbecho tradicional,S,dryland,27,0.0987225398421287,0.0919666104018688,0.1182988882064819,54,54,0.5,True,0.1087563782930374,20-s-dryland-barbecho-tradicional,#E69F00
2025-10-21,20,Barbecho tradicional,Barbecho,Barbecho tradicional,S,dryland,54,0.0956939682364463,0.083744702860713,0.1164941061288118,54,54,1.0,True,0.103739459067583,20-s-dryland-barbecho-tradicional,#E69F00
2025-10-23,20,Barbecho tradicional,Barbecho,Barbecho tradicional,S,dryland,53,0.1087563782930374,0.0941255018115043,0.1291043162345886,54,54,0.9814814814814816,True,0.103739459067583,20-s-dryland-barbecho-tradicional,#E69F00
2025-10-26,20,Barbecho tradicional,Barbecho,Barbecho tradicional,S,dryland,54,0.1623765528202057,0.1454820334911346,0.1899109371006488,54,54,1.0,True,0.103739459067583,20-s-dryland-barbecho-tradicional,#E69F00
2024-09-11,40,Guisante,Leguminosa,Guisante,S,dryland,3,0.1042224615812301,0.102904625236988,0.1542188748717308,5,5,0.6,True,0.2358003556728363,40-s-dryland-guisante,#009E73
2024-09-16,40,Guisante,Leguminosa,Guisante,S,dryland,5,0.2358003556728363,0.1005638688802719,0.2782167792320251,5,5,1.0,True,0.2358003556728363,40-s-dryland-guisante,#009E73
2024-09-26,40,Guisante,Leguminosa,Guisante,S,dryland,3,0.2421489655971527,0.1667107306420803,0.2684751003980636,5,5,0.6,True,0.2358003556728363,40-s-dryland-guisante,#009E73
2024-10-11,40,Guisante,Leguminosa,Guisante,S,dryland,5,0.2063953131437301,0.1421957015991211,0.256741464138031,5,5,1.0,True,0.1963179185986518,40-s-dryland-guisante,#009E73
2024-10-21,40,Guisante,Leguminosa,Guisante,S,dryland,5,0.1862405240535736,0.1828684359788894,0.1958165317773819,5,5,1.0,True,0.1899180114269256,40-s-dryland-guisante,#009E73
2024-11-05,40,Guisante,Leguminosa,Guisante,S,dryland,5,0.1899180114269256,0.1473057568073272,0.2050114274024963,5,5,1.0,True,0.231985256075859,40-s-dryland-guisante,#009E73
2024-11-10,40,Guisante,Leguminosa,Guisante,S,dryland,5,0.2740525007247925,0.1836283504962921,0.2750504612922668,5,5,1.0,True,0.231985256075859,40-s-dryland-guisante,#009E73
2024-12-05,40,Guisante,Leguminosa,Guisante,S,dryland,5,0.4194357395172119,0.1303023099899292,0.4236387312412262,5,5,1.0,True,0.4387908726930618,40-s-dryland-guisante,#009E73
2024-12-10,40,Guisante,Leguminosa,Guisante,S,dryland,5,0.4247166812419891,0.1139533668756485,0.4369973838329315,5,5,1.0,True,0.4247166812419891,40-s-dryland-guisante,#009E73
2024-12-15,40,Guisante,Leguminosa,Guisante,S,dryland,5,0.4528650641441345,0.1101557612419128,0.4705576300621032,5,5,1.0,True,0.4247166812419891,40-s-dryland-guisante,#009E73
2024-12-20,40,Guisante,Leguminosa,Guisante,S,dryland,5,0.4681408107280731,0.1156744658946991,0.4837566912174225,5,5,1.0,True,0.4528650641441345,40-s-dryland-guisante,#009E73
2024-12-25,40,Guisante,Leguminosa,Guisante,S,dryland,5,0.3736936450004577,0.0996637418866157,0.4718663096427917,5,5,1.0,True,0.4681408107280731,40-s-dryland-guisante,#009E73
2025-01-04,40,Guisante,Leguminosa,Guisante,S,dryland,5,0.5264105200767517,0.0978895723819732,0.5351736545562744,5,5,1.0,True,0.5420680046081543,40-s-dryland-guisante,#009E73
2025-01-09,40,Guisante,Leguminosa,Guisante,S,dryland,5,0.5577254891395569,0.1017023921012878,0.5675966143608093,5,5,1.0,True,0.5420680046081543,40-s-dryland-guisante,#009E73
2025-01-14,40,Guisante,Leguminosa,Guisante,S,dryland,5,0.5933207869529724,0.1230982765555381,0.6064744591712952,5,5,1.0,True,0.5420680046081543,40-s-dryland-guisante,#009E73
2025-01-24,40,Guisante,Leguminosa,Guisante,S,dryland,5,0.4278776049613952,0.1111335456371307,0.4688210189342499,5,5,1.0,True,0.4115672707557678,40-s-dryland-guisante,#009E73
2025-02-03,40,Guisante,Leguminosa,Guisante,S,dryland,5,0.3936348557472229,0.1139904856681823,0.4424299299716949,5,5,1.0,True,0.3944458961486816,40-s-dryland-guisante,#009E73
2025-02-08,40,Guisante,Leguminosa,Guisante,S,dryland,5,0.3952569365501404,0.1156337186694145,0.4408163130283355,5,5,1.0,True,0.3904217779636383,40-s-dryland-guisante,#009E73
2025-02-13,40,Guisante,Leguminosa,Guisante,S,dryland,5,0.3804199993610382,0.107617974281311,0.4160275161266327,5,5,1.0,True,0.3904217779636383,40-s-dryland-guisante,#009E73
2025-02-23,40,Guisante,Leguminosa,Guisante,S,dryland,5,0.3872087001800537,0.1013545840978622,0.3876698017120361,5,5,1.0,True,0.3804199993610382,40-s-dryland-guisante,#009E73
2025-03-05,40,Guisante,Leguminosa,Guisante,S,dryland,5,0.3778009712696075,0.1199037730693817,0.4102833271026611,5,5,1.0,True,0.3872087001800537,40-s-dryland-guisante,#009E73
2025-03-15,40,Guisante,Leguminosa,Guisante,S,dryland,5,0.5357917547225952,0.1682941019535064,0.5416548848152161,5,5,1.0,True,0.5564278364181519,40-s-dryland-guisante,#009E73
2025-03-25,40,Guisante,Leguminosa,Guisante,S,dryland,3,0.5788939595222473,0.5264603793621063,0.6047512590885162,5,5,0.6,True,0.5788939595222473,40-s-dryland-guisante,#009E73
2025-03-27,40,Guisante,Leguminosa,Guisante,S,dryland,5,0.5564278364181519,0.1294414103031158,0.5800995230674744,5,5,1.0,True,0.5788939595222473,40-s-dryland-guisante,#009E73
2025-03-30,40,Guisante,Leguminosa,Guisante,S,dryland,5,0.5807991623878479,0.1241855472326278,0.6202531456947327,5,5,1.0,True,0.5798465609550476,40-s-dryland-guisante,#009E73
2025-04-04,40,Guisante,Leguminosa,Guisante,S,dryland,3,0.1244439333677291,0.1195398792624473,0.3189566656947136,5,5,0.6,True,0.5807991623878479,40-s-dryland-guisante,#009E73
2025-04-06,40,Guisante,Leguminosa,Guisante,S,dryland,5,0.6333783864974976,0.1175993978977203,0.65117347240448,5,5,1.0,True,0.5807991623878479,40-s-dryland-guisante,#009E73
2025-04-09,40,Guisante,Leguminosa,Guisante,S,dryland,5,0.6273143887519836,0.1229163855314254,0.6476128697395325,5,5,1.0,True,0.6273143887519836,40-s-dryland-guisante,#009E73
2025-04-16,40,Guisante,Leguminosa,Guisante,S,dryland,5,0.688715934753418,0.1441178172826767,0.7299452424049377,5,5,1.0,True,0.645817369222641,40-s-dryland-guisante,#009E73
2025-04-24,40,Guisante,Leguminosa,Guisante,S,dryland,5,0.6654753684997559,0.1425974369049072,0.6925651431083679,5,5,1.0,True,0.6618658602237701,40-s-dryland-guisante,#009E73
2025-04-26,40,Guisante,Leguminosa,Guisante,S,dryland,5,0.6582563519477844,0.1428403854370117,0.6808271408081055,5,5,1.0,True,0.6618658602237701,40-s-dryland-guisante,#009E73
2025-05-04,40,Guisante,Leguminosa,Guisante,S,dryland,5,0.4924383163452148,0.158153086900711,0.53794264793396,5,5,1.0,True,0.5753473341464996,40-s-dryland-guisante,#009E73
2025-05-16,40,Guisante,Leguminosa,Guisante,S,dryland,5,0.3360568881034851,0.184100717306137,0.3533980846405029,5,5,1.0,True,0.2623918950557709,40-s-dryland-guisante,#009E73
2025-05-24,40,Guisante,Leguminosa,Guisante,S,dryland,5,0.2623918950557709,0.1777660846710205,0.2776459455490112,5,5,1.0,True,0.2324924319982528,40-s-dryland-guisante,#009E73
2025-05-26,40,Guisante,Leguminosa,Guisante,S,dryland,3,0.2569478452205658,0.251241534948349,0.2594372183084488,5,5,0.6,True,0.2324924319982528,40-s-dryland-guisante,#009E73
2025-05-29,40,Guisante,Leguminosa,Guisante,S,dryland,5,0.2080370187759399,0.167162537574768,0.215272456407547,5,5,1.0,True,0.2080370187759399,40-s-dryland-guisante,#009E73
2025-06-03,40,Guisante,Leguminosa,Guisante,S,dryland,3,0.1919028460979461,0.1894657611846923,0.1936445534229278,5,5,0.6,True,0.1919028460979461,40-s-dryland-guisante,#009E73
2025-06-08,40,Guisante,Leguminosa,Guisante,S,dryland,5,0.167774349451065,0.1397438943386078,0.1731865853071212,5,5,1.0,True,0.167774349451065,40-s-dryland-guisante,#009E73
2025-06-13,40,Guisante,Leguminosa,Guisante,S,dryland,5,0.1603053510189056,0.1253982484340667,0.162220612168312,5,5,1.0,True,0.1603053510189056,40-s-dryland-guisante,#009E73
2025-06-18,40,Guisante,Leguminosa,Guisante,S,dryland,5,0.1657412648200988,0.133570447564125,0.1708744764328003,5,5,1.0,True,0.1603053510189056,40-s-dryland-guisante,#009E73
2025-06-23,40,Guisante,Leguminosa,Guisante,S,dryland,5,0.1579754054546356,0.0968980342149734,0.1626591235399246,5,5,1.0,True,0.1586614698171615,40-s-dryland-guisante,#009E73
2025-06-25,40,Guisante,Leguminosa,Guisante,S,dryland,3,0.1031993776559829,0.0915322043001651,0.1098730713129043,5,5,0.6,True,0.1586614698171615,40-s-dryland-guisante,#009E73
2025-06-28,40,Guisante,Leguminosa,Guisante,S,dryland,5,0.1485400199890136,0.1030111610889434,0.1514530032873153,5,5,1.0,True,0.1576079502701759,40-s-dryland-guisante,#009E73
2025-07-03,40,Guisante,Leguminosa,Guisante,S,dryland,5,0.1641244888305664,0.0860556587576866,0.1688077449798584,5,5,1.0,True,0.1547484248876571,40-s-dryland-guisante,#009E73
2025-07-05,40,Guisante,Leguminosa,Guisante,S,dryland,5,0.1593475341796875,0.0727569609880447,0.1632594168186187,5,5,1.0,True,0.1547484248876571,40-s-dryland-guisante,#009E73
2025-07-08,40,Guisante,Leguminosa,Guisante,S,dryland,5,0.1572404950857162,0.1013209745287895,0.1657553911209106,5,5,1.0,True,0.154276818037033,40-s-dryland-guisante,#009E73
2025-07-13,40,Guisante,Leguminosa,Guisante,S,dryland,5,0.1547484248876571,0.1283712685108184,0.1854266375303268,5,5,1.0,True,0.1561993062496185,40-s-dryland-guisante,#009E73
2025-07-15,40,Guisante,Leguminosa,Guisante,S,dryland,5,0.1422505378723144,0.0892717838287353,0.1661426723003387,5,5,1.0,True,0.1561993062496185,40-s-dryland-guisante,#009E73
2025-07-18,40,Guisante,Leguminosa,Guisante,S,dryland,5,0.153805211186409,0.0940286293625831,0.1745645999908447,5,5,1.0,True,0.1561993062496185,40-s-dryland-guisante,#009E73
2025-07-25,40,Guisante,Leguminosa,Guisante,S,dryland,4,0.1687716543674469,0.1605712138116359,0.1759204491972923,5,5,0.8,True,0.1551581174135208,40-s-dryland-guisante,#009E73
2025-07-28,40,Guisante,Leguminosa,Guisante,S,dryland,5,0.1551581174135208,0.0925334393978118,0.1716052293777465,5,5,1.0,True,0.1687716543674469,40-s-dryland-guisante,#009E73
2025-08-02,40,Guisante,Leguminosa,Guisante,S,dryland,5,0.1733510047197342,0.0762494951486587,0.1907326281070709,5,5,1.0,True,0.173141673207283,40-s-dryland-guisante,#009E73
2025-08-07,40,Guisante,Leguminosa,Guisante,S,dryland,5,0.1729323416948318,0.0923582315444946,0.1810573935508728,5,5,1.0,True,0.1733510047197342,40-s-dryland-guisante,#009E73
2025-08-12,40,Guisante,Leguminosa,Guisante,S,dryland,5,0.1801098585128784,0.0812720507383346,0.1813084334135055,5,5,1.0,True,0.1888452619314193,40-s-dryland-guisante,#009E73
2025-08-14,40,Guisante,Leguminosa,Guisante,S,dryland,5,0.1975806653499603,0.0918805673718452,0.197712704539299,5,5,1.0,True,0.1888452619314193,40-s-dryland-guisante,#009E73
2025-08-22,40,Guisante,Leguminosa,Guisante,S,dryland,5,0.2029422670602798,0.088453859090805,0.2081752717494964,5,5,1.0,True,0.1975806653499603,40-s-dryland-guisante,#009E73
2025-08-24,40,Guisante,Leguminosa,Guisante,S,dryland,5,0.2019051611423492,0.1045249104499816,0.2024628669023513,5,5,1.0,True,0.1975806653499603,40-s-dryland-guisante,#009E73
2025-09-01,40,Guisante,Leguminosa,Guisante,S,dryland,5,0.2070983052253723,0.0951718091964721,0.2082012891769409,5,5,1.0,True,0.1989765986800193,40-s-dryland-guisante,#009E73
2025-09-03,40,Guisante,Leguminosa,Guisante,S,dryland,5,0.1940706223249435,0.0866038054227829,0.1948052048683166,5,5,1.0,True,0.1989765986800193,40-s-dryland-guisante,#009E73
2025-09-06,40,Guisante,Leguminosa,Guisante,S,dryland,5,0.1960480362176895,0.0744563043117523,0.1988700777292251,5,5,1.0,True,0.1960480362176895,40-s-dryland-guisante,#009E73
2025-09-11,40,Guisante,Leguminosa,Guisante,S,dryland,5,0.1893628537654876,0.0732208341360092,0.1944005936384201,5,5,1.0,True,0.1917167380452156,40-s-dryland-guisante,#009E73
2025-09-23,40,Guisante,Leguminosa,Guisante,S,dryland,5,0.1836238354444503,0.0889896154403686,0.1993671059608459,5,5,1.0,True,0.1851562559604644,40-s-dryland-guisante,#009E73
2025-09-26,40,Guisante,Leguminosa,Guisante,S,dryland,5,0.1851562559604644,0.0969516187906265,0.2036752998828888,5,5,1.0,True,0.1843900457024574,40-s-dryland-guisante,#009E73
2025-10-01,40,Guisante,Leguminosa,Guisante,S,dryland,5,0.1747211664915084,0.0880788788199424,0.201577752828598,5,5,1.0,True,0.1836238354444503,40-s-dryland-guisante,#009E73
2025-10-06,40,Guisante,Leguminosa,Guisante,S,dryland,5,0.2069438099861145,0.0845670029520988,0.2265590131282806,5,5,1.0,True,0.1791725009679794,40-s-dryland-guisante,#009E73
2025-10-16,40,Guisante,Leguminosa,Guisante,S,dryland,5,0.1735978573560714,0.115500807762146,0.1892112791538238,5,5,1.0,True,0.1735978573560714,40-s-dryland-guisante,#009E73
2025-10-21,40,Guisante,Leguminosa,Guisante,S,dryland,5,0.1674876511096954,0.0519830174744129,0.1773242801427841,5,5,1.0,True,0.1719644218683242,40-s-dryland-guisante,#009E73
2025-10-23,40,Guisante,Leguminosa,Guisante,S,dryland,5,0.1703309863805771,0.072313942015171,0.1812725365161895,5,5,1.0,True,0.1719644218683242,40-s-dryland-guisante,#009E73
2025-10-26,40,Guisante,Leguminosa,Guisante,S,dryland,5,0.2121212035417556,0.1177374944090843,0.2265137732028961,5,5,1.0,True,0.1719644218683242,40-s-dryland-guisante,#009E73
2024-09-11,40,Guisante,Leguminosa,Guisante → Maíz,R,irrigated_non_pivot,8,0.8138550221920013,0.7865466475486755,0.8392001986503601,8,8,1.0,True,0.7994702458381653,40-r-irrigated-non-pivot-guisante-maiz,#66A61E
2024-09-16,40,Guisante,Leguminosa,Guisante → Maíz,R,irrigated_non_pivot,8,0.7850854694843292,0.7426927089691162,0.8728396147489548,8,8,1.0,True,0.7994702458381653,40-r-irrigated-non-pivot-guisante-maiz,#66A61E
2024-10-11,40,Guisante,Leguminosa,Guisante → Maíz,R,irrigated_non_pivot,8,0.5546408295631409,0.5132800564169884,0.8629587143659592,8,8,1.0,True,0.5062715485692024,40-r-irrigated-non-pivot-guisante-maiz,#66A61E
2024-10-21,40,Guisante,Leguminosa,Guisante → Maíz,R,irrigated_non_pivot,8,0.457902267575264,0.4171173200011253,0.8416675925254822,8,8,1.0,True,0.457902267575264,40-r-irrigated-non-pivot-guisante-maiz,#66A61E
2024-11-05,40,Guisante,Leguminosa,Guisante → Maíz,R,irrigated_non_pivot,8,0.2651154994964599,0.2214420437812805,0.6315913796424866,8,8,1.0,True,0.3087719678878784,40-r-irrigated-non-pivot-guisante-maiz,#66A61E
2024-11-10,40,Guisante,Leguminosa,Guisante → Maíz,R,irrigated_non_pivot,8,0.3524284362792969,0.3227046206593513,0.7031875252723694,8,8,1.0,True,0.3087719678878784,40-r-irrigated-non-pivot-guisante-maiz,#66A61E
2024-12-05,40,Guisante,Leguminosa,Guisante → Maíz,R,irrigated_non_pivot,8,0.2501753568649292,0.2389197535812854,0.3772069662809372,8,8,1.0,True,0.2455872893333435,40-r-irrigated-non-pivot-guisante-maiz,#66A61E
2024-12-10,40,Guisante,Leguminosa,Guisante → Maíz,R,irrigated_non_pivot,8,0.2484891563653946,0.2430224195122718,0.2583354786038399,8,8,1.0,True,0.2426854223012924,40-r-irrigated-non-pivot-guisante-maiz,#66A61E
2024-12-15,40,Guisante,Leguminosa,Guisante → Maíz,R,irrigated_non_pivot,8,0.2343179509043693,0.202539674937725,0.2431153990328312,8,8,1.0,True,0.2426854223012924,40-r-irrigated-non-pivot-guisante-maiz,#66A61E
2024-12-20,40,Guisante,Leguminosa,Guisante → Maíz,R,irrigated_non_pivot,8,0.2426854223012924,0.2093911357223987,0.2519438862800598,8,8,1.0,True,0.2343179509043693,40-r-irrigated-non-pivot-guisante-maiz,#66A61E
2024-12-25,40,Guisante,Leguminosa,Guisante → Maíz,R,irrigated_non_pivot,8,0.2212880551815033,0.1701419167220592,0.2463592514395713,8,8,1.0,True,0.226947084069252,40-r-irrigated-non-pivot-guisante-maiz,#66A61E
2025-01-04,40,Guisante,Leguminosa,Guisante → Maíz,R,irrigated_non_pivot,8,0.2185981497168541,0.1598267704248428,0.2280053384602069,8,8,1.0,True,0.2227921225130558,40-r-irrigated-non-pivot-guisante-maiz,#66A61E
2025-01-09,40,Guisante,Leguminosa,Guisante → Maíz,R,irrigated_non_pivot,8,0.226947084069252,0.1913750171661377,0.2342790886759758,8,8,1.0,True,0.2214471697807312,40-r-irrigated-non-pivot-guisante-maiz,#66A61E
2025-01-14,40,Guisante,Leguminosa,Guisante → Maíz,R,irrigated_non_pivot,8,0.2242961898446083,0.1888322755694389,0.2383383326232433,8,8,1.0,True,0.2214471697807312,40-r-irrigated-non-pivot-guisante-maiz,#66A61E
2025-01-24,40,Guisante,Leguminosa,Guisante → Maíz,R,irrigated_non_pivot,8,0.2079303115606308,0.17995011433959,0.223752174526453,8,8,1.0,True,0.2108871713280677,40-r-irrigated-non-pivot-guisante-maiz,#66A61E
2025-02-03,40,Guisante,Leguminosa,Guisante → Maíz,R,irrigated_non_pivot,8,0.1908246278762817,0.1822621151804924,0.1952574588358402,8,8,1.0,True,0.1993774697184562,40-r-irrigated-non-pivot-guisante-maiz,#66A61E
2025-02-08,40,Guisante,Leguminosa,Guisante → Maíz,R,irrigated_non_pivot,8,0.2138440310955047,0.2098738737404346,0.2218332849442958,8,8,1.0,True,0.1897178068757057,40-r-irrigated-non-pivot-guisante-maiz,#66A61E
2025-02-13,40,Guisante,Leguminosa,Guisante → Maíz,R,irrigated_non_pivot,8,0.1886109858751297,0.1855255663394928,0.1997306086122989,8,8,1.0,True,0.1897178068757057,40-r-irrigated-non-pivot-guisante-maiz,#66A61E
2025-02-23,40,Guisante,Leguminosa,Guisante → Maíz,R,irrigated_non_pivot,8,0.1552199125289917,0.1500811986625194,0.1662747040390968,8,8,1.0,True,0.183694027364254,40-r-irrigated-non-pivot-guisante-maiz,#66A61E
2025-03-05,40,Guisante,Leguminosa,Guisante → Maíz,R,irrigated_non_pivot,8,0.183694027364254,0.1610062085092067,0.2095992118120193,8,8,1.0,True,0.183694027364254,40-r-irrigated-non-pivot-guisante-maiz,#66A61E
2025-03-15,40,Guisante,Leguminosa,Guisante → Maíz,R,irrigated_non_pivot,8,0.234178677201271,0.186245284974575,0.3021131977438926,8,8,1.0,True,0.2232532799243927,40-r-irrigated-non-pivot-guisante-maiz,#66A61E
2025-03-25,40,Guisante,Leguminosa,Guisante → Maíz,R,irrigated_non_pivot,5,0.270349770784378,0.1693206280469894,0.2853995859622955,8,8,0.625,True,0.234178677201271,40-r-irrigated-non-pivot-guisante-maiz,#66A61E
2025-03-27,40,Guisante,Leguminosa,Guisante → Maíz,R,irrigated_non_pivot,8,0.2185741290450096,0.1593018285930156,0.3016872331500053,8,8,1.0,True,0.234178677201271,40-r-irrigated-non-pivot-guisante-maiz,#66A61E
2025-03-30,40,Guisante,Leguminosa,Guisante → Maíz,R,irrigated_non_pivot,8,0.2232532799243927,0.1672010160982608,0.3033547848463058,8,8,1.0,True,0.2378519177436828,40-r-irrigated-non-pivot-guisante-maiz,#66A61E
2025-04-04,40,Guisante,Leguminosa,Guisante → Maíz,R,irrigated_non_pivot,5,0.1986970752477646,0.1970978677272796,0.2142857015132904,8,8,0.625,True,0.252450555562973,40-r-irrigated-non-pivot-guisante-maiz,#66A61E
2025-04-06,40,Guisante,Leguminosa,Guisante → Maíz,R,irrigated_non_pivot,8,0.252450555562973,0.1585003621876239,0.3812607526779175,8,8,1.0,True,0.252450555562973,40-r-irrigated-non-pivot-guisante-maiz,#66A61E
2025-04-09,40,Guisante,Leguminosa,Guisante → Maíz,R,irrigated_non_pivot,8,0.28030576556921,0.1744438298046589,0.4333679378032684,8,8,1.0,True,0.252450555562973,40-r-irrigated-non-pivot-guisante-maiz,#66A61E
2025-04-16,40,Guisante,Leguminosa,Guisante → Maíz,R,irrigated_non_pivot,8,0.3781089335680008,0.2324198521673679,0.5488959848880768,8,8,1.0,True,0.3292073495686054,40-r-irrigated-non-pivot-guisante-maiz,#66A61E
2025-04-24,40,Guisante,Leguminosa,Guisante → Maíz,R,irrigated_non_pivot,8,0.5129393637180328,0.3153454065322876,0.7188429683446884,8,8,1.0,True,0.5596674531698227,40-r-irrigated-non-pivot-guisante-maiz,#66A61E
2025-04-26,40,Guisante,Leguminosa,Guisante → Maíz,R,irrigated_non_pivot,8,0.5484651625156403,0.3524883836507797,0.7220063954591751,8,8,1.0,True,0.5596674531698227,40-r-irrigated-non-pivot-guisante-maiz,#66A61E
2025-05-04,40,Guisante,Leguminosa,Guisante → Maíz,R,irrigated_non_pivot,7,0.5733903646469116,0.531381368637085,0.8552558720111847,8,8,0.875,True,0.5596674531698227,40-r-irrigated-non-pivot-guisante-maiz,#66A61E
2025-05-06,40,Guisante,Leguminosa,Guisante → Maíz,R,irrigated_non_pivot,8,0.6960248053073883,0.5618006139993668,0.8097544461488724,8,8,1.0,True,0.5596674531698227,40-r-irrigated-non-pivot-guisante-maiz,#66A61E
2025-05-09,40,Guisante,Leguminosa,Guisante → Maíz,R,irrigated_non_pivot,6,0.5708697438240051,0.4937871545553207,0.7181447148323059,8,8,0.75,True,0.5596674531698227,40-r-irrigated-non-pivot-guisante-maiz,#66A61E
2025-05-16,40,Guisante,Leguminosa,Guisante → Maíz,R,irrigated_non_pivot,8,0.5070568546652794,0.1672896891832351,0.8647858798503876,8,8,1.0,True,0.5070568546652794,40-r-irrigated-non-pivot-guisante-maiz,#66A61E
2025-05-24,40,Guisante,Leguminosa,Guisante → Maíz,R,irrigated_non_pivot,8,0.4703666046261787,0.1289338245987892,0.8600291609764099,8,8,1.0,True,0.3151836805045604,40-r-irrigated-non-pivot-guisante-maiz,#66A61E
2025-05-26,40,Guisante,Leguminosa,Guisante → Maíz,R,irrigated_non_pivot,7,0.1217494010925293,0.1066538579761982,0.8655630648136139,8,8,0.875,True,0.3151836805045604,40-r-irrigated-non-pivot-guisante-maiz,#66A61E
2025-05-29,40,Guisante,Leguminosa,Guisante → Maíz,R,irrigated_non_pivot,8,0.3776770308613777,0.1246800329536199,0.7147595882415771,8,8,1.0,True,0.2526903301477432,40-r-irrigated-non-pivot-guisante-maiz,#66A61E
2025-06-03,40,Guisante,Leguminosa,Guisante → Maíz,R,irrigated_non_pivot,8,0.2526903301477432,0.1398379765450954,0.366905614733696,8,8,1.0,True,0.1988519728183746,40-r-irrigated-non-pivot-guisante-maiz,#66A61E
2025-06-08,40,Guisante,Leguminosa,Guisante → Maíz,R,irrigated_non_pivot,8,0.1476979181170463,0.1128862090408802,0.1773265525698661,8,8,1.0,True,0.1868550553917884,40-r-irrigated-non-pivot-guisante-maiz,#66A61E
2025-06-13,40,Guisante,Leguminosa,Guisante → Maíz,R,irrigated_non_pivot,8,0.1350323855876922,0.128821462392807,0.1391441263258457,8,8,1.0,True,0.1928535141050815,40-r-irrigated-non-pivot-guisante-maiz,#66A61E
2025-06-18,40,Guisante,Leguminosa,Guisante → Maíz,R,irrigated_non_pivot,8,0.1988519728183746,0.1467772051692009,0.2130117118358612,8,8,1.0,True,0.1928535141050815,40-r-irrigated-non-pivot-guisante-maiz,#66A61E
2025-06-23,40,Guisante,Leguminosa,Guisante → Maíz,R,irrigated_non_pivot,8,0.1868550553917884,0.1121907923370599,0.2250109389424324,8,8,1.0,True,0.2654144689440727,40-r-irrigated-non-pivot-guisante-maiz,#66A61E
2025-06-28,40,Guisante,Leguminosa,Guisante → Maíz,R,irrigated_non_pivot,8,0.2654144689440727,0.1409802846610546,0.3958732336759567,8,8,1.0,True,0.3456481993198395,40-r-irrigated-non-pivot-guisante-maiz,#66A61E
2025-07-03,40,Guisante,Leguminosa,Guisante → Maíz,R,irrigated_non_pivot,8,0.3456481993198395,0.1379609853029251,0.560390904545784,8,8,1.0,True,0.4529252424836159,40-r-irrigated-non-pivot-guisante-maiz,#66A61E
2025-07-05,40,Guisante,Leguminosa,Guisante → Maíz,R,irrigated_non_pivot,8,0.40623739361763,0.1366132795810699,0.6887686848640442,8,8,1.0,True,0.4529252424836159,40-r-irrigated-non-pivot-guisante-maiz,#66A61E
2025-07-08,40,Guisante,Leguminosa,Guisante → Maíz,R,irrigated_non_pivot,8,0.4996130913496017,0.2164367213845253,0.7480295598506927,8,8,1.0,True,0.4996130913496017,40-r-irrigated-non-pivot-guisante-maiz,#66A61E
2025-07-13,40,Guisante,Leguminosa,Guisante → Maíz,R,irrigated_non_pivot,8,0.6490754336118698,0.3370708078145981,0.8857572227716446,8,8,1.0,True,0.6468771994113922,40-r-irrigated-non-pivot-guisante-maiz,#66A61E
2025-07-15,40,Guisante,Leguminosa,Guisante → Maíz,R,irrigated_non_pivot,8,0.6446789652109146,0.3311594575643539,0.8958127200603485,8,8,1.0,True,0.6468771994113922,40-r-irrigated-non-pivot-guisante-maiz,#66A61E
2025-07-18,40,Guisante,Leguminosa,Guisante → Maíz,R,irrigated_non_pivot,8,0.7263932228088379,0.5077929198741913,0.9171078503131866,8,8,1.0,True,0.6877343282103539,40-r-irrigated-non-pivot-guisante-maiz,#66A61E
2025-07-25,40,Guisante,Leguminosa,Guisante → Maíz,R,irrigated_non_pivot,8,0.8262810111045837,0.7308820635080338,0.922595202922821,8,8,1.0,True,0.8262810111045837,40-r-irrigated-non-pivot-guisante-maiz,#66A61E
2025-07-28,40,Guisante,Leguminosa,Guisante → Maíz,R,irrigated_non_pivot,8,0.8769473135471344,0.7837556898593903,0.9332422018051147,8,8,1.0,True,0.8769473135471344,40-r-irrigated-non-pivot-guisante-maiz,#66A61E
2025-08-02,40,Guisante,Leguminosa,Guisante → Maíz,R,irrigated_non_pivot,8,0.9416539967060088,0.889519140124321,0.9570766985416412,8,8,1.0,True,0.8829565793275833,40-r-irrigated-non-pivot-guisante-maiz,#66A61E
2025-08-07,40,Guisante,Leguminosa,Guisante → Maíz,R,irrigated_non_pivot,8,0.8885929882526398,0.8737564086914062,0.9006494283676147,8,8,1.0,True,0.8883029818534851,40-r-irrigated-non-pivot-guisante-maiz,#66A61E
2025-08-12,40,Guisante,Leguminosa,Guisante → Maíz,R,irrigated_non_pivot,8,0.8883029818534851,0.8791829347610474,0.8907960057258606,8,8,1.0,True,0.8884479850530624,40-r-irrigated-non-pivot-guisante-maiz,#66A61E
2025-08-14,40,Guisante,Leguminosa,Guisante → Maíz,R,irrigated_non_pivot,8,0.8776101768016815,0.8710053563117981,0.8852408975362778,8,8,1.0,True,0.8884479850530624,40-r-irrigated-non-pivot-guisante-maiz,#66A61E
2025-08-22,40,Guisante,Leguminosa,Guisante → Maíz,R,irrigated_non_pivot,8,0.9077740609645844,0.9030876010656356,0.9133092164993286,8,8,1.0,True,0.9066763818264008,40-r-irrigated-non-pivot-guisante-maiz,#66A61E
2025-08-24,40,Guisante,Leguminosa,Guisante → Maíz,R,irrigated_non_pivot,8,0.8557697832584381,0.8494226336479187,0.8657951205968857,8,8,1.0,True,0.9066763818264008,40-r-irrigated-non-pivot-guisante-maiz,#66A61E
2025-09-01,40,Guisante,Leguminosa,Guisante → Maíz,R,irrigated_non_pivot,8,0.908214956521988,0.8971105515956879,0.926393523812294,8,8,1.0,True,0.9066763818264008,40-r-irrigated-non-pivot-guisante-maiz,#66A61E
2025-09-03,40,Guisante,Leguminosa,Guisante → Maíz,R,irrigated_non_pivot,8,0.9102416932582856,0.903504952788353,0.9358623176813126,8,8,1.0,True,0.9066763818264008,40-r-irrigated-non-pivot-guisante-maiz,#66A61E
2025-09-06,40,Guisante,Leguminosa,Guisante → Maíz,R,irrigated_non_pivot,8,0.9066763818264008,0.8966482877731323,0.9348214864730836,8,8,1.0,True,0.9003600031137466,40-r-irrigated-non-pivot-guisante-maiz,#66A61E
2025-09-11,40,Guisante,Leguminosa,Guisante → Maíz,R,irrigated_non_pivot,8,0.8940436244010925,0.8733921498060226,0.9147185236215593,8,8,1.0,True,0.8940436244010925,40-r-irrigated-non-pivot-guisante-maiz,#66A61E
2025-09-16,40,Guisante,Leguminosa,Guisante → Maíz,R,irrigated_non_pivot,4,0.8180966675281525,0.8154755085706711,0.8209302574396133,8,8,0.5,True,0.8719299733638763,40-r-irrigated-non-pivot-guisante-maiz,#66A61E
2025-09-23,40,Guisante,Leguminosa,Guisante → Maíz,R,irrigated_non_pivot,8,0.8719299733638763,0.8237059265375137,0.9202786535024644,8,8,1.0,True,0.8527209609746933,40-r-irrigated-non-pivot-guisante-maiz,#66A61E
2025-09-26,40,Guisante,Leguminosa,Guisante → Maíz,R,irrigated_non_pivot,8,0.8592385649681091,0.7891948223114014,0.9130881279706956,8,8,1.0,True,0.8462033569812775,40-r-irrigated-non-pivot-guisante-maiz,#66A61E
2025-10-01,40,Guisante,Leguminosa,Guisante → Maíz,R,irrigated_non_pivot,8,0.8462033569812775,0.7379494309425354,0.922463282942772,8,8,1.0,True,0.8527209609746933,40-r-irrigated-non-pivot-guisante-maiz,#66A61E
2025-10-06,40,Guisante,Leguminosa,Guisante → Maíz,R,irrigated_non_pivot,8,0.7952169477939606,0.6443584561347961,0.9055870175361632,8,8,1.0,True,0.8462033569812775,40-r-irrigated-non-pivot-guisante-maiz,#66A61E
2025-10-21,40,Guisante,Leguminosa,Guisante → Maíz,R,irrigated_non_pivot,8,0.6770273447036743,0.4486490562558174,0.8794167190790176,8,8,1.0,True,0.6173568665981293,40-r-irrigated-non-pivot-guisante-maiz,#66A61E
2025-10-23,40,Guisante,Leguminosa,Guisante → Maíz,R,irrigated_non_pivot,8,0.6173568665981293,0.3723454475402832,0.8557486683130264,8,8,1.0,True,0.6173568665981293,40-r-irrigated-non-pivot-guisante-maiz,#66A61E
2025-10-26,40,Guisante,Leguminosa,Guisante → Maíz,R,irrigated_non_pivot,8,0.5401872247457504,0.2561444714665413,0.8441322296857834,8,8,1.0,True,0.6173568665981293,40-r-irrigated-non-pivot-guisante-maiz,#66A61E
2024-09-11,52,Veza,Leguminosa,Veza → Maíz,R,irrigated_non_pivot,3,0.918319582939148,0.8964550495147705,0.9194479584693908,3,3,1.0,True,0.9309122264385224,52-r-irrigated-non-pivot-veza-maiz,#1F78B4
2024-09-16,52,Veza,Leguminosa,Veza → Maíz,R,irrigated_non_pivot,3,0.9435048699378968,0.91990926861763,0.9455507099628448,3,3,1.0,True,0.9309122264385224,52-r-irrigated-non-pivot-veza-maiz,#1F78B4
2024-10-11,52,Veza,Leguminosa,Veza → Maíz,R,irrigated_non_pivot,3,0.9071213006973268,0.8141255378723145,0.9100823998451232,3,3,1.0,True,0.8731708824634552,52-r-irrigated-non-pivot-veza-maiz,#1F78B4
2024-10-21,52,Veza,Leguminosa,Veza → Maíz,R,irrigated_non_pivot,3,0.8392204642295837,0.7095521986484528,0.8494119346141815,3,3,1.0,True,0.8392204642295837,52-r-irrigated-non-pivot-veza-maiz,#1F78B4
2024-11-05,52,Veza,Leguminosa,Veza → Maíz,R,irrigated_non_pivot,3,0.5266419053077698,0.4375483989715576,0.5615797340869904,3,3,1.0,True,0.5376265048980713,52-r-irrigated-non-pivot-veza-maiz,#1F78B4
2024-11-10,52,Veza,Leguminosa,Veza → Maíz,R,irrigated_non_pivot,3,0.5486111044883728,0.4663525521755218,0.5494775772094727,3,3,1.0,True,0.5376265048980713,52-r-irrigated-non-pivot-veza-maiz,#1F78B4
2024-12-05,52,Veza,Leguminosa,Veza → Maíz,R,irrigated_non_pivot,3,0.2865976393222809,0.2703725397586822,0.3089156299829483,3,3,1.0,True,0.2952898144721985,52-r-irrigated-non-pivot-veza-maiz,#1F78B4
2024-12-10,52,Veza,Leguminosa,Veza → Maíz,R,irrigated_non_pivot,3,0.3106480836868286,0.2748021930456161,0.3259855955839157,3,3,1.0,True,0.2937915027141571,52-r-irrigated-non-pivot-veza-maiz,#1F78B4
2024-12-15,52,Veza,Leguminosa,Veza → Maíz,R,irrigated_non_pivot,3,0.2967881262302398,0.2587112709879875,0.3061997592449188,3,3,1.0,True,0.2937915027141571,52-r-irrigated-non-pivot-veza-maiz,#1F78B4
2024-12-20,52,Veza,Leguminosa,Veza → Maíz,R,irrigated_non_pivot,3,0.2937915027141571,0.247028186917305,0.30091093480587,3,3,1.0,True,0.2937915027141571,52-r-irrigated-non-pivot-veza-maiz,#1F78B4
2024-12-25,52,Veza,Leguminosa,Veza → Maíz,R,irrigated_non_pivot,3,0.1828699111938476,0.1733415424823761,0.2081110626459121,3,3,1.0,True,0.1962793171405792,52-r-irrigated-non-pivot-veza-maiz,#1F78B4
2025-01-04,52,Veza,Leguminosa,Veza → Maíz,R,irrigated_non_pivot,3,0.1962793171405792,0.1799792498350143,0.197029523551464,3,3,1.0,True,0.1901135966181755,52-r-irrigated-non-pivot-veza-maiz,#1F78B4
2025-01-09,52,Veza,Leguminosa,Veza → Maíz,R,irrigated_non_pivot,3,0.1839478760957718,0.1728767976164817,0.1999038085341453,3,3,1.0,True,0.1901135966181755,52-r-irrigated-non-pivot-veza-maiz,#1F78B4
2025-01-14,52,Veza,Leguminosa,Veza → Maíz,R,irrigated_non_pivot,3,0.2149147689342498,0.2007990702986717,0.2237757816910743,3,3,1.0,True,0.1901135966181755,52-r-irrigated-non-pivot-veza-maiz,#1F78B4
2025-01-24,52,Veza,Leguminosa,Veza → Maíz,R,irrigated_non_pivot,3,0.1685010492801666,0.165579505264759,0.1806132718920707,3,3,1.0,True,0.1879668310284614,52-r-irrigated-non-pivot-veza-maiz,#1F78B4
2025-02-03,52,Veza,Leguminosa,Veza → Maíz,R,irrigated_non_pivot,3,0.1753797680139541,0.1699708104133606,0.1847165152430534,3,3,1.0,True,0.1794652566313743,52-r-irrigated-non-pivot-veza-maiz,#1F78B4
2025-02-08,52,Veza,Leguminosa,Veza → Maíz,R,irrigated_non_pivot,3,0.2005538940429687,0.1950093284249305,0.2064475864171981,3,3,1.0,True,0.1859782636165619,52-r-irrigated-non-pivot-veza-maiz,#1F78B4
2025-02-13,52,Veza,Leguminosa,Veza → Maíz,R,irrigated_non_pivot,3,0.1835507452487945,0.1811965629458427,0.1934458017349243,3,3,1.0,True,0.1859782636165619,52-r-irrigated-non-pivot-veza-maiz,#1F78B4
2025-02-23,52,Veza,Leguminosa,Veza → Maíz,R,irrigated_non_pivot,3,0.1884057819843292,0.1811208724975586,0.1908594816923141,3,3,1.0,True,0.1859782636165619,52-r-irrigated-non-pivot-veza-maiz,#1F78B4
2025-03-15,52,Veza,Leguminosa,Veza → Maíz,R,irrigated_non_pivot,3,0.2781954705715179,0.2319235950708389,0.2813059836626053,3,3,1.0,True,0.2847485542297363,52-r-irrigated-non-pivot-veza-maiz,#1F78B4
2025-03-27,52,Veza,Leguminosa,Veza → Maíz,R,irrigated_non_pivot,3,0.2847485542297363,0.236162468791008,0.3028205186128616,3,3,1.0,True,0.3359356522560119,52-r-irrigated-non-pivot-veza-maiz,#1F78B4
2025-03-30,52,Veza,Leguminosa,Veza → Maíz,R,irrigated_non_pivot,3,0.3359356522560119,0.2627681195735931,0.3387800902128219,3,3,1.0,True,0.3891266584396362,52-r-irrigated-non-pivot-veza-maiz,#1F78B4
2025-04-06,52,Veza,Leguminosa,Veza → Maíz,R,irrigated_non_pivot,3,0.4423176646232605,0.321318119764328,0.453719362616539,3,3,1.0,True,0.4423176646232605,52-r-irrigated-non-pivot-veza-maiz,#1F78B4
2025-04-09,52,Veza,Leguminosa,Veza → Maíz,R,irrigated_non_pivot,3,0.514052152633667,0.3718098029494285,0.5434779822826385,3,3,1.0,True,0.4781849086284637,52-r-irrigated-non-pivot-veza-maiz,#1F78B4
2025-04-16,52,Veza,Leguminosa,Veza → Maíz,R,irrigated_non_pivot,3,0.7263158559799194,0.5281463861465454,0.7712359130382538,3,3,1.0,True,0.7263158559799194,52-r-irrigated-non-pivot-veza-maiz,#1F78B4
2025-04-24,52,Veza,Leguminosa,Veza → Maíz,R,irrigated_non_pivot,3,0.8410163521766663,0.683163195848465,0.8755346536636353,3,3,1.0,True,0.8723825216293335,52-r-irrigated-non-pivot-veza-maiz,#1F78B4
2025-04-26,52,Veza,Leguminosa,Veza → Maíz,R,irrigated_non_pivot,3,0.8723825216293335,0.7419279515743256,0.8995612561702728,3,3,1.0,True,0.8723825216293335,52-r-irrigated-non-pivot-veza-maiz,#1F78B4
2025-05-04,52,Veza,Leguminosa,Veza → Maíz,R,irrigated_non_pivot,3,0.9312906265258788,0.9015237092971802,0.945628434419632,3,3,1.0,True,0.8876768946647644,52-r-irrigated-non-pivot-veza-maiz,#1F78B4
2025-05-06,52,Veza,Leguminosa,Veza → Maíz,R,irrigated_non_pivot,3,0.8876768946647644,0.8630444407463074,0.9034443497657776,3,3,1.0,True,0.8876768946647644,52-r-irrigated-non-pivot-veza-maiz,#1F78B4
2025-05-16,52,Veza,Leguminosa,Veza → Maíz,R,irrigated_non_pivot,3,0.922951877117157,0.91782608628273,0.9304999113082886,3,3,1.0,True,0.6527222543954849,52-r-irrigated-non-pivot-veza-maiz,#1F78B4
2025-05-24,52,Veza,Leguminosa,Veza → Maíz,R,irrigated_non_pivot,3,0.4177676141262054,0.3852635473012924,0.5009406954050064,3,3,1.0,True,0.3055503070354461,52-r-irrigated-non-pivot-veza-maiz,#1F78B4
2025-05-26,52,Veza,Leguminosa,Veza → Maíz,R,irrigated_non_pivot,3,0.3334932327270508,0.3214717507362366,0.3915694653987884,3,3,1.0,True,0.3055503070354461,52-r-irrigated-non-pivot-veza-maiz,#1F78B4
2025-05-29,52,Veza,Leguminosa,Veza → Maíz,R,irrigated_non_pivot,3,0.2776073813438415,0.2256194576621055,0.2803337872028351,3,3,1.0,True,0.2776073813438415,52-r-irrigated-non-pivot-veza-maiz,#1F78B4
2025-06-03,52,Veza,Leguminosa,Veza → Maíz,R,irrigated_non_pivot,3,0.1424878984689712,0.1317957043647766,0.152431420981884,3,3,1.0,True,0.1563482284545898,52-r-irrigated-non-pivot-veza-maiz,#1F78B4
2025-06-08,52,Veza,Leguminosa,Veza → Maíz,R,irrigated_non_pivot,3,0.1256172508001327,0.1210189834237098,0.133014865219593,3,3,1.0,True,0.1563482284545898,52-r-irrigated-non-pivot-veza-maiz,#1F78B4
2025-06-13,52,Veza,Leguminosa,Veza → Maíz,R,irrigated_non_pivot,3,0.1452572494745254,0.1280154697597026,0.1490218564867973,3,3,1.0,True,0.1508027389645576,52-r-irrigated-non-pivot-veza-maiz,#1F78B4
2025-06-18,52,Veza,Leguminosa,Veza → Maíz,R,irrigated_non_pivot,3,0.1563482284545898,0.1438040882349014,0.1573073342442512,3,3,1.0,True,0.1697157770395279,52-r-irrigated-non-pivot-veza-maiz,#1F78B4
2025-06-23,52,Veza,Leguminosa,Veza → Maíz,R,irrigated_non_pivot,3,0.1830833256244659,0.1582709103822708,0.1835368797183036,3,3,1.0,True,0.2929216623306274,52-r-irrigated-non-pivot-veza-maiz,#1F78B4
2025-06-28,52,Veza,Leguminosa,Veza → Maíz,R,irrigated_non_pivot,3,0.2929216623306274,0.2331060171127319,0.3128344565629959,3,3,1.0,True,0.5077033042907715,52-r-irrigated-non-pivot-veza-maiz,#1F78B4
2025-07-03,52,Veza,Leguminosa,Veza → Maíz,R,irrigated_non_pivot,3,0.5077033042907715,0.4207763969898224,0.525516003370285,3,3,1.0,True,0.7220354676246643,52-r-irrigated-non-pivot-veza-maiz,#1F78B4
2025-07-05,52,Veza,Leguminosa,Veza → Maíz,R,irrigated_non_pivot,3,0.7311009168624878,0.5729583501815796,0.7448333203792572,3,3,1.0,True,0.7220354676246643,52-r-irrigated-non-pivot-veza-maiz,#1F78B4
2025-07-08,52,Veza,Leguminosa,Veza → Maíz,R,irrigated_non_pivot,3,0.7129700183868408,0.5631161332130432,0.727722555398941,3,3,1.0,True,0.7311009168624878,52-r-irrigated-non-pivot-veza-maiz,#1F78B4
2025-07-13,52,Veza,Leguminosa,Veza → Maíz,R,irrigated_non_pivot,3,0.902161717414856,0.7806543409824371,0.9123211801052094,3,3,1.0,True,0.904935359954834,52-r-irrigated-non-pivot-veza-maiz,#1F78B4
2025-07-15,52,Veza,Leguminosa,Veza → Maíz,R,irrigated_non_pivot,3,0.907709002494812,0.7682177722454071,0.917119801044464,3,3,1.0,True,0.904935359954834,52-r-irrigated-non-pivot-veza-maiz,#1F78B4
2025-07-18,52,Veza,Leguminosa,Veza → Maíz,R,irrigated_non_pivot,3,0.9338257908821106,0.855895072221756,0.94095116853714,3,3,1.0,True,0.907709002494812,52-r-irrigated-non-pivot-veza-maiz,#1F78B4
2025-07-25,52,Veza,Leguminosa,Veza → Maíz,R,irrigated_non_pivot,3,0.944955587387085,0.9122136831283568,0.9451311230659484,3,3,1.0,True,0.9338151216506958,52-r-irrigated-non-pivot-veza-maiz,#1F78B4
2025-07-28,52,Veza,Leguminosa,Veza → Maíz,R,irrigated_non_pivot,3,0.9578657746315002,0.9279594123363496,0.958202749490738,3,3,1.0,True,0.9338151216506958,52-r-irrigated-non-pivot-veza-maiz,#1F78B4
2025-08-07,52,Veza,Leguminosa,Veza → Maíz,R,irrigated_non_pivot,3,0.933804452419281,0.9202437698841096,0.9385088086128236,3,3,1.0,True,0.9355129897594452,52-r-irrigated-non-pivot-veza-maiz,#1F78B4
2025-08-12,52,Veza,Leguminosa,Veza → Maíz,R,irrigated_non_pivot,3,0.925475299358368,0.9101060926914216,0.9329253733158112,3,3,1.0,True,0.9271873235702516,52-r-irrigated-non-pivot-veza-maiz,#1F78B4
2025-08-14,52,Veza,Leguminosa,Veza → Maíz,R,irrigated_non_pivot,3,0.9372215270996094,0.9101350903511048,0.94457146525383,3,3,1.0,True,0.9271873235702516,52-r-irrigated-non-pivot-veza-maiz,#1F78B4
2025-08-22,52,Veza,Leguminosa,Veza → Maíz,R,irrigated_non_pivot,3,0.9271873235702516,0.914776086807251,0.9345866739749908,3,3,1.0,True,0.925475299358368,52-r-irrigated-non-pivot-veza-maiz,#1F78B4
2025-08-24,52,Veza,Leguminosa,Veza → Maíz,R,irrigated_non_pivot,3,0.8730159401893616,0.8644989430904388,0.8808200061321259,3,3,1.0,True,0.925475299358368,52-r-irrigated-non-pivot-veza-maiz,#1F78B4
2025-09-01,52,Veza,Leguminosa,Veza → Maíz,R,irrigated_non_pivot,3,0.9143495559692384,0.9088294804096222,0.9266742467880248,3,3,1.0,True,0.9166763424873352,52-r-irrigated-non-pivot-veza-maiz,#1F78B4
2025-09-03,52,Veza,Leguminosa,Veza → Maíz,R,irrigated_non_pivot,3,0.9256297945976256,0.9179928600788116,0.9350933134555816,3,3,1.0,True,0.9166763424873352,52-r-irrigated-non-pivot-veza-maiz,#1F78B4
2025-09-06,52,Veza,Leguminosa,Veza → Maíz,R,irrigated_non_pivot,3,0.919003129005432,0.9125090837478638,0.932904839515686,3,3,1.0,True,0.9143495559692384,52-r-irrigated-non-pivot-veza-maiz,#1F78B4
2025-09-11,52,Veza,Leguminosa,Veza → Maíz,R,irrigated_non_pivot,3,0.8948702216148376,0.8898240923881531,0.9085972905158995,3,3,1.0,True,0.904609888792038,52-r-irrigated-non-pivot-veza-maiz,#1F78B4
2025-09-23,52,Veza,Leguminosa,Veza → Maíz,R,irrigated_non_pivot,3,0.872135579586029,0.8685248792171478,0.8857614696025848,3,3,1.0,True,0.8541300892829895,52-r-irrigated-non-pivot-veza-maiz,#1F78B4
2025-09-26,52,Veza,Leguminosa,Veza → Maíz,R,irrigated_non_pivot,3,0.8541300892829895,0.8492408096790314,0.8677707612514496,3,3,1.0,True,0.8418206572532654,52-r-irrigated-non-pivot-veza-maiz,#1F78B4
2025-10-01,52,Veza,Leguminosa,Veza → Maíz,R,irrigated_non_pivot,3,0.8295112252235413,0.8294035196304321,0.8511638939380646,3,3,1.0,True,0.8418206572532654,52-r-irrigated-non-pivot-veza-maiz,#1F78B4
2025-10-06,52,Veza,Leguminosa,Veza → Maíz,R,irrigated_non_pivot,3,0.7534157037734985,0.7523349821567535,0.777225136756897,3,3,1.0,True,0.8295112252235413,52-r-irrigated-non-pivot-veza-maiz,#1F78B4
2025-10-21,52,Veza,Leguminosa,Veza → Maíz,R,irrigated_non_pivot,3,0.526232123374939,0.5127203464508057,0.5377280116081238,3,3,1.0,True,0.4869039356708526,52-r-irrigated-non-pivot-veza-maiz,#1F78B4
2025-10-23,52,Veza,Leguminosa,Veza → Maíz,R,irrigated_non_pivot,3,0.4869039356708526,0.4693132191896438,0.4906138926744461,3,3,1.0,True,0.4869039356708526,52-r-irrigated-non-pivot-veza-maiz,#1F78B4
2025-10-26,52,Veza,Leguminosa,Veza → Maíz,R,irrigated_non_pivot,3,0.4626985192298889,0.449769377708435,0.4635861217975616,3,3,1.0,True,0.4869039356708526,52-r-irrigated-non-pivot-veza-maiz,#1F78B4
2024-09-11,53,Yeros,Leguminosa,Yeros,S,dryland,4,0.119695596396923,0.1115496568381786,0.1261810939759016,4,4,1.0,True,0.1186994723975658,53-s-dryland-yeros,#F0E442
2024-09-26,53,Yeros,Leguminosa,Yeros,S,dryland,3,0.1177033483982086,0.1158431135118007,0.1222169548273086,4,4,0.75,True,0.1459342539310455,53-s-dryland-yeros,#F0E442
2024-10-11,53,Yeros,Leguminosa,Yeros,S,dryland,4,0.1741651594638824,0.1515827439725399,0.1872622519731521,4,4,1.0,True,0.2065225467085838,53-s-dryland-yeros,#F0E442
2024-10-21,53,Yeros,Leguminosa,Yeros,S,dryland,4,0.2388799339532852,0.1937653310596943,0.2519170343875885,4,4,1.0,True,0.2388799339532852,53-s-dryland-yeros,#F0E442
2024-11-05,53,Yeros,Leguminosa,Yeros,S,dryland,4,0.430036187171936,0.2884388342499733,0.5219612717628479,4,4,1.0,True,0.4651745930314064,53-s-dryland-yeros,#F0E442
2024-11-10,53,Yeros,Leguminosa,Yeros,S,dryland,4,0.5003129988908768,0.3946473076939583,0.5524919033050537,4,4,1.0,True,0.4651745930314064,53-s-dryland-yeros,#F0E442
2024-11-30,53,Yeros,Leguminosa,Yeros,S,dryland,3,0.0458651818335056,0.044188305735588,0.0513649005442857,4,4,0.75,True,0.6037011295557022,53-s-dryland-yeros,#F0E442
2024-12-05,53,Yeros,Leguminosa,Yeros,S,dryland,4,0.6238042414188385,0.4793068878352642,0.6667836606502533,4,4,1.0,True,0.6011686325073242,53-s-dryland-yeros,#F0E442
2024-12-10,53,Yeros,Leguminosa,Yeros,S,dryland,4,0.6011686325073242,0.4539470188319683,0.6436787992715836,4,4,1.0,True,0.598002552986145,53-s-dryland-yeros,#F0E442
2024-12-15,53,Yeros,Leguminosa,Yeros,S,dryland,4,0.6062336266040802,0.4574804306030273,0.6471667885780334,4,4,1.0,True,0.6011686325073242,53-s-dryland-yeros,#F0E442
2024-12-20,53,Yeros,Leguminosa,Yeros,S,dryland,4,0.5948364734649658,0.4518038928508758,0.6368055641651154,4,4,1.0,True,0.5948364734649658,53-s-dryland-yeros,#F0E442
2024-12-25,53,Yeros,Leguminosa,Yeros,S,dryland,4,0.5650242865085602,0.4212754778563976,0.6102816164493561,4,4,1.0,True,0.5650242865085602,53-s-dryland-yeros,#F0E442
2025-01-04,53,Yeros,Leguminosa,Yeros,S,dryland,4,0.5589847564697266,0.4185225330293178,0.6039426624774933,4,4,1.0,True,0.5474823415279388,53-s-dryland-yeros,#F0E442
2025-01-09,53,Yeros,Leguminosa,Yeros,S,dryland,4,0.5359799265861511,0.404050562530756,0.5825894474983215,4,4,1.0,True,0.5231941565871239,53-s-dryland-yeros,#F0E442
2025-01-14,53,Yeros,Leguminosa,Yeros,S,dryland,4,0.5104083865880966,0.3928410485386848,0.5535007864236832,4,4,1.0,True,0.5231941565871239,53-s-dryland-yeros,#F0E442
2025-01-24,53,Yeros,Leguminosa,Yeros,S,dryland,4,0.4804664552211761,0.3638468123972416,0.5273161679506302,4,4,1.0,True,0.3414119556546211,53-s-dryland-yeros,#F0E442
2025-02-03,53,Yeros,Leguminosa,Yeros,S,dryland,4,0.2023574560880661,0.1781765706837177,0.2116778753697872,4,4,1.0,True,0.1966907680034637,53-s-dryland-yeros,#F0E442
2025-02-08,53,Yeros,Leguminosa,Yeros,S,dryland,4,0.1910240799188614,0.1741886101663112,0.1974861323833465,4,4,1.0,True,0.1825764328241348,53-s-dryland-yeros,#F0E442
2025-02-13,53,Yeros,Leguminosa,Yeros,S,dryland,4,0.1741287857294082,0.1588690094649791,0.1813193932175636,4,4,1.0,True,0.1825764328241348,53-s-dryland-yeros,#F0E442
2025-02-23,53,Yeros,Leguminosa,Yeros,S,dryland,4,0.1465157493948936,0.1381348632276058,0.1508418507874012,4,4,1.0,True,0.1602570861577987,53-s-dryland-yeros,#F0E442
2025-03-05,53,Yeros,Leguminosa,Yeros,S,dryland,4,0.1475702971220016,0.1448655277490615,0.1489637494087219,4,4,1.0,True,0.1602570861577987,53-s-dryland-yeros,#F0E442
2025-03-10,53,Yeros,Leguminosa,Yeros,S,dryland,3,0.1729438751935959,0.1714719459414482,0.1742962896823883,4,4,0.75,True,0.1729438751935959,53-s-dryland-yeros,#F0E442
2025-03-15,53,Yeros,Leguminosa,Yeros,S,dryland,4,0.1840564757585525,0.181804172694683,0.1854045800864696,4,4,1.0,True,0.1507558450102806,53-s-dryland-yeros,#F0E442
2025-03-27,53,Yeros,Leguminosa,Yeros,S,dryland,4,0.145841397345066,0.1430768519639969,0.1494836620986461,4,4,1.0,True,0.1555111967027187,53-s-dryland-yeros,#F0E442
2025-03-30,53,Yeros,Leguminosa,Yeros,S,dryland,4,0.1507558450102806,0.145216379314661,0.1588810160756111,4,4,1.0,True,0.1507558450102806,53-s-dryland-yeros,#F0E442
2025-04-04,53,Yeros,Leguminosa,Yeros,S,dryland,3,0.1602665483951568,0.1532057896256446,0.1679927036166191,4,4,0.75,True,0.1555111967027187,53-s-dryland-yeros,#F0E442
2025-04-06,53,Yeros,Leguminosa,Yeros,S,dryland,4,0.1503877639770507,0.1450886987149715,0.155849203467369,4,4,1.0,True,0.1555111967027187,53-s-dryland-yeros,#F0E442
2025-04-09,53,Yeros,Leguminosa,Yeros,S,dryland,4,0.1615244671702385,0.1559730544686317,0.1679370068013668,4,4,1.0,True,0.1602665483951568,53-s-dryland-yeros,#F0E442
2025-04-16,53,Yeros,Leguminosa,Yeros,S,dryland,4,0.2062555849552154,0.1894591487944126,0.2180972583591938,4,4,1.0,True,0.1838900260627269,53-s-dryland-yeros,#F0E442
2025-04-24,53,Yeros,Leguminosa,Yeros,S,dryland,4,0.2427183389663696,0.2205479852855205,0.2665595039725303,4,4,1.0,True,0.2427183389663696,53-s-dryland-yeros,#F0E442
2025-04-26,53,Yeros,Leguminosa,Yeros,S,dryland,4,0.246774360537529,0.2255477495491504,0.2725985571742058,4,4,1.0,True,0.2427183389663696,53-s-dryland-yeros,#F0E442
2025-05-04,53,Yeros,Leguminosa,Yeros,S,dryland,4,0.2475926354527473,0.2357180304825306,0.2714848741889,4,4,1.0,True,0.2427183389663696,53-s-dryland-yeros,#F0E442
2025-05-06,53,Yeros,Leguminosa,Yeros,S,dryland,3,0.2412894666194915,0.2358929514884948,0.2830827981233597,4,4,0.75,True,0.2427183389663696,53-s-dryland-yeros,#F0E442
2025-05-16,53,Yeros,Leguminosa,Yeros,S,dryland,4,0.2331494092941284,0.2246150225400924,0.2593425959348678,4,4,1.0,True,0.2199350707232952,53-s-dryland-yeros,#F0E442
2025-05-24,53,Yeros,Leguminosa,Yeros,S,dryland,4,0.206720732152462,0.2021782360970974,0.2300143726170063,4,4,1.0,True,0.1848172359168529,53-s-dryland-yeros,#F0E442
2025-05-26,53,Yeros,Leguminosa,Yeros,S,dryland,4,0.1894823908805847,0.1854595988988876,0.2090340405702591,4,4,1.0,True,0.1848172359168529,53-s-dryland-yeros,#F0E442
2025-05-29,53,Yeros,Leguminosa,Yeros,S,dryland,4,0.1801520809531211,0.1779317520558834,0.1956227011978626,4,4,1.0,True,0.1801520809531211,53-s-dryland-yeros,#F0E442
2025-06-03,53,Yeros,Leguminosa,Yeros,S,dryland,4,0.1510847955942154,0.1483749076724052,0.1609895341098308,4,4,1.0,True,0.1510847955942154,53-s-dryland-yeros,#F0E442
2025-06-08,53,Yeros,Leguminosa,Yeros,S,dryland,4,0.1389356777071952,0.1358517035841941,0.1466166041791439,4,4,1.0,True,0.1389356777071952,53-s-dryland-yeros,#F0E442
2025-06-13,53,Yeros,Leguminosa,Yeros,S,dryland,4,0.1223621070384979,0.1173157710582017,0.1293642409145832,4,4,1.0,True,0.1223621070384979,53-s-dryland-yeros,#F0E442
2025-06-18,53,Yeros,Leguminosa,Yeros,S,dryland,4,0.1314461678266525,0.1271434053778648,0.1365209259092807,4,4,1.0,True,0.1196724139153957,53-s-dryland-yeros,#F0E442
2025-06-23,53,Yeros,Leguminosa,Yeros,S,dryland,4,0.1166553013026714,0.1121077686548233,0.1195783670991659,4,4,1.0,True,0.1181638576090335,53-s-dryland-yeros,#F0E442
2025-06-25,53,Yeros,Leguminosa,Yeros,S,dryland,3,0.1025145202875137,0.098185259848833,0.1058175228536129,4,4,0.75,True,0.1181638576090335,53-s-dryland-yeros,#F0E442
2025-06-28,53,Yeros,Leguminosa,Yeros,S,dryland,4,0.1196724139153957,0.1149735450744628,0.1228716261684894,4,4,1.0,True,0.1181638576090335,53-s-dryland-yeros,#F0E442
2025-07-03,53,Yeros,Leguminosa,Yeros,S,dryland,4,0.1152367517352104,0.1111294813454151,0.1208195555955171,4,4,1.0,True,0.1166553013026714,53-s-dryland-yeros,#F0E442
2025-07-05,53,Yeros,Leguminosa,Yeros,S,dryland,4,0.1047413013875484,0.0980849340558052,0.1131334453821182,4,4,1.0,True,0.1166553013026714,53-s-dryland-yeros,#F0E442
2025-07-08,53,Yeros,Leguminosa,Yeros,S,dryland,4,0.1239321492612361,0.1216291189193725,0.1256818883121013,4,4,1.0,True,0.1173461806029081,53-s-dryland-yeros,#F0E442
2025-07-13,53,Yeros,Leguminosa,Yeros,S,dryland,4,0.132414698600769,0.1277825701981783,0.1358578875660896,4,4,1.0,True,0.1158185116946697,53-s-dryland-yeros,#F0E442
2025-07-15,53,Yeros,Leguminosa,Yeros,S,dryland,4,0.1128382012248039,0.1096625253558158,0.1143286861479282,4,4,1.0,True,0.1158185116946697,53-s-dryland-yeros,#F0E442
2025-07-18,53,Yeros,Leguminosa,Yeros,S,dryland,4,0.1194556094706058,0.115553367882967,0.1211668476462364,4,4,1.0,True,0.1148747615516185,53-s-dryland-yeros,#F0E442
2025-07-25,53,Yeros,Leguminosa,Yeros,S,dryland,4,0.116400271654129,0.1139379423111677,0.1178954783827066,4,4,1.0,True,0.1133492514491081,53-s-dryland-yeros,#F0E442
2025-07-28,53,Yeros,Leguminosa,Yeros,S,dryland,4,0.1115763373672962,0.109064657241106,0.11288957670331,4,4,1.0,True,0.1128382012248039,53-s-dryland-yeros,#F0E442
2025-08-02,53,Yeros,Leguminosa,Yeros,S,dryland,4,0.1133492514491081,0.1073404159396886,0.1187757942825555,4,4,1.0,True,0.1124627944082021,53-s-dryland-yeros,#F0E442
2025-08-07,53,Yeros,Leguminosa,Yeros,S,dryland,4,0.1080503053963184,0.1044778022915124,0.111562393605709,4,4,1.0,True,0.1133492514491081,53-s-dryland-yeros,#F0E442
2025-08-12,53,Yeros,Leguminosa,Yeros,S,dryland,4,0.1091350466012954,0.1020118258893489,0.1126486603170633,4,4,1.0,True,0.115029040724039,53-s-dryland-yeros,#F0E442
2025-08-14,53,Yeros,Leguminosa,Yeros,S,dryland,4,0.1294696629047393,0.1183558627963066,0.1339965723454952,4,4,1.0,True,0.115029040724039,53-s-dryland-yeros,#F0E442
2025-08-22,53,Yeros,Leguminosa,Yeros,S,dryland,4,0.11670882999897,0.1105487663298845,0.1208044216036796,4,4,1.0,True,0.11670882999897,53-s-dryland-yeros,#F0E442
2025-08-24,53,Yeros,Leguminosa,Yeros,S,dryland,4,0.1301631033420562,0.1233787573873996,0.1320703104138374,4,4,1.0,True,0.11670882999897,53-s-dryland-yeros,#F0E442
2025-09-01,53,Yeros,Leguminosa,Yeros,S,dryland,4,0.1232325211167335,0.1182026769965887,0.1255103331059217,4,4,1.0,True,0.1162188816815614,53-s-dryland-yeros,#F0E442
2025-09-03,53,Yeros,Leguminosa,Yeros,S,dryland,4,0.1157289333641529,0.1078192107379436,0.1195254996418953,4,4,1.0,True,0.1162188816815614,53-s-dryland-yeros,#F0E442
2025-09-06,53,Yeros,Leguminosa,Yeros,S,dryland,4,0.1088830269873142,0.101165110245347,0.1134869940578937,4,4,1.0,True,0.1157289333641529,53-s-dryland-yeros,#F0E442
2025-09-11,53,Yeros,Leguminosa,Yeros,S,dryland,4,0.1081715449690818,0.1004579048603773,0.1123970616608858,4,4,1.0,True,0.1194807272404432,53-s-dryland-yeros,#F0E442
2025-09-23,53,Yeros,Leguminosa,Yeros,S,dryland,4,0.1329576671123504,0.1232918929308652,0.1359216421842575,4,4,1.0,True,0.1329576671123504,53-s-dryland-yeros,#F0E442
2025-09-26,53,Yeros,Leguminosa,Yeros,S,dryland,4,0.1387352421879768,0.1309308111667633,0.1415391974151134,4,4,1.0,True,0.1346732601523399,53-s-dryland-yeros,#F0E442
2025-10-01,53,Yeros,Leguminosa,Yeros,S,dryland,4,0.1363888531923294,0.1265897471457719,0.13945272564888,4,4,1.0,True,0.1329576671123504,53-s-dryland-yeros,#F0E442
2025-10-06,53,Yeros,Leguminosa,Yeros,S,dryland,4,0.1278417482972145,0.1200789008289575,0.1302164271473884,4,4,1.0,True,0.1303997077047824,53-s-dryland-yeros,#F0E442
2025-10-16,53,Yeros,Leguminosa,Yeros,S,dryland,3,0.1175140887498855,0.1134420856833458,0.118666186928749,4,4,0.75,True,0.1175140887498855,53-s-dryland-yeros,#F0E442
2025-10-21,53,Yeros,Leguminosa,Yeros,S,dryland,4,0.1016215980052948,0.0928302984684705,0.1057113613933324,4,4,1.0,True,0.1164416447281837,53-s-dryland-yeros,#F0E442
2025-10-23,53,Yeros,Leguminosa,Yeros,S,dryland,4,0.1153692007064819,0.1065210942178964,0.1193528231233358,4,4,1.0,True,0.1164416447281837,53-s-dryland-yeros,#F0E442
2025-10-26,53,Yeros,Leguminosa,Yeros,S,dryland,4,0.1723544374108314,0.1670903041958809,0.1749406680464744,4,4,1.0,True,0.1164416447281837,53-s-dryland-yeros,#F0E442
2024-09-11,60,Alfalfa,Forrajero perenne,Alfalfa,R,irrigated_non_pivot,10,0.8775025308132172,0.8737766146659851,0.9168132394552232,10,10,1.0,True,0.8806053698062897,60-r-irrigated-non-pivot-alfalfa,#6A3D9A
2024-09-16,60,Alfalfa,Forrajero perenne,Alfalfa,R,irrigated_non_pivot,10,0.8837082087993622,0.6019880920648575,0.892987921833992,10,10,1.0,True,0.8806053698062897,60-r-irrigated-non-pivot-alfalfa,#6A3D9A
2024-10-11,60,Alfalfa,Forrajero perenne,Alfalfa,R,irrigated_non_pivot,10,0.7205308973789215,0.6645243167877197,0.9158832728862762,10,10,1.0,True,0.7062316462397575,60-r-irrigated-non-pivot-alfalfa,#6A3D9A
2024-10-21,60,Alfalfa,Forrajero perenne,Alfalfa,R,irrigated_non_pivot,10,0.6919323951005936,0.481673926115036,0.9376810193061828,10,10,1.0,True,0.6919323951005936,60-r-irrigated-non-pivot-alfalfa,#6A3D9A
2024-11-05,60,Alfalfa,Forrajero perenne,Alfalfa,R,irrigated_non_pivot,10,0.4925826340913772,0.1556383781135082,0.8506376296281815,10,10,1.0,True,0.4887465983629226,60-r-irrigated-non-pivot-alfalfa,#6A3D9A
2024-11-10,60,Alfalfa,Forrajero perenne,Alfalfa,R,irrigated_non_pivot,10,0.4849105626344681,0.1933967173099517,0.876467153429985,10,10,1.0,True,0.4887465983629226,60-r-irrigated-non-pivot-alfalfa,#6A3D9A
2024-12-05,60,Alfalfa,Forrajero perenne,Alfalfa,R,irrigated_non_pivot,10,0.3642095550894737,0.2234056890010833,0.56388720870018,10,10,1.0,True,0.3000067993998527,60-r-irrigated-non-pivot-alfalfa,#6A3D9A
2024-12-10,60,Alfalfa,Forrajero perenne,Alfalfa,R,irrigated_non_pivot,10,0.3100112080574035,0.2153344824910164,0.5942895710468292,10,10,1.0,True,0.2900023907423019,60-r-irrigated-non-pivot-alfalfa,#6A3D9A
2024-12-15,60,Alfalfa,Forrajero perenne,Alfalfa,R,irrigated_non_pivot,10,0.2900023907423019,0.210235845297575,0.6188486367464066,10,10,1.0,True,0.2839425094425678,60-r-irrigated-non-pivot-alfalfa,#6A3D9A
2024-12-20,60,Alfalfa,Forrajero perenne,Alfalfa,R,irrigated_non_pivot,10,0.2778826281428337,0.2097440399229526,0.5972442030906677,10,10,1.0,True,0.2654066495597362,60-r-irrigated-non-pivot-alfalfa,#6A3D9A
2024-12-25,60,Alfalfa,Forrajero perenne,Alfalfa,R,irrigated_non_pivot,10,0.2490032315254211,0.1948134899139404,0.5659581273794174,10,10,1.0,True,0.2509669512510299,60-r-irrigated-non-pivot-alfalfa,#6A3D9A
2024-12-30,60,Alfalfa,Forrajero perenne,Alfalfa,R,irrigated_non_pivot,5,0.0065398556180298,0.0062038572505116,0.0069851847365498,10,10,0.5,True,0.2509669512510299,60-r-irrigated-non-pivot-alfalfa,#6A3D9A
2025-01-04,60,Alfalfa,Forrajero perenne,Alfalfa,R,irrigated_non_pivot,10,0.2529306709766388,0.1889723651111126,0.5877674520015717,10,10,1.0,True,0.2490032315254211,60-r-irrigated-non-pivot-alfalfa,#6A3D9A
2025-01-09,60,Alfalfa,Forrajero perenne,Alfalfa,R,irrigated_non_pivot,10,0.2487520352005958,0.1732717901468277,0.5924137234687805,10,10,1.0,True,0.2487520352005958,60-r-irrigated-non-pivot-alfalfa,#6A3D9A
2025-01-14,60,Alfalfa,Forrajero perenne,Alfalfa,R,irrigated_non_pivot,10,0.2608401700854301,0.1820367127656936,0.5570161193609238,10,10,1.0,True,0.2508413530886173,60-r-irrigated-non-pivot-alfalfa,#6A3D9A
2025-01-24,60,Alfalfa,Forrajero perenne,Alfalfa,R,irrigated_non_pivot,10,0.2413233518600464,0.1693679168820381,0.5099553614854813,10,10,1.0,True,0.252792414277792,60-r-irrigated-non-pivot-alfalfa,#6A3D9A
2025-02-03,60,Alfalfa,Forrajero perenne,Alfalfa,R,irrigated_non_pivot,10,0.2447446584701538,0.1698629818856716,0.4799516797065735,10,10,1.0,True,0.2430340051651001,60-r-irrigated-non-pivot-alfalfa,#6A3D9A
2025-02-08,60,Alfalfa,Forrajero perenne,Alfalfa,R,irrigated_non_pivot,10,0.2648518085479736,0.203756146132946,0.5057880282402039,10,10,1.0,True,0.2510176412761211,60-r-irrigated-non-pivot-alfalfa,#6A3D9A
2025-02-13,60,Alfalfa,Forrajero perenne,Alfalfa,R,irrigated_non_pivot,10,0.2390680685639381,0.1644439920783043,0.5172074288129807,10,10,1.0,True,0.2510176412761211,60-r-irrigated-non-pivot-alfalfa,#6A3D9A
2025-02-23,60,Alfalfa,Forrajero perenne,Alfalfa,R,irrigated_non_pivot,10,0.2572906240820884,0.1459143459796905,0.6334930658340454,10,10,1.0,True,0.1992166191339492,60-r-irrigated-non-pivot-alfalfa,#6A3D9A
2025-03-05,60,Alfalfa,Forrajero perenne,Alfalfa,R,irrigated_non_pivot,9,0.1531871259212494,0.147315427660942,0.6458043456077576,10,10,0.9,True,0.1593651697039604,60-r-irrigated-non-pivot-alfalfa,#6A3D9A
2025-03-10,60,Alfalfa,Forrajero perenne,Alfalfa,R,irrigated_non_pivot,8,0.1593651697039604,0.1552644334733486,0.8330012708902359,10,10,0.8,True,0.1593651697039604,60-r-irrigated-non-pivot-alfalfa,#6A3D9A
2025-03-15,60,Alfalfa,Forrajero perenne,Alfalfa,R,irrigated_non_pivot,10,0.387401781976223,0.1722079515457153,0.8516631871461868,10,10,1.0,True,0.3838098794221878,60-r-irrigated-non-pivot-alfalfa,#6A3D9A
2025-03-17,60,Alfalfa,Forrajero perenne,Alfalfa,R,irrigated_non_pivot,6,0.0524281207472085,0.049007955007255,0.0613138321787118,10,10,0.6,True,0.3838098794221878,60-r-irrigated-non-pivot-alfalfa,#6A3D9A
2025-03-25,60,Alfalfa,Forrajero perenne,Alfalfa,R,irrigated_non_pivot,7,0.7546298503875732,0.3880725428462028,0.8537125587463379,10,10,0.7,True,0.3891324736177921,60-r-irrigated-non-pivot-alfalfa,#6A3D9A
2025-03-27,60,Alfalfa,Forrajero perenne,Alfalfa,R,irrigated_non_pivot,10,0.3838098794221878,0.1594089418649673,0.8124648481607437,10,10,1.0,True,0.3891324736177921,60-r-irrigated-non-pivot-alfalfa,#6A3D9A
2025-03-30,60,Alfalfa,Forrajero perenne,Alfalfa,R,irrigated_non_pivot,10,0.3908631652593612,0.1581889688968658,0.8212420642375946,10,10,1.0,True,0.3908631652593612,60-r-irrigated-non-pivot-alfalfa,#6A3D9A
2025-04-04,60,Alfalfa,Forrajero perenne,Alfalfa,R,irrigated_non_pivot,5,0.6796686053276062,0.6605638265609741,0.6816545724868774,10,10,0.5,True,0.4018159806728363,60-r-irrigated-non-pivot-alfalfa,#6A3D9A
2025-04-06,60,Alfalfa,Forrajero perenne,Alfalfa,R,irrigated_non_pivot,10,0.4132401198148727,0.1474160440266132,0.700043186545372,10,10,1.0,True,0.4018159806728363,60-r-irrigated-non-pivot-alfalfa,#6A3D9A
2025-04-09,60,Alfalfa,Forrajero perenne,Alfalfa,R,irrigated_non_pivot,10,0.3014458566904068,0.1625076346099376,0.6607688143849373,10,10,1.0,True,0.4018159806728363,60-r-irrigated-non-pivot-alfalfa,#6A3D9A
2025-04-16,60,Alfalfa,Forrajero perenne,Alfalfa,R,irrigated_non_pivot,10,0.4018159806728363,0.227972500026226,0.7629101723432541,10,10,1.0,True,0.6345106810331345,60-r-irrigated-non-pivot-alfalfa,#6A3D9A
2025-04-24,60,Alfalfa,Forrajero perenne,Alfalfa,R,irrigated_non_pivot,10,0.6345106810331345,0.386448971927166,0.8482247889041901,10,10,1.0,True,0.8024066090583801,60-r-irrigated-non-pivot-alfalfa,#6A3D9A
2025-04-26,60,Alfalfa,Forrajero perenne,Alfalfa,R,irrigated_non_pivot,10,0.6639593839645386,0.4603080451488495,0.8855089098215103,10,10,1.0,True,0.8024066090583801,60-r-irrigated-non-pivot-alfalfa,#6A3D9A
2025-04-29,60,Alfalfa,Forrajero perenne,Alfalfa,R,irrigated_non_pivot,5,0.8954793810844421,0.87909996509552,0.9018216133117676,10,10,0.5,True,0.8024066090583801,60-r-irrigated-non-pivot-alfalfa,#6A3D9A
2025-05-04,60,Alfalfa,Forrajero perenne,Alfalfa,R,irrigated_non_pivot,10,0.8214897811412811,0.6026669889688492,0.8338751792907715,10,10,1.0,True,0.8158766329288483,60-r-irrigated-non-pivot-alfalfa,#6A3D9A
2025-05-06,60,Alfalfa,Forrajero perenne,Alfalfa,R,irrigated_non_pivot,9,0.8024066090583801,0.7818419337272644,0.8131683468818665,10,10,0.9,True,0.8158766329288483,60-r-irrigated-non-pivot-alfalfa,#6A3D9A
2025-05-09,60,Alfalfa,Forrajero perenne,Alfalfa,R,irrigated_non_pivot,7,0.8407049179077148,0.8289897441864014,0.8662718236446381,10,10,0.7,True,0.8214897811412811,60-r-irrigated-non-pivot-alfalfa,#6A3D9A
2025-05-16,60,Alfalfa,Forrajero perenne,Alfalfa,R,irrigated_non_pivot,10,0.8158766329288483,0.745480090379715,0.8991413414478302,10,10,1.0,True,0.8407049179077148,60-r-irrigated-non-pivot-alfalfa,#6A3D9A
2025-05-24,60,Alfalfa,Forrajero perenne,Alfalfa,R,irrigated_non_pivot,10,0.913478583097458,0.8075801730155945,0.9307716488838196,10,10,1.0,True,0.9183300733566284,60-r-irrigated-non-pivot-alfalfa,#6A3D9A
2025-05-26,60,Alfalfa,Forrajero perenne,Alfalfa,R,irrigated_non_pivot,10,0.9519583880901336,0.8230501115322113,0.9654844999313354,10,10,1.0,True,0.9183300733566284,60-r-irrigated-non-pivot-alfalfa,#6A3D9A
2025-05-29,60,Alfalfa,Forrajero perenne,Alfalfa,R,irrigated_non_pivot,10,0.923181563615799,0.7686286866664886,0.9350458830595016,10,10,1.0,True,0.913478583097458,60-r-irrigated-non-pivot-alfalfa,#6A3D9A
2025-06-03,60,Alfalfa,Forrajero perenne,Alfalfa,R,irrigated_non_pivot,10,0.9306379556655884,0.906552106142044,0.9420054256916046,10,10,1.0,True,0.913478583097458,60-r-irrigated-non-pivot-alfalfa,#6A3D9A
2025-06-08,60,Alfalfa,Forrajero perenne,Alfalfa,R,irrigated_non_pivot,10,0.7236717045307159,0.5806930214166641,0.9292948693037032,10,10,1.0,True,0.8094706535339355,60-r-irrigated-non-pivot-alfalfa,#6A3D9A
2025-06-13,60,Alfalfa,Forrajero perenne,Alfalfa,R,irrigated_non_pivot,10,0.419873982667923,0.4104676842689514,0.6348268538713455,10,10,1.0,True,0.7665711790323257,60-r-irrigated-non-pivot-alfalfa,#6A3D9A
2025-06-18,60,Alfalfa,Forrajero perenne,Alfalfa,R,irrigated_non_pivot,10,0.6834768056869507,0.4667225182056427,0.7141667902469635,10,10,1.0,True,0.7665711790323257,60-r-irrigated-non-pivot-alfalfa,#6A3D9A
2025-06-23,60,Alfalfa,Forrajero perenne,Alfalfa,R,irrigated_non_pivot,10,0.8094706535339355,0.5073979198932648,0.8510566651821136,10,10,1.0,True,0.7464737296104431,60-r-irrigated-non-pivot-alfalfa,#6A3D9A
2025-06-28,60,Alfalfa,Forrajero perenne,Alfalfa,R,irrigated_non_pivot,10,0.8866907954216003,0.6153590679168701,0.8970567435026169,10,10,1.0,True,0.7464737296104431,60-r-irrigated-non-pivot-alfalfa,#6A3D9A
2025-07-03,60,Alfalfa,Forrajero perenne,Alfalfa,R,irrigated_non_pivot,10,0.9480657577514648,0.8648499548435211,0.9556950330734252,10,10,1.0,True,0.788254976272583,60-r-irrigated-non-pivot-alfalfa,#6A3D9A
2025-07-08,60,Alfalfa,Forrajero perenne,Alfalfa,R,irrigated_non_pivot,10,0.6256918907165527,0.4984404966235161,0.9029054045677184,10,10,1.0,True,0.712223082780838,60-r-irrigated-non-pivot-alfalfa,#6A3D9A
2025-07-13,60,Alfalfa,Forrajero perenne,Alfalfa,R,irrigated_non_pivot,10,0.636191189289093,0.3608009964227676,0.9401911497116088,10,10,1.0,True,0.788254976272583,60-r-irrigated-non-pivot-alfalfa,#6A3D9A
2025-07-15,60,Alfalfa,Forrajero perenne,Alfalfa,R,irrigated_non_pivot,10,0.4926384091377258,0.4713083431124687,0.7687259688973427,10,10,1.0,True,0.788254976272583,60-r-irrigated-non-pivot-alfalfa,#6A3D9A
2025-07-18,60,Alfalfa,Forrajero perenne,Alfalfa,R,irrigated_non_pivot,10,0.788254976272583,0.7808414548635483,0.8496902883052826,10,10,1.0,True,0.788254976272583,60-r-irrigated-non-pivot-alfalfa,#6A3D9A
2025-07-25,60,Alfalfa,Forrajero perenne,Alfalfa,R,irrigated_non_pivot,10,0.850455641746521,0.7843028753995895,0.8724770843982697,10,10,1.0,True,0.875960186123848,60-r-irrigated-non-pivot-alfalfa,#6A3D9A
2025-07-28,60,Alfalfa,Forrajero perenne,Alfalfa,R,irrigated_non_pivot,10,0.9014647305011748,0.8296124041080475,0.9240301698446274,10,10,1.0,True,0.875960186123848,60-r-irrigated-non-pivot-alfalfa,#6A3D9A
2025-08-02,60,Alfalfa,Forrajero perenne,Alfalfa,R,irrigated_non_pivot,10,0.9682156145572662,0.8553954511880875,0.9764520674943924,10,10,1.0,True,0.9014647305011748,60-r-irrigated-non-pivot-alfalfa,#6A3D9A
2025-08-04,60,Alfalfa,Forrajero perenne,Alfalfa,R,irrigated_non_pivot,8,0.918138712644577,0.8188612461090088,0.928490310907364,10,10,0.8,True,0.9014647305011748,60-r-irrigated-non-pivot-alfalfa,#6A3D9A
2025-08-07,60,Alfalfa,Forrajero perenne,Alfalfa,R,irrigated_non_pivot,10,0.9205666184425354,0.8978544473648071,0.9329612404108047,10,10,1.0,True,0.875960186123848,60-r-irrigated-non-pivot-alfalfa,#6A3D9A
2025-08-12,60,Alfalfa,Forrajero perenne,Alfalfa,R,irrigated_non_pivot,10,0.2896953672170639,0.2770833373069763,0.5831149071455002,10,10,1.0,True,0.8425062447786331,60-r-irrigated-non-pivot-alfalfa,#6A3D9A
2025-08-14,60,Alfalfa,Forrajero perenne,Alfalfa,R,irrigated_non_pivot,10,0.4224038571119308,0.3981672748923301,0.6621011197566986,10,10,1.0,True,0.8425062447786331,60-r-irrigated-non-pivot-alfalfa,#6A3D9A
2025-08-22,60,Alfalfa,Forrajero perenne,Alfalfa,R,irrigated_non_pivot,10,0.843941330909729,0.7481608837842941,0.903207316994667,10,10,1.0,True,0.8425062447786331,60-r-irrigated-non-pivot-alfalfa,#6A3D9A
2025-08-24,60,Alfalfa,Forrajero perenne,Alfalfa,R,irrigated_non_pivot,10,0.8410711586475372,0.7483072578907013,0.8900077193975449,10,10,1.0,True,0.8425062447786331,60-r-irrigated-non-pivot-alfalfa,#6A3D9A
2025-08-27,60,Alfalfa,Forrajero perenne,Alfalfa,R,irrigated_non_pivot,7,0.6755290031433105,0.6437812447547913,0.6823910772800446,10,10,0.7,True,0.8906787037849426,60-r-irrigated-non-pivot-alfalfa,#6A3D9A
2025-09-01,60,Alfalfa,Forrajero perenne,Alfalfa,R,irrigated_non_pivot,10,0.9419586956501008,0.7816555798053741,0.9562597572803496,10,10,1.0,True,0.9374160766601562,60-r-irrigated-non-pivot-alfalfa,#6A3D9A
2025-09-03,60,Alfalfa,Forrajero perenne,Alfalfa,R,irrigated_non_pivot,10,0.9523788094520568,0.8538043797016144,0.9638926535844804,10,10,1.0,True,0.9374160766601562,60-r-irrigated-non-pivot-alfalfa,#6A3D9A
2025-09-06,60,Alfalfa,Forrajero perenne,Alfalfa,R,irrigated_non_pivot,10,0.9556568264961244,0.9033982008695602,0.9686438292264938,10,10,1.0,True,0.9396873861551284,60-r-irrigated-non-pivot-alfalfa,#6A3D9A
2025-09-11,60,Alfalfa,Forrajero perenne,Alfalfa,R,irrigated_non_pivot,10,0.9374160766601562,0.9130133837461472,0.9479502588510512,10,10,1.0,True,0.9396873861551284,60-r-irrigated-non-pivot-alfalfa,#6A3D9A
2025-09-23,60,Alfalfa,Forrajero perenne,Alfalfa,R,irrigated_non_pivot,10,0.7869773507118225,0.7230407446622849,0.8296913802623749,10,10,1.0,True,0.9260552525520324,60-r-irrigated-non-pivot-alfalfa,#6A3D9A
2025-09-26,60,Alfalfa,Forrajero perenne,Alfalfa,R,irrigated_non_pivot,10,0.8428236842155457,0.7565355896949768,0.8745996057987213,10,10,1.0,True,0.8844394683837891,60-r-irrigated-non-pivot-alfalfa,#6A3D9A
2025-10-01,60,Alfalfa,Forrajero perenne,Alfalfa,R,irrigated_non_pivot,10,0.9268895983695984,0.8639639616012573,0.944396048784256,10,10,1.0,True,0.8844394683837891,60-r-irrigated-non-pivot-alfalfa,#6A3D9A
2025-10-06,60,Alfalfa,Forrajero perenne,Alfalfa,R,irrigated_non_pivot,10,0.9260552525520324,0.8804081380367279,0.9384785890579224,10,10,1.0,True,0.9260552525520324,60-r-irrigated-non-pivot-alfalfa,#6A3D9A
2025-10-21,60,Alfalfa,Forrajero perenne,Alfalfa,R,irrigated_non_pivot,10,0.954522669315338,0.9208329617977142,0.9618547856807708,10,10,1.0,True,0.9385879635810852,60-r-irrigated-non-pivot-alfalfa,#6A3D9A
2025-10-23,60,Alfalfa,Forrajero perenne,Alfalfa,R,irrigated_non_pivot,10,0.937208503484726,0.9101897478103638,0.9460220783948898,10,10,1.0,True,0.9385879635810852,60-r-irrigated-non-pivot-alfalfa,#6A3D9A
2025-10-26,60,Alfalfa,Forrajero perenne,Alfalfa,R,irrigated_non_pivot,10,0.9385879635810852,0.9190579056739808,0.9440860152244568,10,10,1.0,True,0.9385879635810852,60-r-irrigated-non-pivot-alfalfa,#6A3D9A
2024-09-06,62,Pastos permanentes de 5 o más años,Pasto permanente,Pastos permanentes de 5 o más años,S,dryland,5,0.1940890103578567,0.1780455410480499,0.2124557197093963,6,6,0.8333333333333334,True,0.2033842578530311,62-s-dryland-pastos-permanentes-de-5-o-mas-anos,#CC79A7
2024-09-11,62,Pastos permanentes de 5 o más años,Pasto permanente,Pastos permanentes de 5 o más años,S,dryland,6,0.2033842578530311,0.1868901029229164,0.2271798998117447,6,6,1.0,True,0.2033842578530311,62-s-dryland-pastos-permanentes-de-5-o-mas-anos,#CC79A7
2024-09-16,62,Pastos permanentes de 5 o más años,Pasto permanente,Pastos permanentes de 5 o más años,S,dryland,6,0.2080325856804847,0.1884490624070167,0.2300347238779068,6,6,1.0,True,0.2033842578530311,62-s-dryland-pastos-permanentes-de-5-o-mas-anos,#CC79A7
2024-10-11,62,Pastos permanentes de 5 o más años,Pasto permanente,Pastos permanentes de 5 o más años,S,dryland,6,0.2628860771656036,0.2175129801034927,0.2749757766723633,6,6,1.0,True,0.2690950334072113,62-s-dryland-pastos-permanentes-de-5-o-mas-anos,#CC79A7
2024-10-21,62,Pastos permanentes de 5 o más años,Pasto permanente,Pastos permanentes de 5 o más años,S,dryland,6,0.2753039896488189,0.2335777841508388,0.29135163128376,6,6,1.0,True,0.2753039896488189,62-s-dryland-pastos-permanentes-de-5-o-mas-anos,#CC79A7
2024-11-05,62,Pastos permanentes de 5 o más años,Pasto permanente,Pastos permanentes de 5 o más años,S,dryland,6,0.2760735005140304,0.259464681148529,0.3134991452097893,6,6,1.0,True,0.3152748867869377,62-s-dryland-pastos-permanentes-de-5-o-mas-anos,#CC79A7
2024-11-10,62,Pastos permanentes de 5 o más años,Pasto permanente,Pastos permanentes de 5 o más años,S,dryland,6,0.3544762730598449,0.3229895532131195,0.3812411427497864,6,6,1.0,True,0.3152748867869377,62-s-dryland-pastos-permanentes-de-5-o-mas-anos,#CC79A7
2024-12-05,62,Pastos permanentes de 5 o más años,Pasto permanente,Pastos permanentes de 5 o más años,S,dryland,6,0.3885883837938308,0.3431926146149635,0.4480591118335724,6,6,1.0,True,0.3820405527949333,62-s-dryland-pastos-permanentes-de-5-o-mas-anos,#CC79A7
2024-12-10,62,Pastos permanentes de 5 o más años,Pasto permanente,Pastos permanentes de 5 o más años,S,dryland,6,0.3686412572860718,0.3237867578864097,0.4304880425333977,6,6,1.0,True,0.3804552853107452,62-s-dryland-pastos-permanentes-de-5-o-mas-anos,#CC79A7
2024-12-15,62,Pastos permanentes de 5 o más años,Pasto permanente,Pastos permanentes de 5 o más años,S,dryland,6,0.3804552853107452,0.3158092647790909,0.4605978578329086,6,6,1.0,True,0.3804552853107452,62-s-dryland-pastos-permanentes-de-5-o-mas-anos,#CC79A7
2024-12-20,62,Pastos permanentes de 5 o más años,Pasto permanente,Pastos permanentes de 5 o más años,S,dryland,6,0.3836258202791214,0.3101424872875213,0.4748432487249374,6,6,1.0,True,0.3686412572860718,62-s-dryland-pastos-permanentes-de-5-o-mas-anos,#CC79A7
2024-12-25,62,Pastos permanentes de 5 o más años,Pasto permanente,Pastos permanentes de 5 o más años,S,dryland,6,0.3538300544023514,0.3087127134203911,0.3974059298634529,6,6,1.0,True,0.3538300544023514,62-s-dryland-pastos-permanentes-de-5-o-mas-anos,#CC79A7
2025-01-04,62,Pastos permanentes de 5 o más años,Pasto permanente,Pastos permanentes de 5 o más años,S,dryland,6,0.344804123044014,0.2996933311223984,0.3919350206851959,6,6,1.0,True,0.3476810157299042,62-s-dryland-pastos-permanentes-de-5-o-mas-anos,#CC79A7
2025-01-09,62,Pastos permanentes de 5 o más años,Pasto permanente,Pastos permanentes de 5 o más años,S,dryland,6,0.3394103348255157,0.3074589371681213,0.3835447281599045,6,6,1.0,True,0.3421072289347648,62-s-dryland-pastos-permanentes-de-5-o-mas-anos,#CC79A7
2025-01-14,62,Pastos permanentes de 5 o más años,Pasto permanente,Pastos permanentes de 5 o más años,S,dryland,6,0.3505579084157944,0.2972506955265999,0.4158314168453216,6,6,1.0,True,0.3421072289347648,62-s-dryland-pastos-permanentes-de-5-o-mas-anos,#CC79A7
2025-01-24,62,Pastos permanentes de 5 o más años,Pasto permanente,Pastos permanentes de 5 o más años,S,dryland,5,0.314722329378128,0.2943384349346161,0.3565613627433777,6,6,0.8333333333333334,True,0.3323908671736717,62-s-dryland-pastos-permanentes-de-5-o-mas-anos,#CC79A7
2025-02-03,62,Pastos permanentes de 5 o más años,Pasto permanente,Pastos permanentes de 5 o más años,S,dryland,6,0.3234792202711105,0.2920211106538772,0.3644356802105903,6,6,1.0,True,0.3297216594219208,62-s-dryland-pastos-permanentes-de-5-o-mas-anos,#CC79A7
2025-02-08,62,Pastos permanentes de 5 o más años,Pasto permanente,Pastos permanentes de 5 o más años,S,dryland,6,0.3413025140762329,0.3036630228161812,0.3648754954338074,6,6,1.0,True,0.3297216594219208,62-s-dryland-pastos-permanentes-de-5-o-mas-anos,#CC79A7
2025-02-13,62,Pastos permanentes de 5 o más años,Pasto permanente,Pastos permanentes de 5 o más años,S,dryland,6,0.335964098572731,0.2971986159682274,0.3760207518935203,6,6,1.0,True,0.3297216594219208,62-s-dryland-pastos-permanentes-de-5-o-mas-anos,#CC79A7
2025-02-23,62,Pastos permanentes de 5 o más años,Pasto permanente,Pastos permanentes de 5 o más años,S,dryland,6,0.2997100800275802,0.2674184888601303,0.3391682878136635,6,6,1.0,True,0.3169934377074241,62-s-dryland-pastos-permanentes-de-5-o-mas-anos,#CC79A7
2025-03-05,62,Pastos permanentes de 5 o más años,Pasto permanente,Pastos permanentes de 5 o más años,S,dryland,6,0.2842780202627182,0.2676676586270332,0.3380625918507576,6,6,1.0,True,0.3169934377074241,62-s-dryland-pastos-permanentes-de-5-o-mas-anos,#CC79A7
2025-03-10,62,Pastos permanentes de 5 o más años,Pasto permanente,Pastos permanentes de 5 o más años,S,dryland,5,0.334276795387268,0.3060056865215301,0.3354375660419464,6,6,0.8333333333333334,True,0.3422893285751343,62-s-dryland-pastos-permanentes-de-5-o-mas-anos,#CC79A7
2025-03-15,62,Pastos permanentes de 5 o más años,Pasto permanente,Pastos permanentes de 5 o más años,S,dryland,6,0.3579939752817154,0.3354677110910415,0.4127370119094848,6,6,1.0,True,0.3177339732646942,62-s-dryland-pastos-permanentes-de-5-o-mas-anos,#CC79A7
2025-03-25,62,Pastos permanentes de 5 o más años,Pasto permanente,Pastos permanentes de 5 o más años,S,dryland,4,0.3503018617630005,0.2791673392057419,0.4214293956756592,6,6,0.6666666666666666,True,0.3011911511421203,62-s-dryland-pastos-permanentes-de-5-o-mas-anos,#CC79A7
2025-03-27,62,Pastos permanentes de 5 o más años,Pasto permanente,Pastos permanentes de 5 o más años,S,dryland,5,0.3011911511421203,0.274193525314331,0.3773981034755707,6,6,0.8333333333333334,True,0.3011911511421203,62-s-dryland-pastos-permanentes-de-5-o-mas-anos,#CC79A7
2025-03-30,62,Pastos permanentes de 5 o más años,Pasto permanente,Pastos permanentes de 5 o más años,S,dryland,6,0.2945260852575302,0.2851434648036957,0.3565313890576362,6,6,1.0,True,0.2981446087360382,62-s-dryland-pastos-permanentes-de-5-o-mas-anos,#CC79A7
2025-04-04,62,Pastos permanentes de 5 o más años,Pasto permanente,Pastos permanentes de 5 o más años,S,dryland,4,0.3036981523036957,0.2960414811968803,0.3406604677438736,6,6,0.6666666666666666,True,0.3011911511421203,62-s-dryland-pastos-permanentes-de-5-o-mas-anos,#CC79A7
2025-04-06,62,Pastos permanentes de 5 o más años,Pasto permanente,Pastos permanentes de 5 o más años,S,dryland,6,0.295098066329956,0.2762247323989868,0.362320140004158,6,6,1.0,True,0.3011911511421203,62-s-dryland-pastos-permanentes-de-5-o-mas-anos,#CC79A7
2025-04-09,62,Pastos permanentes de 5 o más años,Pasto permanente,Pastos permanentes de 5 o más años,S,dryland,6,0.2880157232284546,0.277437724173069,0.3513304442167282,6,6,1.0,True,0.3011911511421203,62-s-dryland-pastos-permanentes-de-5-o-mas-anos,#CC79A7
2025-04-16,62,Pastos permanentes de 5 o más años,Pasto permanente,Pastos permanentes de 5 o más años,S,dryland,6,0.3169858753681183,0.3122922852635383,0.4000382572412491,6,6,1.0,True,0.3036981523036957,62-s-dryland-pastos-permanentes-de-5-o-mas-anos,#CC79A7
2025-04-24,62,Pastos permanentes de 5 o más años,Pasto permanente,Pastos permanentes de 5 o más años,S,dryland,6,0.3047816604375839,0.2971296161413193,0.3535125851631164,6,6,1.0,True,0.3050740659236908,62-s-dryland-pastos-permanentes-de-5-o-mas-anos,#CC79A7
2025-04-26,62,Pastos permanentes de 5 o más años,Pasto permanente,Pastos permanentes de 5 o más años,S,dryland,6,0.3053664714097976,0.2972552552819252,0.3534270450472832,6,6,1.0,True,0.3050740659236908,62-s-dryland-pastos-permanentes-de-5-o-mas-anos,#CC79A7
2025-04-29,62,Pastos permanentes de 5 o más años,Pasto permanente,Pastos permanentes de 5 o más años,S,dryland,4,0.2911601513624191,0.2756454348564148,0.3351224362850189,6,6,0.6666666666666666,True,0.3050740659236908,62-s-dryland-pastos-permanentes-de-5-o-mas-anos,#CC79A7
2025-05-04,62,Pastos permanentes de 5 o más años,Pasto permanente,Pastos permanentes de 5 o más años,S,dryland,4,0.3072257488965988,0.2676779441535473,0.3570990860462188,6,6,0.6666666666666666,True,0.30095986276865,62-s-dryland-pastos-permanentes-de-5-o-mas-anos,#CC79A7
2025-05-06,62,Pastos permanentes de 5 o más años,Pasto permanente,Pastos permanentes de 5 o más años,S,dryland,5,0.2971380650997162,0.2739389538764953,0.3029800951480865,6,6,0.8333333333333334,True,0.30095986276865,62-s-dryland-pastos-permanentes-de-5-o-mas-anos,#CC79A7
2025-05-16,62,Pastos permanentes de 5 o más años,Pasto permanente,Pastos permanentes de 5 o más años,S,dryland,6,0.2949753552675247,0.2748835384845733,0.3050774186849594,6,6,1.0,True,0.2949753552675247,62-s-dryland-pastos-permanentes-de-5-o-mas-anos,#CC79A7
2025-05-24,62,Pastos permanentes de 5 o más años,Pasto permanente,Pastos permanentes de 5 o más años,S,dryland,6,0.268260970711708,0.2579781338572502,0.276958979666233,6,6,1.0,True,0.2438073009252548,62-s-dryland-pastos-permanentes-de-5-o-mas-anos,#CC79A7
2025-05-29,62,Pastos permanentes de 5 o más años,Pasto permanente,Pastos permanentes de 5 o más años,S,dryland,6,0.2438073009252548,0.2366878017783165,0.2587066143751144,6,6,1.0,True,0.2381825670599937,62-s-dryland-pastos-permanentes-de-5-o-mas-anos,#CC79A7
2025-06-03,62,Pastos permanentes de 5 o más años,Pasto permanente,Pastos permanentes de 5 o más años,S,dryland,6,0.2325578331947326,0.2224288359284401,0.2543746680021286,6,6,1.0,True,0.2295672334730625,62-s-dryland-pastos-permanentes-de-5-o-mas-anos,#CC79A7
2025-06-08,62,Pastos permanentes de 5 o más años,Pasto permanente,Pastos permanentes de 5 o más años,S,dryland,6,0.2265766337513923,0.2105653397738933,0.2381308116018772,6,6,1.0,True,0.2226044125854969,62-s-dryland-pastos-permanentes-de-5-o-mas-anos,#CC79A7
2025-06-13,62,Pastos permanentes de 5 o más años,Pasto permanente,Pastos permanentes de 5 o más años,S,dryland,6,0.2058848887681961,0.1907454058527946,0.2228513807058334,6,6,1.0,True,0.2124816589057445,62-s-dryland-pastos-permanentes-de-5-o-mas-anos,#CC79A7
2025-06-18,62,Pastos permanentes de 5 o más años,Pasto permanente,Pastos permanentes de 5 o más años,S,dryland,6,0.2186321914196014,0.1989910192787647,0.2343936376273632,6,6,1.0,True,0.2061870582401752,62-s-dryland-pastos-permanentes-de-5-o-mas-anos,#CC79A7
2025-06-23,62,Pastos permanentes de 5 o más años,Pasto permanente,Pastos permanentes de 5 o más años,S,dryland,6,0.2063311263918876,0.1903031840920448,0.223542895168066,6,6,1.0,True,0.2060429900884628,62-s-dryland-pastos-permanentes-de-5-o-mas-anos,#CC79A7
2025-06-28,62,Pastos permanentes de 5 o más años,Pasto permanente,Pastos permanentes de 5 o más años,S,dryland,6,0.2060429900884628,0.1845889203250408,0.2228651419281959,6,6,1.0,True,0.2063311263918876,62-s-dryland-pastos-permanentes-de-5-o-mas-anos,#CC79A7
2025-07-03,62,Pastos permanentes de 5 o más años,Pasto permanente,Pastos permanentes de 5 o más años,S,dryland,6,0.2044881209731102,0.1935457848012447,0.2294997051358223,6,6,1.0,True,0.2106386348605156,62-s-dryland-pastos-permanentes-de-5-o-mas-anos,#CC79A7
2025-07-05,62,Pastos permanentes de 5 o más años,Pasto permanente,Pastos permanentes de 5 o más años,S,dryland,6,0.2052249535918235,0.1942131444811821,0.2294269278645515,6,6,1.0,True,0.2106386348605156,62-s-dryland-pastos-permanentes-de-5-o-mas-anos,#CC79A7
2025-07-08,62,Pastos permanentes de 5 o más años,Pasto permanente,Pastos permanentes de 5 o más años,S,dryland,6,0.2166830748319625,0.1956136226654052,0.2331446036696434,6,6,1.0,True,0.2149461433291435,62-s-dryland-pastos-permanentes-de-5-o-mas-anos,#CC79A7
2025-07-13,62,Pastos permanentes de 5 o más años,Pasto permanente,Pastos permanentes de 5 o más años,S,dryland,6,0.2563719749450683,0.2308727279305458,0.2767598032951355,6,6,1.0,True,0.2128577344119548,62-s-dryland-pastos-permanentes-de-5-o-mas-anos,#CC79A7
2025-07-15,62,Pastos permanentes de 5 o más años,Pasto permanente,Pastos permanentes de 5 o más años,S,dryland,6,0.2149461433291435,0.1871786639094352,0.2366896495223045,6,6,1.0,True,0.2128577344119548,62-s-dryland-pastos-permanentes-de-5-o-mas-anos,#CC79A7
2025-07-18,62,Pastos permanentes de 5 o más años,Pasto permanente,Pastos permanentes de 5 o más años,S,dryland,6,0.2191686853766441,0.1910603120923042,0.2411351017653942,6,6,1.0,True,0.2128577344119548,62-s-dryland-pastos-permanentes-de-5-o-mas-anos,#CC79A7
2025-07-25,62,Pastos permanentes de 5 o más años,Pasto permanente,Pastos permanentes de 5 o más años,S,dryland,6,0.2107693254947662,0.1860650330781936,0.2332051731646061,6,6,1.0,True,0.2091327086091041,62-s-dryland-pastos-permanentes-de-5-o-mas-anos,#CC79A7
2025-07-28,62,Pastos permanentes de 5 o más años,Pasto permanente,Pastos permanentes de 5 o más años,S,dryland,6,0.2064506933093071,0.1770266070961952,0.225455816835165,6,6,1.0,True,0.2069733925163746,62-s-dryland-pastos-permanentes-de-5-o-mas-anos,#CC79A7
2025-08-02,62,Pastos permanentes de 5 o más años,Pasto permanente,Pastos permanentes de 5 o más años,S,dryland,6,0.2063490971922874,0.1814215034246444,0.2320781238377094,6,6,1.0,True,0.2063490971922874,62-s-dryland-pastos-permanentes-de-5-o-mas-anos,#CC79A7
2025-08-04,62,Pastos permanentes de 5 o más años,Pasto permanente,Pastos permanentes de 5 o más años,S,dryland,6,0.207496091723442,0.1796753481030464,0.230050541460514,6,6,1.0,True,0.2063490971922874,62-s-dryland-pastos-permanentes-de-5-o-mas-anos,#CC79A7
2025-08-07,62,Pastos permanentes de 5 o más años,Pasto permanente,Pastos permanentes de 5 o más años,S,dryland,6,0.1981886327266693,0.1672492735087871,0.2189268358051777,6,6,1.0,True,0.2063998952507972,62-s-dryland-pastos-permanentes-de-5-o-mas-anos,#CC79A7
2025-08-12,62,Pastos permanentes de 5 o más años,Pasto permanente,Pastos permanentes de 5 o más años,S,dryland,6,0.1946920081973076,0.1664699912071228,0.2159436903893947,6,6,1.0,True,0.2058024071156978,62-s-dryland-pastos-permanentes-de-5-o-mas-anos,#CC79A7
2025-08-14,62,Pastos permanentes de 5 o más años,Pasto permanente,Pastos permanentes de 5 o más años,S,dryland,6,0.2052557170391082,0.1781544871628284,0.2306999340653419,6,6,1.0,True,0.2058024071156978,62-s-dryland-pastos-permanentes-de-5-o-mas-anos,#CC79A7
2025-08-22,62,Pastos permanentes de 5 o más años,Pasto permanente,Pastos permanentes de 5 o más años,S,dryland,6,0.2119073271751403,0.1828980781137943,0.2308177575469017,6,6,1.0,True,0.2067088484764099,62-s-dryland-pastos-permanentes-de-5-o-mas-anos,#CC79A7
2025-08-24,62,Pastos permanentes de 5 o más años,Pasto permanente,Pastos permanentes de 5 o más años,S,dryland,6,0.2081619799137115,0.1764787584543228,0.2315279953181743,6,6,1.0,True,0.2067088484764099,62-s-dryland-pastos-permanentes-de-5-o-mas-anos,#CC79A7
2025-08-27,62,Pastos permanentes de 5 o más años,Pasto permanente,Pastos permanentes de 5 o más años,S,dryland,4,0.2017836347222328,0.1909267529845237,0.2143691815435886,6,6,0.6666666666666666,True,0.2067088484764099,62-s-dryland-pastos-permanentes-de-5-o-mas-anos,#CC79A7
2025-09-01,62,Pastos permanentes de 5 o más años,Pasto permanente,Pastos permanentes de 5 o más años,S,dryland,6,0.218454398214817,0.1864573769271373,0.2423548027873039,6,6,1.0,True,0.2064429745078086,62-s-dryland-pastos-permanentes-de-5-o-mas-anos,#CC79A7
2025-09-03,62,Pastos permanentes de 5 o más años,Pasto permanente,Pastos permanentes de 5 o más años,S,dryland,6,0.211357794702053,0.1795575022697448,0.2342660725116729,6,6,1.0,True,0.2064429745078086,62-s-dryland-pastos-permanentes-de-5-o-mas-anos,#CC79A7
2025-09-06,62,Pastos permanentes de 5 o más años,Pasto permanente,Pastos permanentes de 5 o más años,S,dryland,6,0.2047239691019058,0.1724552810192108,0.2297955192625522,6,6,1.0,True,0.2047239691019058,62-s-dryland-pastos-permanentes-de-5-o-mas-anos,#CC79A7
2025-09-11,62,Pastos permanentes de 5 o más años,Pasto permanente,Pastos permanentes de 5 o más años,S,dryland,6,0.2010083124041557,0.171438954770565,0.2292451150715351,6,6,1.0,True,0.211357794702053,62-s-dryland-pastos-permanentes-de-5-o-mas-anos,#CC79A7
2025-09-16,62,Pastos permanentes de 5 o más años,Pasto permanente,Pastos permanentes de 5 o más años,S,dryland,3,0.1931550651788711,0.178631842136383,0.2361688539385795,6,6,0.5,True,0.211357794702053,62-s-dryland-pastos-permanentes-de-5-o-mas-anos,#CC79A7
2025-09-23,62,Pastos permanentes de 5 o más años,Pasto permanente,Pastos permanentes de 5 o más años,S,dryland,6,0.2237195447087288,0.1992832347750663,0.2521897740662098,6,6,1.0,True,0.2270492911338806,62-s-dryland-pastos-permanentes-de-5-o-mas-anos,#CC79A7
2025-09-26,62,Pastos permanentes de 5 o más años,Pasto permanente,Pastos permanentes de 5 o más años,S,dryland,6,0.2303790375590324,0.201869647949934,0.255187951028347,6,6,1.0,True,0.2303790375590324,62-s-dryland-pastos-permanentes-de-5-o-mas-anos,#CC79A7
2025-10-01,62,Pastos permanentes de 5 o más años,Pasto permanente,Pastos permanentes de 5 o más años,S,dryland,6,0.2383913025259971,0.2082206234335899,0.2773090004920959,6,6,1.0,True,0.2343851700425148,62-s-dryland-pastos-permanentes-de-5-o-mas-anos,#CC79A7
2025-10-06,62,Pastos permanentes de 5 o más años,Pasto permanente,Pastos permanentes de 5 o más años,S,dryland,6,0.2384099438786506,0.201489083468914,0.2705236822366714,6,6,1.0,True,0.234673760831356,62-s-dryland-pastos-permanentes-de-5-o-mas-anos,#CC79A7
2025-10-21,62,Pastos permanentes de 5 o más años,Pasto permanente,Pastos permanentes de 5 o más años,S,dryland,6,0.234673760831356,0.1931931711733341,0.272623747587204,6,6,1.0,True,0.246627852320671,62-s-dryland-pastos-permanentes-de-5-o-mas-anos,#CC79A7
2025-10-23,62,Pastos permanentes de 5 o más años,Pasto permanente,Pastos permanentes de 5 o más años,S,dryland,6,0.246627852320671,0.2020056620240211,0.2821888029575348,6,6,1.0,True,0.246627852320671,62-s-dryland-pastos-permanentes-de-5-o-mas-anos,#CC79A7
2025-10-26,62,Pastos permanentes de 5 o más años,Pasto permanente,Pastos permanentes de 5 o más años,S,dryland,6,0.3164839446544647,0.2777906507253647,0.3575221821665764,6,6,1.0,True,0.246627852320671,62-s-dryland-pastos-permanentes-de-5-o-mas-anos,#CC79A7
2024-09-11,68,Festuca,Forrajero,Festuca,R,irrigated_non_pivot,4,0.8717032968997955,0.8599664717912674,0.8840341717004776,4,4,1.0,True,0.7895480096340179,68-r-irrigated-non-pivot-festuca,#E7298A
2024-09-16,68,Festuca,Forrajero,Festuca,R,irrigated_non_pivot,4,0.7073927223682404,0.5144859850406647,0.8903679847717285,4,4,1.0,True,0.7895480096340179,68-r-irrigated-non-pivot-festuca,#E7298A
2024-10-11,68,Festuca,Forrajero,Festuca,R,irrigated_non_pivot,4,0.8348188698291779,0.7981304824352264,0.8583740890026093,4,4,1.0,True,0.8685970157384872,68-r-irrigated-non-pivot-festuca,#E7298A
2024-10-21,68,Festuca,Forrajero,Festuca,R,irrigated_non_pivot,4,0.9023751616477966,0.8901439607143402,0.9147323369979858,4,4,1.0,True,0.8354452252388,68-r-irrigated-non-pivot-festuca,#E7298A
2024-11-05,68,Festuca,Forrajero,Festuca,R,irrigated_non_pivot,4,0.8354452252388,0.7861461788415909,0.8538290858268738,4,4,1.0,True,0.8666543811559677,68-r-irrigated-non-pivot-festuca,#E7298A
2024-11-10,68,Festuca,Forrajero,Festuca,R,irrigated_non_pivot,4,0.8978635370731354,0.8758107870817184,0.9115817993879318,4,4,1.0,True,0.8666543811559677,68-r-irrigated-non-pivot-festuca,#E7298A
2024-12-05,68,Festuca,Forrajero,Festuca,R,irrigated_non_pivot,4,0.6421451270580292,0.6285203993320465,0.6535319536924362,4,4,1.0,True,0.6412257105112076,68-r-irrigated-non-pivot-festuca,#E7298A
2024-12-10,68,Festuca,Forrajero,Festuca,R,irrigated_non_pivot,4,0.636839747428894,0.6259615421295166,0.6488006114959717,4,4,1.0,True,0.640306293964386,68-r-irrigated-non-pivot-festuca,#E7298A
2024-12-15,68,Festuca,Forrajero,Festuca,R,irrigated_non_pivot,4,0.6542639136314392,0.6347954124212265,0.6649499088525772,4,4,1.0,True,0.640306293964386,68-r-irrigated-non-pivot-festuca,#E7298A
2024-12-20,68,Festuca,Forrajero,Festuca,R,irrigated_non_pivot,4,0.640306293964386,0.6222954839468002,0.6526065617799759,4,4,1.0,True,0.636839747428894,68-r-irrigated-non-pivot-festuca,#E7298A
2024-12-25,68,Festuca,Forrajero,Festuca,R,irrigated_non_pivot,4,0.5929109156131744,0.5363513231277466,0.6383121460676193,4,4,1.0,True,0.619070291519165,68-r-irrigated-non-pivot-festuca,#E7298A
2025-01-04,68,Festuca,Forrajero,Festuca,R,irrigated_non_pivot,4,0.617356538772583,0.5867421478033066,0.6450103968381882,4,4,1.0,True,0.6051337271928787,68-r-irrigated-non-pivot-festuca,#E7298A
2025-01-09,68,Festuca,Forrajero,Festuca,R,irrigated_non_pivot,4,0.619070291519165,0.5815470367670059,0.6566772609949112,4,4,1.0,True,0.6041320264339447,68-r-irrigated-non-pivot-festuca,#E7298A
2025-01-14,68,Festuca,Forrajero,Festuca,R,irrigated_non_pivot,4,0.5909075140953064,0.5531868040561676,0.6326193362474442,4,4,1.0,True,0.6041320264339447,68-r-irrigated-non-pivot-festuca,#E7298A
2025-01-24,68,Festuca,Forrajero,Festuca,R,irrigated_non_pivot,4,0.5726949274539948,0.526422992348671,0.6198319047689438,4,4,1.0,True,0.5613043904304504,68-r-irrigated-non-pivot-festuca,#E7298A
2025-02-03,68,Festuca,Forrajero,Festuca,R,irrigated_non_pivot,4,0.5331098586320877,0.4710528776049614,0.6081275790929794,4,4,1.0,True,0.5415118560194969,68-r-irrigated-non-pivot-festuca,#E7298A
2025-02-08,68,Festuca,Forrajero,Festuca,R,irrigated_non_pivot,4,0.5499138534069061,0.4860923588275909,0.629313588142395,4,4,1.0,True,0.5415118560194969,68-r-irrigated-non-pivot-festuca,#E7298A
2025-02-13,68,Festuca,Forrajero,Festuca,R,irrigated_non_pivot,4,0.523279994726181,0.4600968360900879,0.604844331741333,4,4,1.0,True,0.5415118560194969,68-r-irrigated-non-pivot-festuca,#E7298A
2025-02-23,68,Festuca,Forrajero,Festuca,R,irrigated_non_pivot,4,0.5731019377708435,0.5154143273830414,0.6487340182065964,4,4,1.0,True,0.5731019377708435,68-r-irrigated-non-pivot-festuca,#E7298A
2025-03-05,68,Festuca,Forrajero,Festuca,R,irrigated_non_pivot,3,0.6041343808174133,0.5627921223640442,0.6487825512886047,4,4,0.75,True,0.6041343808174133,68-r-irrigated-non-pivot-festuca,#E7298A
2025-03-15,68,Festuca,Forrajero,Festuca,R,irrigated_non_pivot,4,0.6954144835472107,0.6473198682069778,0.7613259255886078,4,4,1.0,True,0.7410290837287903,68-r-irrigated-non-pivot-festuca,#E7298A
2025-03-25,68,Festuca,Forrajero,Festuca,R,irrigated_non_pivot,3,0.7822932600975037,0.6987500190734863,0.8097752630710602,4,4,0.75,True,0.7773873209953308,68-r-irrigated-non-pivot-festuca,#E7298A
2025-03-27,68,Festuca,Forrajero,Festuca,R,irrigated_non_pivot,4,0.7410290837287903,0.6629011482000351,0.8184948861598969,4,4,1.0,True,0.7773873209953308,68-r-irrigated-non-pivot-festuca,#E7298A
2025-03-30,68,Festuca,Forrajero,Festuca,R,irrigated_non_pivot,4,0.7773873209953308,0.6864173710346222,0.869223341345787,4,4,1.0,True,0.7798402905464172,68-r-irrigated-non-pivot-festuca,#E7298A
2025-04-04,68,Festuca,Forrajero,Festuca,R,irrigated_non_pivot,3,0.7694073915481567,0.7139613628387451,0.7820075750350952,4,4,0.75,True,0.7822932600975037,68-r-irrigated-non-pivot-festuca,#E7298A
2025-04-06,68,Festuca,Forrajero,Festuca,R,irrigated_non_pivot,4,0.819504976272583,0.7333502769470215,0.9060481935739516,4,4,1.0,True,0.7822932600975037,68-r-irrigated-non-pivot-festuca,#E7298A
2025-04-09,68,Festuca,Forrajero,Festuca,R,irrigated_non_pivot,4,0.8105596899986267,0.7270876914262772,0.8915650844573975,4,4,1.0,True,0.8105596899986267,68-r-irrigated-non-pivot-festuca,#E7298A
2025-04-16,68,Festuca,Forrajero,Festuca,R,irrigated_non_pivot,4,0.9060807824134828,0.852388858795166,0.9427704960107804,4,4,1.0,True,0.8627928793430328,68-r-irrigated-non-pivot-festuca,#E7298A
2025-04-24,68,Festuca,Forrajero,Festuca,R,irrigated_non_pivot,4,0.9241574704647064,0.9016652703285216,0.9352226406335832,4,4,1.0,True,0.9241574704647064,68-r-irrigated-non-pivot-festuca,#E7298A
2025-04-26,68,Festuca,Forrajero,Festuca,R,irrigated_non_pivot,4,0.931120216846466,0.9238975644111632,0.9345777928829192,4,4,1.0,True,0.9241574704647064,68-r-irrigated-non-pivot-festuca,#E7298A
2025-05-04,68,Festuca,Forrajero,Festuca,R,irrigated_non_pivot,4,0.931274116039276,0.9303028732538224,0.9322205185890198,4,4,1.0,True,0.9241574704647064,68-r-irrigated-non-pivot-festuca,#E7298A
2025-05-06,68,Festuca,Forrajero,Festuca,R,irrigated_non_pivot,4,0.623173713684082,0.6190746873617172,0.6275062561035156,4,4,1.0,True,0.9241574704647064,68-r-irrigated-non-pivot-festuca,#E7298A
2025-05-16,68,Festuca,Forrajero,Festuca,R,irrigated_non_pivot,4,0.4262759685516357,0.3976560160517692,0.4704354256391525,4,4,1.0,True,0.6081896275281906,68-r-irrigated-non-pivot-festuca,#E7298A
2025-05-24,68,Festuca,Forrajero,Festuca,R,irrigated_non_pivot,4,0.5932055413722992,0.5529437959194183,0.666866272687912,4,4,1.0,True,0.6234482675790787,68-r-irrigated-non-pivot-festuca,#E7298A
2025-05-26,68,Festuca,Forrajero,Festuca,R,irrigated_non_pivot,3,0.5572895407676697,0.5567017197608948,0.6801457107067108,4,4,0.75,True,0.6234482675790787,68-r-irrigated-non-pivot-festuca,#E7298A
2025-05-29,68,Festuca,Forrajero,Festuca,R,irrigated_non_pivot,4,0.6536909937858582,0.5802924931049347,0.7306699454784393,4,4,1.0,True,0.6536909937858582,68-r-irrigated-non-pivot-festuca,#E7298A
2025-06-03,68,Festuca,Forrajero,Festuca,R,irrigated_non_pivot,3,0.7515396475791931,0.7195404171943665,0.7981327474117279,4,4,0.75,True,0.6907376348972321,68-r-irrigated-non-pivot-festuca,#E7298A
2025-06-08,68,Festuca,Forrajero,Festuca,R,irrigated_non_pivot,4,0.8217844665050507,0.7928593307733536,0.8527864366769791,4,4,1.0,True,0.6907376348972321,68-r-irrigated-non-pivot-festuca,#E7298A
2025-06-13,68,Festuca,Forrajero,Festuca,R,irrigated_non_pivot,4,0.7869645655155182,0.7740740478038788,0.8060915172100067,4,4,1.0,True,0.7211386412382126,68-r-irrigated-non-pivot-festuca,#E7298A
2025-06-18,68,Festuca,Forrajero,Festuca,R,irrigated_non_pivot,4,0.6907376348972321,0.5276297330856323,0.8574598282575607,4,4,1.0,True,0.610080286860466,68-r-irrigated-non-pivot-festuca,#E7298A
2025-06-23,68,Festuca,Forrajero,Festuca,R,irrigated_non_pivot,4,0.4544086456298828,0.4002080485224724,0.6000052690505981,4,4,1.0,True,0.6344753503799438,68-r-irrigated-non-pivot-festuca,#E7298A
2025-06-28,68,Festuca,Forrajero,Festuca,R,irrigated_non_pivot,4,0.4241842329502105,0.4044401571154594,0.4854673892259598,4,4,1.0,True,0.6344753503799438,68-r-irrigated-non-pivot-festuca,#E7298A
2025-07-03,68,Festuca,Forrajero,Festuca,R,irrigated_non_pivot,4,0.5294229388237,0.5081458985805511,0.5489918887615204,4,4,1.0,True,0.6377918273210526,68-r-irrigated-non-pivot-festuca,#E7298A
2025-07-05,68,Festuca,Forrajero,Festuca,R,irrigated_non_pivot,4,0.6411083042621613,0.5826777964830399,0.6846158653497696,4,4,1.0,True,0.6377918273210526,68-r-irrigated-non-pivot-festuca,#E7298A
2025-07-08,68,Festuca,Forrajero,Festuca,R,irrigated_non_pivot,4,0.6344753503799438,0.5581598281860352,0.7080448120832443,4,4,1.0,True,0.6411083042621613,68-r-irrigated-non-pivot-festuca,#E7298A
2025-07-13,68,Festuca,Forrajero,Festuca,R,irrigated_non_pivot,4,0.7880426943302155,0.7235816568136215,0.857439711689949,4,4,1.0,True,0.7961653470993042,68-r-irrigated-non-pivot-festuca,#E7298A
2025-07-15,68,Festuca,Forrajero,Festuca,R,irrigated_non_pivot,4,0.8042879998683929,0.7359785586595535,0.873740017414093,4,4,1.0,True,0.7961653470993042,68-r-irrigated-non-pivot-festuca,#E7298A
2025-07-18,68,Festuca,Forrajero,Festuca,R,irrigated_non_pivot,4,0.8377394080162048,0.7855566740036011,0.8896220475435257,4,4,1.0,True,0.7961653470993042,68-r-irrigated-non-pivot-festuca,#E7298A
2025-07-25,68,Festuca,Forrajero,Festuca,R,irrigated_non_pivot,4,0.8670518696308136,0.8381601721048355,0.8937297463417053,4,4,1.0,True,0.8042879998683929,68-r-irrigated-non-pivot-festuca,#E7298A
2025-07-28,68,Festuca,Forrajero,Festuca,R,irrigated_non_pivot,4,0.8868346214294434,0.8676265478134155,0.9014012217521667,4,4,1.0,True,0.8042879998683929,68-r-irrigated-non-pivot-festuca,#E7298A
2025-08-02,68,Festuca,Forrajero,Festuca,R,irrigated_non_pivot,4,0.7391741275787354,0.5647119730710983,0.9154226928949356,4,4,1.0,True,0.7423160523176193,68-r-irrigated-non-pivot-festuca,#E7298A
2025-08-07,68,Festuca,Forrajero,Festuca,R,irrigated_non_pivot,4,0.7454579770565033,0.6451040655374527,0.8484370857477188,4,4,1.0,True,0.7454579770565033,68-r-irrigated-non-pivot-festuca,#E7298A
2025-08-12,68,Festuca,Forrajero,Festuca,R,irrigated_non_pivot,4,0.6180486381053925,0.4398925974965095,0.797952800989151,4,4,1.0,True,0.7423160523176193,68-r-irrigated-non-pivot-festuca,#E7298A
2025-08-14,68,Festuca,Forrajero,Festuca,R,irrigated_non_pivot,4,0.6365902274847031,0.4635755196213722,0.8213048130273819,4,4,1.0,True,0.7423160523176193,68-r-irrigated-non-pivot-festuca,#E7298A
2025-08-22,68,Festuca,Forrajero,Festuca,R,irrigated_non_pivot,4,0.7734968662261963,0.6535109579563141,0.8914592266082764,4,4,1.0,True,0.7734968662261963,68-r-irrigated-non-pivot-festuca,#E7298A
2025-08-24,68,Festuca,Forrajero,Festuca,R,irrigated_non_pivot,4,0.7667165398597717,0.6777993440628052,0.8528045564889908,4,4,1.0,True,0.7734968662261963,68-r-irrigated-non-pivot-festuca,#E7298A
2025-09-01,68,Festuca,Forrajero,Festuca,R,irrigated_non_pivot,4,0.8836273550987244,0.8383960723876953,0.9175954163074492,4,4,1.0,True,0.8942316621541977,68-r-irrigated-non-pivot-festuca,#E7298A
2025-09-03,68,Festuca,Forrajero,Festuca,R,irrigated_non_pivot,4,0.904835969209671,0.8732979595661163,0.925327569246292,4,4,1.0,True,0.8942316621541977,68-r-irrigated-non-pivot-festuca,#E7298A
2025-09-06,68,Festuca,Forrajero,Festuca,R,irrigated_non_pivot,4,0.9171299636363984,0.8901861757040024,0.9277473390102386,4,4,1.0,True,0.904835969209671,68-r-irrigated-non-pivot-festuca,#E7298A
2025-09-11,68,Festuca,Forrajero,Festuca,R,irrigated_non_pivot,4,0.9102740287780762,0.8876758068799973,0.9155003279447556,4,4,1.0,True,0.8942316621541977,68-r-irrigated-non-pivot-festuca,#E7298A
2025-09-23,68,Festuca,Forrajero,Festuca,R,irrigated_non_pivot,4,0.7713749706745148,0.6242874562740326,0.918213501572609,4,4,1.0,True,0.8048141896724701,68-r-irrigated-non-pivot-festuca,#E7298A
2025-09-26,68,Festuca,Forrajero,Festuca,R,irrigated_non_pivot,4,0.8048141896724701,0.6872733384370804,0.9152594804763794,4,4,1.0,True,0.7880945801734924,68-r-irrigated-non-pivot-festuca,#E7298A
2025-10-01,68,Festuca,Forrajero,Festuca,R,irrigated_non_pivot,4,0.880923330783844,0.8357378989458084,0.9200544953346252,4,4,1.0,True,0.7880945801734924,68-r-irrigated-non-pivot-festuca,#E7298A
2025-10-06,68,Festuca,Forrajero,Festuca,R,irrigated_non_pivot,4,0.7404660582542419,0.6075080931186676,0.8672864586114883,4,4,1.0,True,0.8048141896724701,68-r-irrigated-non-pivot-festuca,#E7298A
2025-10-21,68,Festuca,Forrajero,Festuca,R,irrigated_non_pivot,4,0.9123335480690002,0.8767943829298019,0.9350259602069856,4,4,1.0,True,0.897703617811203,68-r-irrigated-non-pivot-festuca,#E7298A
2025-10-23,68,Festuca,Forrajero,Festuca,R,irrigated_non_pivot,4,0.897703617811203,0.8672754019498825,0.9207513481378556,4,4,1.0,True,0.897703617811203,68-r-irrigated-non-pivot-festuca,#E7298A
2025-10-26,68,Festuca,Forrajero,Festuca,R,irrigated_non_pivot,4,0.7959376871585846,0.7200572341680527,0.8762284964323044,4,4,1.0,True,0.897703617811203,68-r-irrigated-non-pivot-festuca,#E7298A
