{"type": "FeatureCollection", "features": [{"id": "0", "type": "Feature", "properties": {"unit_id": "A0001", "group_id": "1-r-irrigated-non-pivot-trigo-blando-maiz", "crop_sequence": "Trigo blando \u2192 Ma\u00edz", "crop_sequence_en": "Soft wheat \u2192 Maize", "system_class": "irrigated_non_pivot", "system_es": "Regad\u00edo sin pivote", "system_en": "Irrigated, non-pivot", "pivot_id": null, "analysis_area_ha": 3.397977754345561}, "geometry": {"type": "Polygon", "coordinates": [[[-0.07544451158896007, 41.46937186545997], [-0.07517866698652731, 41.471156613048905], [-0.07315705454626702, 41.47090615958659], [-0.07314921000796296, 41.47072815366106], [-0.07339712011310595, 41.46917677515787], [-0.07544451158896007, 41.46937186545997]]]}}, {"id": "1", "type": "Feature", "properties": {"unit_id": "A0002", "group_id": "1-r-irrigated-non-pivot-trigo-blando", "crop_sequence": "Trigo blando", "crop_sequence_en": "Soft wheat", "system_class": "irrigated_non_pivot", "system_es": "Regad\u00edo sin pivote", "system_en": "Irrigated, non-pivot", "pivot_id": null, "analysis_area_ha": 5.172418254707615}, "geometry": {"type": "Polygon", "coordinates": [[[-0.0347099188140841, 41.48259201021367], [-0.03436391576390985, 41.48257971000695], [-0.03350950876598991, 41.48241871587656], [-0.03329047065252531, 41.48242438106713], [-0.033129396800628354, 41.48246524096075], [-0.03287431141727264, 41.482574517785075], [-0.032508917982522936, 41.48284875131775], [-0.032276093440784116, 41.48306946933813], [-0.03192876963193902, 41.483517452186106], [-0.03145937605152495, 41.483116370512676], [-0.031039799662291638, 41.48258224226521], [-0.030292130384604977, 41.481811691135114], [-0.030675765048165098, 41.48120520823866], [-0.031344241581118065, 41.481524691900304], [-0.03155753231550396, 41.481585365671975], [-0.03176983909661481, 41.481597375704645], [-0.032518763640661294, 41.48142155591237], [-0.033020615848498476, 41.48150952600053], [-0.03344677170221143, 41.48146060111915], [-0.03388620481419908, 41.481328502627164], [-0.0341394365888565, 41.48122314351928], [-0.03456929931324423, 41.48097171913432], [-0.03466152555411808, 41.48096587347488], [-0.0347099188140841, 41.48259201021367]]]}}, {"id": "2", "type": "Feature", "properties": {"unit_id": "A0003", "group_id": "1-s-dryland-trigo-blando", "crop_sequence": "Trigo blando", "crop_sequence_en": "Soft wheat", "system_class": "dryland", "system_es": "Secano", "system_en": "Dryland", "pivot_id": null, "analysis_area_ha": 4.681626825068967}, "geometry": {"type": "Polygon", "coordinates": [[[-0.045082302929306074, 41.460275112008226], [-0.0450274586656813, 41.46176671701897], [-0.04149841130398053, 41.46081315936345], [-0.04222948193194556, 41.459282167488894], [-0.04271500467745993, 41.45948116067269], [-0.04332601694704583, 41.45964938340836], [-0.043570556786984536, 41.45977156503663], [-0.044657126282120124, 41.46017904416686], [-0.045082302929306074, 41.460275112008226]], [[-0.04291447368218451, 41.459577099604154], [-0.04269064273157732, 41.45962971256738], [-0.04266610812837538, 41.45969536393548], [-0.042790387700880485, 41.459827275142295], [-0.042880835385011584, 41.459846043954315], [-0.04310648074027647, 41.459797591201685], [-0.04312307826910781, 41.4597075533953], [-0.04299140072741748, 41.45959795638104], [-0.04291447368218451, 41.459577099604154]]]}}, {"id": "3", "type": "Feature", "properties": {"unit_id": "A0004", "group_id": "1-s-dryland-trigo-blando", "crop_sequence": "Trigo blando", "crop_sequence_en": "Soft wheat", "system_class": "dryland", "system_es": "Secano", "system_en": "Dryland", "pivot_id": null, "analysis_area_ha": 4.4363183566031985}, "geometry": {"type": "Polygon", "coordinates": [[[-0.041649663099226825, 41.45884645373764], [-0.04156523118928315, 41.458976522071005], [-0.041589813038296605, 41.45905021297753], [-0.04201251932274432, 41.459204041493365], [-0.041273201162228546, 41.460752294616015], [-0.03887564639837804, 41.460104389893345], [-0.03981385246777767, 41.45813975175765], [-0.04029547983308978, 41.45821775117568], [-0.04023695667759662, 41.458414000871144], [-0.04030220475924067, 41.45849021155204], [-0.040864841001240604, 41.458678516957846], [-0.041649663099226825, 41.45884645373764]]]}}, {"id": "4", "type": "Feature", "properties": {"unit_id": "A0005", "group_id": "1-s-dryland-trigo-blando", "crop_sequence": "Trigo blando", "crop_sequence_en": "Soft wheat", "system_class": "dryland", "system_es": "Secano", "system_en": "Dryland", "pivot_id": null, "analysis_area_ha": 9.208431197496134}, "geometry": {"type": "Polygon", "coordinates": [[[-0.03422088779211928, 41.457272563639634], [-0.031170894497179948, 41.45996543527636], [-0.030796065186371426, 41.45976805655046], [-0.030541754459145715, 41.45958659891134], [-0.030054267472387815, 41.458996617227086], [-0.03000865076057985, 41.45855975270162], [-0.030112946410345617, 41.45830733412488], [-0.030080623865710497, 41.458187685148], [-0.02981975934505712, 41.45807828186426], [-0.029450004829607208, 41.45805005295736], [-0.029316077360969698, 41.45800568294967], [-0.03181759989743735, 41.45579705367865], [-0.03368254425491466, 41.45699245369371], [-0.03422088779211928, 41.457272563639634]]]}}, {"id": "5", "type": "Feature", "properties": {"unit_id": "A0006", "group_id": "1-s-dryland-trigo-blando", "crop_sequence": "Trigo blando", "crop_sequence_en": "Soft wheat", "system_class": "dryland", "system_es": "Secano", "system_en": "Dryland", "pivot_id": null, "analysis_area_ha": 0.5385732512074146}, "geometry": {"type": "Polygon", "coordinates": [[[-0.03415033577530512, 41.45604359480832], [-0.033731456727780176, 41.456143858860635], [-0.03368097486251966, 41.4559960158387], [-0.0336106213775516, 41.45591257320089], [-0.03351273075447045, 41.45586625808965], [-0.033266356418954986, 41.45584966972135], [-0.03309372969432194, 41.45588267589817], [-0.03300806338248975, 41.45602799200776], [-0.03208760807974237, 41.45543800876236], [-0.03318953648600349, 41.455438007463044], [-0.03415033577530512, 41.45604359480832]]]}}, {"id": "6", "type": "Feature", "properties": {"unit_id": "A0007", "group_id": "1-s-dryland-trigo-blando", "crop_sequence": "Trigo blando", "crop_sequence_en": "Soft wheat", "system_class": "dryland", "system_es": "Secano", "system_en": "Dryland", "pivot_id": null, "analysis_area_ha": 2.229297113284329}, "geometry": {"type": "Polygon", "coordinates": [[[-0.0538285395926568, 41.464810656179544], [-0.05377165590997245, 41.46649692518081], [-0.05234867500501517, 41.466469799111614], [-0.05240559233917388, 41.464783509923656], [-0.0538285395926568, 41.464810656179544]]]}}, {"id": "7", "type": "Feature", "properties": {"unit_id": "A0008", "group_id": "1-s-dryland-trigo-blando", "crop_sequence": "Trigo blando", "crop_sequence_en": "Soft wheat", "system_class": "dryland", "system_es": "Secano", "system_en": "Dryland", "pivot_id": null, "analysis_area_ha": 1.9619925384173962}, "geometry": {"type": "Polygon", "coordinates": [[[-0.05216513483439407, 41.46481493533197], [-0.052102512439186524, 41.466670455171055], [-0.05096437458065155, 41.46664870399943], [-0.05102702660446253, 41.464793183539044], [-0.05216513483439407, 41.46481493533197]]]}}, {"id": "8", "type": "Feature", "properties": {"unit_id": "A0009", "group_id": "1-s-dryland-trigo-blando", "crop_sequence": "Trigo blando", "crop_sequence_en": "Soft wheat", "system_class": "dryland", "system_es": "Secano", "system_en": "Dryland", "pivot_id": null, "analysis_area_ha": 5.513083197239464}, "geometry": {"type": "Polygon", "coordinates": [[[-0.06753980013233615, 41.45856390205125], [-0.06705292165110288, 41.46119749252988], [-0.06484153840528145, 41.46096738186784], [-0.06532855352327901, 41.45833258562116], [-0.06753980013233615, 41.45856390205125]]]}}, {"id": "9", "type": "Feature", "properties": {"unit_id": "A0010", "group_id": "1-s-dryland-trigo-blando", "crop_sequence": "Trigo blando", "crop_sequence_en": "Soft wheat", "system_class": "dryland", "system_es": "Secano", "system_en": "Dryland", "pivot_id": null, "analysis_area_ha": 8.911684286130933}, "geometry": {"type": "Polygon", "coordinates": [[[-0.07137689496943368, 41.46164734750022], [-0.06728997302528712, 41.46122215729226], [-0.0677768187737091, 41.45858869225471], [-0.07084357326571111, 41.45890939395067], [-0.07137689496943368, 41.46164734750022]]]}}, {"id": "10", "type": "Feature", "properties": {"unit_id": "A0011", "group_id": "1-s-dryland-trigo-blando", "crop_sequence": "Trigo blando", "crop_sequence_en": "Soft wheat", "system_class": "dryland", "system_es": "Secano", "system_en": "Dryland", "pivot_id": null, "analysis_area_ha": 0.5200206135342744}, "geometry": {"type": "MultiPolygon", "coordinates": [[[[-0.033672325519944916, 41.490348961417126], [-0.03361467300174005, 41.490461142537626], [-0.03363213965798239, 41.49063600690304], [-0.033815312763237126, 41.4909244600219], [-0.03378193174929806, 41.49095858862548], [-0.03347419927242465, 41.4909512474767], [-0.03299249253097346, 41.49080051726384], [-0.03269127848425417, 41.490812178112414], [-0.03249257761766579, 41.490788903004336], [-0.03237227394027696, 41.490758828663495], [-0.03221377992643497, 41.49062924554503], [-0.03256958981640052, 41.49053127735172], [-0.033264187506407264, 41.490528187012934], [-0.033399691257135454, 41.49049484913578], [-0.033672325519944916, 41.490348961417126]]], [[[-0.03155555597109255, 41.49057419631719], [-0.03144941990802589, 41.49085500400338], [-0.031178496972254277, 41.490951274195595], [-0.03130561544377074, 41.490522207147485], [-0.03141727631566552, 41.49051005005611], [-0.03155555597109255, 41.49057419631719]]]]}}, {"id": "11", "type": "Feature", "properties": {"unit_id": "A0012", "group_id": "1-s-dryland-trigo-blando", "crop_sequence": "Trigo blando", "crop_sequence_en": "Soft wheat", "system_class": "dryland", "system_es": "Secano", "system_en": "Dryland", "pivot_id": null, "analysis_area_ha": 5.744240798133904}, "geometry": {"type": "Polygon", "coordinates": [[[-0.03276891966777435, 41.47721099671891], [-0.03287628105746242, 41.47786465398594], [-0.032782815075696914, 41.478074901708816], [-0.03266474101127874, 41.47825817692717], [-0.03181665593012118, 41.47927386354915], [-0.031669914686088235, 41.479398028279334], [-0.03150059143448081, 41.479484911793044], [-0.030908806275861563, 41.4796873508399], [-0.030682888656936358, 41.47980784605445], [-0.030617651117325485, 41.4799136854667], [-0.0303393494803991, 41.48011798773114], [-0.030044972842135663, 41.480174590168104], [-0.029831963110310077, 41.48008194235759], [-0.0295004789596176, 41.479992055032014], [-0.029292976369483723, 41.480020104976646], [-0.029004817136078172, 41.4802014672122], [-0.028784148867588368, 41.479986678854054], [-0.028651670993190652, 41.47979910389493], [-0.028396372773347955, 41.47921271375595], [-0.03263239039386058, 41.47702629769115], [-0.03276891966777435, 41.47721099671891]], [[-0.03111758047759353, 41.47797316236504], [-0.03040430286589567, 41.478731438441436], [-0.029633044027852846, 41.47899029025869], [-0.029566712766637616, 41.479064933760796], [-0.0295979984341681, 41.47914555710278], [-0.029715485167091965, 41.47916977520876], [-0.030586662509312475, 41.478927510667454], [-0.03091706412871311, 41.478550310274564], [-0.03100757948650168, 41.4784867486305], [-0.031245305508562145, 41.47817578924375], [-0.03131026826927161, 41.47805436754981], [-0.03128531660516471, 41.47798825029682], [-0.03120559233824261, 41.47795465178987], [-0.03111758047759353, 41.47797316236504]]]}}, {"id": "12", "type": "Feature", "properties": {"unit_id": "A0013", "group_id": "1-s-dryland-trigo-blando", "crop_sequence": "Trigo blando", "crop_sequence_en": "Soft wheat", "system_class": "dryland", "system_es": "Secano", "system_en": "Dryland", "pivot_id": null, "analysis_area_ha": 1.9977864286962903}, "geometry": {"type": "Polygon", "coordinates": [[[-0.03149069129671474, 41.47322630068117], [-0.0315219439298267, 41.47360684621305], [-0.031270993571122147, 41.473727329845694], [-0.03108683094986343, 41.47391023944204], [-0.03101576600524348, 41.47386084714423], [-0.030913701258030897, 41.47384129035487], [-0.0307547834094014, 41.47387195241091], [-0.03068778739624842, 41.47394029154955], [-0.030709384134031178, 41.474057212444315], [-0.0310388394104544, 41.474486821208295], [-0.029610891967939694, 41.47470277816078], [-0.029068551252181763, 41.473672689738805], [-0.029639920867532338, 41.47366193276088], [-0.030439581786347248, 41.473408998723265], [-0.030511742101528936, 41.4733579534626], [-0.03058361535581901, 41.473236038240245], [-0.030607269268915712, 41.47302918733657], [-0.030558619388818153, 41.47295593922628], [-0.030711775768215523, 41.47297725872254], [-0.03098146074302533, 41.47311350718057], [-0.031298102127167333, 41.473225644762024], [-0.03149069129671474, 41.47322630068117]]]}}, {"id": "13", "type": "Feature", "properties": {"unit_id": "A0014", "group_id": "1-s-dryland-trigo-blando", "crop_sequence": "Trigo blando", "crop_sequence_en": "Soft wheat", "system_class": "dryland", "system_es": "Secano", "system_en": "Dryland", "pivot_id": null, "analysis_area_ha": 1.1384090691585924}, "geometry": {"type": "MultiPolygon", "coordinates": [[[[-0.031710975774995945, 41.46604909115715], [-0.0316811080488346, 41.466172422311494], [-0.03134411855941383, 41.46617112801002], [-0.030830320360617305, 41.46636895689431], [-0.030919781562847286, 41.466003622914954], [-0.03097595784204868, 41.46596950901813], [-0.031104005292400084, 41.465959461302866], [-0.031710975774995945, 41.46604909115715]]], [[[-0.031583278013952484, 41.46657655476159], [-0.031316311004057365, 41.467678716256316], [-0.030422015077433893, 41.46803634750717], [-0.030770761853991607, 41.466612174283775], [-0.031075084518157204, 41.46652331686369], [-0.031583278013952484, 41.46657655476159]]]]}}, {"id": "14", "type": "Feature", "properties": {"unit_id": "A0015", "group_id": "1-s-dryland-trigo-blando", "crop_sequence": "Trigo blando", "crop_sequence_en": "Soft wheat", "system_class": "dryland", "system_es": "Secano", "system_en": "Dryland", "pivot_id": null, "analysis_area_ha": 2.3649256829419496}, "geometry": {"type": "Polygon", "coordinates": [[[-0.03430472754164578, 41.46724847881905], [-0.033977582572681735, 41.46728309663804], [-0.03385403467992343, 41.46732743457824], [-0.03373427768425605, 41.46745519724709], [-0.033369809368770785, 41.46772117102283], [-0.033432581568338, 41.46733266712321], [-0.03351435648232574, 41.46719783087034], [-0.03348286012114178, 41.467133551759694], [-0.033411958743734385, 41.46710540106808], [-0.033227664513193485, 41.46712416180279], [-0.033159023073714794, 41.467172966906475], [-0.033039099101869446, 41.46776680885155], [-0.03274811065094927, 41.46776141010201], [-0.032225527016019447, 41.46758394517954], [-0.032503187310415335, 41.46643114174325], [-0.03267662234446963, 41.4664025168601], [-0.032771853479685524, 41.466300712800674], [-0.03290595238686812, 41.46629521012987], [-0.03297867436487239, 41.46623065742857], [-0.032943068493498616, 41.46612540248221], [-0.03280537801329567, 41.46606805764374], [-0.032754035889161974, 41.465807630028365], [-0.03267907331525029, 41.465701297937315], [-0.03274644644998818, 41.465639495116235], [-0.033057831013846836, 41.46573620144753], [-0.033380882111364286, 41.46590629069819], [-0.033305611415490044, 41.46597591197645], [-0.033247382767871834, 41.466130024501936], [-0.03331151614156613, 41.466246447076195], [-0.03421709474372502, 41.466395248712985], [-0.03448737436308448, 41.46650218556576], [-0.03430472754164578, 41.46724847881905]]]}}, {"id": "15", "type": "Feature", "properties": {"unit_id": "A0016", "group_id": "1-s-dryland-trigo-blando", "crop_sequence": "Trigo blando", "crop_sequence_en": "Soft wheat", "system_class": "dryland", "system_es": "Secano", "system_en": "Dryland", "pivot_id": null, "analysis_area_ha": 0.5830180248297477}, "geometry": {"type": "Polygon", "coordinates": [[[-0.034699872992510476, 41.46563395367889], [-0.03463423938642104, 41.465891532368715], [-0.03390989474537396, 41.46581186642996], [-0.03362048182471303, 41.46572621866413], [-0.033252395717980776, 41.465557415583795], [-0.03275682436361687, 41.46537845157076], [-0.032815161251092365, 41.46513621920995], [-0.034699872992510476, 41.46563395367889]]]}}, {"id": "16", "type": "Feature", "properties": {"unit_id": "A0017", "group_id": "1-s-dryland-trigo-blando", "crop_sequence": "Trigo blando", "crop_sequence_en": "Soft wheat", "system_class": "dryland", "system_es": "Secano", "system_en": "Dryland", "pivot_id": null, "analysis_area_ha": 2.231252886309158}, "geometry": {"type": "MultiPolygon", "coordinates": [[[[-0.030287896601189294, 41.45967775197859], [-0.030172271651502512, 41.45979070283274], [-0.030211997153301678, 41.45988482153505], [-0.030808972701227278, 41.46019167502781], [-0.031266822561621645, 41.460340041084194], [-0.030993872726133926, 41.46066269432445], [-0.030731649476551978, 41.460796570260264], [-0.030483549763418504, 41.46083722433592], [-0.02982175011206149, 41.46080834377679], [-0.02958626913717066, 41.46077279247085], [-0.02952204638546447, 41.46069305377941], [-0.029377000938227173, 41.4602779269173], [-0.029464559702409205, 41.460173617254284], [-0.029710185864097998, 41.46010740019605], [-0.02973485460460704, 41.46000991121764], [-0.02967065763974211, 41.45996158767634], [-0.029544657236466015, 41.45995966495051], [-0.029391609758125478, 41.459910174165344], [-0.029300138716703724, 41.459829714072704], [-0.029228989659242016, 41.45980930570596], [-0.028851918894251007, 41.459306073887475], [-0.02894712418037265, 41.459194099846655], [-0.02915027477060719, 41.45854993304281], [-0.029411036001236526, 41.458753831468904], [-0.02953200579584005, 41.458916788749775], [-0.029617999164742666, 41.45894039219624], [-0.02969874161873479, 41.45891303927199], [-0.029963833382319553, 41.45936374301993], [-0.030287896601189294, 41.45967775197859]]], [[[-0.029680335160781356, 41.458702371077486], [-0.029360689909523844, 41.458413618301854], [-0.029523686257745776, 41.458283889416805], [-0.029745277328854756, 41.45827114668301], [-0.029841064978824768, 41.45830049854634], [-0.02984229097215047, 41.4583410381557], [-0.02971967565613378, 41.45847089772475], [-0.029680335160781356, 41.458702371077486]]]]}}, {"id": "17", "type": "Feature", "properties": {"unit_id": "A0018", "group_id": "3-r-irrigated-non-pivot-trigo-duro-maiz", "crop_sequence": "Trigo duro \u2192 Ma\u00edz", "crop_sequence_en": "Trigo duro \u2192 Maize", "system_class": "irrigated_non_pivot", "system_es": "Regad\u00edo sin pivote", "system_en": "Irrigated, non-pivot", "pivot_id": null, "analysis_area_ha": 0.5321983377028789}, "geometry": {"type": "Polygon", "coordinates": [[[-0.07791700201806517, 41.476225207742836], [-0.07805310082792276, 41.47564154966003], [-0.07841532263642462, 41.474088194939206], [-0.07841531748327005, 41.4763891614266], [-0.07791700201806517, 41.476225207742836]]]}}, {"id": "18", "type": "Feature", "properties": {"unit_id": "A0019", "group_id": "4-r-irrigated-non-pivot-maiz-trigo-blando", "crop_sequence": "Ma\u00edz \u2192 Trigo blando", "crop_sequence_en": "Maize \u2192 Soft wheat", "system_class": "irrigated_non_pivot", "system_es": "Regad\u00edo sin pivote", "system_en": "Irrigated, non-pivot", "pivot_id": null, "analysis_area_ha": 1.4116715144929763}, "geometry": {"type": "Polygon", "coordinates": [[[-0.023356025872989676, 41.49222999621831], [-0.022052665724561674, 41.492229994040294], [-0.021092238536892814, 41.491822403825545], [-0.020886707325654195, 41.49162142825903], [-0.020886706354040458, 41.49095588395241], [-0.02103591686232519, 41.49101346623964], [-0.021553922390448767, 41.49112340763463], [-0.02166293335291551, 41.49117499019194], [-0.02269592957050353, 41.49179607989299], [-0.022974841159633424, 41.49192173594111], [-0.023050881419617326, 41.49208141532872], [-0.023356025872989676, 41.49222999621831]]]}}, {"id": "19", "type": "Feature", "properties": {"unit_id": "A0020", "group_id": "4-r-irrigated-non-pivot-maiz", "crop_sequence": "Ma\u00edz", "crop_sequence_en": "Maize", "system_class": "irrigated_non_pivot", "system_es": "Regad\u00edo sin pivote", "system_en": "Irrigated, non-pivot", "pivot_id": null, "analysis_area_ha": 2.983362140452779}, "geometry": {"type": "Polygon", "coordinates": [[[-0.02455014680984065, 41.4922299952194], [-0.02381351448799105, 41.49222999391308], [-0.023244486828290126, 41.49196457708169], [-0.02314845744252849, 41.491796064791274], [-0.02283704622572378, 41.49165049271583], [-0.021796486705586707, 41.491025492760414], [-0.02164642292972213, 41.49095641988429], [-0.021017186003989233, 41.49080420696455], [-0.020965514846419436, 41.490301696567606], [-0.020886704415383844, 41.49005359962765], [-0.02088670348501276, 41.489541165090515], [-0.02135212596757338, 41.48956740890666], [-0.021714890618008034, 41.48966097377748], [-0.021955207102505564, 41.48978838738642], [-0.02209196064675192, 41.48991453862454], [-0.022635011191498113, 41.49019691902788], [-0.022908337947693674, 41.490844197961614], [-0.02322914869188024, 41.49116813203224], [-0.023337153063774933, 41.4913610135334], [-0.02344479265460825, 41.49141598864244], [-0.0237500626389087, 41.49178309618155], [-0.023842408005768877, 41.49184016278285], [-0.024105093639868066, 41.49211382014302], [-0.024248494817661486, 41.49215891868946], [-0.024372091608608183, 41.49214092861748], [-0.024536569246290437, 41.49217801411872], [-0.02455014680984065, 41.4922299952194]]]}}, {"id": "20", "type": "Feature", "properties": {"unit_id": "A0021", "group_id": "4-r-irrigated-non-pivot-maiz", "crop_sequence": "Ma\u00edz", "crop_sequence_en": "Maize", "system_class": "irrigated_non_pivot", "system_es": "Regad\u00edo sin pivote", "system_en": "Irrigated, non-pivot", "pivot_id": null, "analysis_area_ha": 7.471434707904829}, "geometry": {"type": "Polygon", "coordinates": [[[-0.06351169508755944, 41.47818222901596], [-0.06271797773658291, 41.47801408938355], [-0.06271443787367696, 41.4778148206756], [-0.06260909410701417, 41.47744415709485], [-0.06256898566193803, 41.47710210547555], [-0.0622272679464156, 41.47654683212866], [-0.06195560120153306, 41.476299361689335], [-0.06215785179937535, 41.47625518298829], [-0.062185434897219616, 41.476199702062544], [-0.06216245808265707, 41.47609657162784], [-0.06206624711333469, 41.4760412308352], [-0.061816535878633325, 41.476051919545114], [-0.061062763720560305, 41.47539608078297], [-0.06094920104322632, 41.475140844458785], [-0.060839503100143424, 41.47452520403864], [-0.06077803759330481, 41.47438795438049], [-0.060266605938867936, 41.47401628202187], [-0.060138614540684025, 41.4738462282452], [-0.06009104733581391, 41.47364662100007], [-0.06004526413247931, 41.473597869507614], [-0.0600147434247949, 41.473285542397115], [-0.06003206261402308, 41.47317382416478], [-0.06010686953255237, 41.47312016155097], [-0.06358412442337709, 41.47455786037078], [-0.06351169508755944, 41.47818222901596]]]}}, {"id": "21", "type": "Feature", "properties": {"unit_id": "A0022", "group_id": "4-r-irrigated-non-pivot-maiz", "crop_sequence": "Ma\u00edz", "crop_sequence_en": "Maize", "system_class": "irrigated_non_pivot", "system_es": "Regad\u00edo sin pivote", "system_en": "Irrigated, non-pivot", "pivot_id": null, "analysis_area_ha": 0.7205554433602065}, "geometry": {"type": "Polygon", "coordinates": [[[-0.07735973703288533, 41.47968300212635], [-0.07841531481415252, 41.477884600533294], [-0.07841531186619578, 41.479354852130555], [-0.07735973703288533, 41.47968300212635]]]}}, {"id": "22", "type": "Feature", "properties": {"unit_id": "A0023", "group_id": "4-r-irrigated-non-pivot-maiz", "crop_sequence": "Ma\u00edz", "crop_sequence_en": "Maize", "system_class": "irrigated_non_pivot", "system_es": "Regad\u00edo sin pivote", "system_en": "Irrigated, non-pivot", "pivot_id": null, "analysis_area_ha": 34.67232532791578}, "geometry": {"type": "Polygon", "coordinates": [[[-0.07632990708271246, 41.480035420573884], [-0.07291879529081492, 41.47783272944547], [-0.06602698709565945, 41.475171643332935], [-0.06798859272460377, 41.471635569824194], [-0.06881312512234204, 41.471726159890665], [-0.06912879948448074, 41.47173344820997], [-0.06944331684599998, 41.47170280958561], [-0.06906354142456797, 41.472102776207855], [-0.06892129128522917, 41.472332330350916], [-0.06885895909549385, 41.47261781232775], [-0.06887966027766947, 41.47286747852972], [-0.0690455282944586, 41.47324453215572], [-0.06926068557538563, 41.47350408985733], [-0.06958368887186851, 41.473763883190266], [-0.06984780110961965, 41.473904896401024], [-0.07841531673304557, 41.476696787623695], [-0.07841531535279457, 41.47743880377362], [-0.07701069252356942, 41.47983187202392], [-0.07632990708271246, 41.480035420573884]]]}}, {"id": "23", "type": "Feature", "properties": {"unit_id": "A0024", "group_id": "4-r-irrigated-non-pivot-maiz", "crop_sequence": "Ma\u00edz", "crop_sequence_en": "Maize", "system_class": "irrigated_non_pivot", "system_es": "Regad\u00edo sin pivote", "system_en": "Irrigated, non-pivot", "pivot_id": null, "analysis_area_ha": 4.150962941065777}, "geometry": {"type": "Polygon", "coordinates": [[[-0.06679846563205549, 41.47057231277862], [-0.0646887529467578, 41.470595694492445], [-0.06465702386691952, 41.468336929721566], [-0.06670362489384109, 41.46853097779801], [-0.06679846563205549, 41.47057231277862]]]}}, {"id": "24", "type": "Feature", "properties": {"unit_id": "A0025", "group_id": "4-r-irrigated-non-pivot-maiz", "crop_sequence": "Ma\u00edz", "crop_sequence_en": "Maize", "system_class": "irrigated_non_pivot", "system_es": "Regad\u00edo sin pivote", "system_en": "Irrigated, non-pivot", "pivot_id": null, "analysis_area_ha": 3.700149729966531}, "geometry": {"type": "Polygon", "coordinates": [[[-0.0691017955361153, 41.470580875518245], [-0.0670378604145326, 41.470570291038996], [-0.06694410033035363, 41.468552376363554], [-0.06899793086254499, 41.46872632687047], [-0.0691017955361153, 41.470580875518245]]]}}, {"id": "25", "type": "Feature", "properties": {"unit_id": "A0026", "group_id": "4-r-irrigated-non-pivot-maiz-guisante", "crop_sequence": "Ma\u00edz \u2192 Guisante", "crop_sequence_en": "Maize \u2192 Pea", "system_class": "irrigated_non_pivot", "system_es": "Regad\u00edo sin pivote", "system_en": "Irrigated, non-pivot", "pivot_id": null, "analysis_area_ha": 0.8794740970439998}, "geometry": {"type": "Polygon", "coordinates": [[[-0.07074408432501039, 41.46887290888047], [-0.07070382896098651, 41.469203239287936], [-0.07067028018653713, 41.469235205437776], [-0.06978651661140008, 41.46925866123965], [-0.06967984448236922, 41.46930694967441], [-0.06965101233854447, 41.46937043668648], [-0.06969766625398911, 41.470035182952934], [-0.06931905537694377, 41.470035501622505], [-0.06923879280333999, 41.46874661656601], [-0.07074408432501039, 41.46887290888047]]]}}, {"id": "26", "type": "Feature", "properties": {"unit_id": "A0027", "group_id": "4-r-irrigated-non-pivot-maiz", "crop_sequence": "Ma\u00edz", "crop_sequence_en": "Maize", "system_class": "irrigated_non_pivot", "system_es": "Regad\u00edo sin pivote", "system_en": "Irrigated, non-pivot", "pivot_id": null, "analysis_area_ha": 2.972248943367591}, "geometry": {"type": "Polygon", "coordinates": [[[-0.07315985534867868, 41.469153020253195], [-0.07291077731499392, 41.47087128759242], [-0.07158784900960888, 41.47067233046764], [-0.07098096656061319, 41.47045889627755], [-0.07128785903433571, 41.468956302574526], [-0.07315985534867868, 41.469153020253195]]]}}, {"id": "27", "type": "Feature", "properties": {"unit_id": "A0028", "group_id": "4-r-irrigated-non-pivot-maiz", "crop_sequence": "Ma\u00edz", "crop_sequence_en": "Maize", "system_class": "irrigated_non_pivot", "system_es": "Regad\u00edo sin pivote", "system_en": "Irrigated, non-pivot", "pivot_id": null, "analysis_area_ha": 15.489872241140608}, "geometry": {"type": "Polygon", "coordinates": [[[-0.07769101120424671, 41.47615219340854], [-0.07648608618375308, 41.47575163743974], [-0.07649646713594217, 41.475578548429155], [-0.0764018623842764, 41.47549534560238], [-0.0759689218265608, 41.47545044026232], [-0.07589936492141815, 41.47547800293389], [-0.07586131531343693, 41.47554275043667], [-0.07352805554289492, 41.47477656820933], [-0.07428549137394658, 41.47145756681305], [-0.0784153255905719, 41.471899180357845], [-0.0784153234425843, 41.47304603552831], [-0.07769101120424671, 41.47615219340854]]]}}, {"id": "28", "type": "Feature", "properties": {"unit_id": "A0029", "group_id": "4-r-irrigated-non-pivot-maiz", "crop_sequence": "Ma\u00edz", "crop_sequence_en": "Maize", "system_class": "irrigated_non_pivot", "system_es": "Regad\u00edo sin pivote", "system_en": "Irrigated, non-pivot", "pivot_id": null, "analysis_area_ha": 1.8828174271319083}, "geometry": {"type": "Polygon", "coordinates": [[[-0.07369783580398237, 41.47300087514764], [-0.07330292336084306, 41.474699750548076], [-0.07209577285254708, 41.47426976778555], [-0.07243640472856186, 41.47285411237563], [-0.07369783580398237, 41.47300087514764]]]}}, {"id": "29", "type": "Feature", "properties": {"unit_id": "A0030", "group_id": "4-r-irrigated-non-pivot-maiz", "crop_sequence": "Ma\u00edz", "crop_sequence_en": "Maize", "system_class": "irrigated_non_pivot", "system_es": "Regad\u00edo sin pivote", "system_en": "Irrigated, non-pivot", "pivot_id": null, "analysis_area_ha": 1.6809860718128657}, "geometry": {"type": "Polygon", "coordinates": [[[-0.07373825776667266, 41.47282341926205], [-0.07247636243430182, 41.472676602637776], [-0.07276062808027803, 41.47127776033436], [-0.07404738326956103, 41.47143702217996], [-0.07373825776667266, 41.47282341926205]]]}}, {"id": "30", "type": "Feature", "properties": {"unit_id": "A0031", "group_id": "4-r-irrigated-non-pivot-maiz", "crop_sequence": "Ma\u00edz", "crop_sequence_en": "Maize", "system_class": "irrigated_non_pivot", "system_es": "Regad\u00edo sin pivote", "system_en": "Irrigated, non-pivot", "pivot_id": null, "analysis_area_ha": 1.1272726763196597}, "geometry": {"type": "Polygon", "coordinates": [[[-0.07841531132738239, 41.4796638379545], [-0.07841530906357727, 41.480891482966506], [-0.07672527466436573, 41.48040024441251], [-0.07671146821764495, 41.48020286313757], [-0.07841531132738239, 41.4796638379545]]]}}, {"id": "31", "type": "Feature", "properties": {"unit_id": "A0032", "group_id": "4-r-irrigated-non-pivot-maiz", "crop_sequence": "Ma\u00edz", "crop_sequence_en": "Maize", "system_class": "irrigated_non_pivot", "system_es": "Regad\u00edo sin pivote", "system_en": "Irrigated, non-pivot", "pivot_id": null, "analysis_area_ha": 2.4525408396005726}, "geometry": {"type": "Polygon", "coordinates": [[[-0.07690063832579212, 41.48228741487744], [-0.07660735208315465, 41.48055896458045], [-0.07841530867372636, 41.481084479129706], [-0.07841530589787458, 41.48261193431675], [-0.07690063832579212, 41.48228741487744]]]}}, {"id": "32", "type": "Feature", "properties": {"unit_id": "A0033", "group_id": "4-r-irrigated-non-pivot-maiz", "crop_sequence": "Ma\u00edz", "crop_sequence_en": "Maize", "system_class": "irrigated_non_pivot", "system_es": "Regad\u00edo sin pivote", "system_en": "Irrigated, non-pivot", "pivot_id": null, "analysis_area_ha": 2.1314582029499785}, "geometry": {"type": "Polygon", "coordinates": [[[-0.0778198541027921, 41.48444702924742], [-0.07742195446574361, 41.484210270126184], [-0.07725871733166671, 41.48402728531261], [-0.07721136582296007, 41.48392201576064], [-0.07713211960738592, 41.48365158996702], [-0.07693359851423663, 41.48248165867818], [-0.07841530552963236, 41.482799113328404], [-0.07841530214721343, 41.48466911857384], [-0.0778198541027921, 41.48444702924742]]]}}, {"id": "33", "type": "Feature", "properties": {"unit_id": "A0034", "group_id": "4-r-irrigated-non-pivot-maiz", "crop_sequence": "Ma\u00edz", "crop_sequence_en": "Maize", "system_class": "irrigated_non_pivot", "system_es": "Regad\u00edo sin pivote", "system_en": "Irrigated, non-pivot", "pivot_id": null, "analysis_area_ha": 4.319246189114718}, "geometry": {"type": "Polygon", "coordinates": [[[-0.03978929707230341, 41.484996705502525], [-0.03936056516811614, 41.48740938549153], [-0.03899129065885664, 41.48721180309777], [-0.038840624028068704, 41.4870436580331], [-0.03850178438696013, 41.4867974381593], [-0.038411932950380624, 41.48679855524694], [-0.03829337071926943, 41.48685843002743], [-0.03813468567535688, 41.48704603726482], [-0.03803266406389834, 41.487068515149815], [-0.03788583575316695, 41.487027502477005], [-0.03775937385626766, 41.4869057655744], [-0.03767439171327947, 41.48639928238532], [-0.03749676407985551, 41.486282867295365], [-0.03722674781273515, 41.486306912264865], [-0.03671789067738203, 41.48665710025404], [-0.03698715552304951, 41.48605517966489], [-0.03694103149615225, 41.485818845510956], [-0.036954873647882844, 41.48518978499957], [-0.03862939523302437, 41.48507871743856], [-0.03876910141976124, 41.485105983598544], [-0.03901754443538965, 41.48504913178242], [-0.03978929707230341, 41.484996705502525]]]}}, {"id": "34", "type": "Feature", "properties": {"unit_id": "A0035", "group_id": "4-r-irrigated-non-pivot-maiz", "crop_sequence": "Ma\u00edz", "crop_sequence_en": "Maize", "system_class": "irrigated_non_pivot", "system_es": "Regad\u00edo sin pivote", "system_en": "Irrigated, non-pivot", "pivot_id": null, "analysis_area_ha": 8.694384865396259}, "geometry": {"type": "Polygon", "coordinates": [[[-0.03916329706832419, 41.48472396787793], [-0.03690651073801041, 41.48488837400747], [-0.03669154617979861, 41.48402550389496], [-0.036513896431264715, 41.48347859496298], [-0.03639391196368103, 41.48286907594479], [-0.03625228608378753, 41.48263025475075], [-0.035988960283217235, 41.48249806716125], [-0.03494750093878937, 41.48252948897087], [-0.034900126848423176, 41.48093779614964], [-0.03523918824313515, 41.48095309159132], [-0.03536180360178996, 41.48085979120127], [-0.03540214611009435, 41.48047666000701], [-0.03559834561021114, 41.48004274373701], [-0.035638448682822337, 41.47982920412692], [-0.0356152088294918, 41.479524912521605], [-0.03552785508752773, 41.4791688670703], [-0.038889719392836024, 41.479587967057476], [-0.03892874057835088, 41.479781636619556], [-0.03841508035146699, 41.47997907867639], [-0.03793501337204437, 41.48024826362708], [-0.037573584042089575, 41.48052824532306], [-0.03723002147374149, 41.48089708674079], [-0.03703631604541661, 41.48118832349609], [-0.03686991311056322, 41.48155559973193], [-0.03677697240068251, 41.48193726182679], [-0.03675950704012619, 41.48232504816827], [-0.036817896441199344, 41.48271056443147], [-0.03695087797563466, 41.483085465284034], [-0.037155574192478585, 41.483441635043505], [-0.03747724882115638, 41.48382148172403], [-0.03782197716972547, 41.48411314355901], [-0.03821778070607537, 41.48436207220519], [-0.038657876033903193, 41.48456463323638], [-0.03916329706832419, 41.48472396787793]]]}}, {"id": "35", "type": "Feature", "properties": {"unit_id": "A0036", "group_id": "4-r-irrigated-non-pivot-maiz", "crop_sequence": "Ma\u00edz", "crop_sequence_en": "Maize", "system_class": "irrigated_non_pivot", "system_es": "Regad\u00edo sin pivote", "system_en": "Irrigated, non-pivot", "pivot_id": null, "analysis_area_ha": 3.6294988764333453}, "geometry": {"type": "MultiPolygon", "coordinates": [[[[-0.03944667452892625, 41.47965549678043], [-0.03915795201693141, 41.479717638356284], [-0.03913788724802089, 41.479618056777994], [-0.03944667452892625, 41.47965549678043]]], [[[-0.0437582634264608, 41.484389199838475], [-0.04198285922346015, 41.48451855423005], [-0.042393262632439886, 41.484315435570224], [-0.042720427782661476, 41.48410209728308], [-0.043059281065371845, 41.48381240930148], [-0.043297450020261544, 41.48354309256962], [-0.04349113562656259, 41.48325184466436], [-0.04363480220465922, 41.48294699058742], [-0.04373974480224738, 41.482569340887906], [-0.04377043993742421, 41.48224673458835], [-0.0437480583800919, 41.481921533928634], [-0.04367324064964904, 41.48160303412909], [-0.043517019040190175, 41.48123554858115], [-0.043332277167655794, 41.48094347528659], [-0.04309965624187336, 41.48066881739406], [-0.04282580564095679, 41.48041942520767], [-0.04251342135080914, 41.480197117043474], [-0.04211078287997639, 41.47997852346295], [-0.04469285071997533, 41.48030020068968], [-0.0437582634264608, 41.484389199838475]]]]}}, {"id": "36", "type": "Feature", "properties": {"unit_id": "A0037", "group_id": "4-r-irrigated-non-pivot-maiz", "crop_sequence": "Ma\u00edz", "crop_sequence_en": "Maize", "system_class": "irrigated_non_pivot", "system_es": "Regad\u00edo sin pivote", "system_en": "Irrigated, non-pivot", "pivot_id": null, "analysis_area_ha": 9.011370525854316}, "geometry": {"type": "Polygon", "coordinates": [[[-0.037940953615347946, 41.4749129676294], [-0.03698469348163465, 41.47917376321922], [-0.035501874390643055, 41.478982891251874], [-0.03531176027198302, 41.47841096355928], [-0.03499957937336506, 41.47796369462131], [-0.0358001304400653, 41.47423982538689], [-0.037940953615347946, 41.4749129676294]]]}}, {"id": "37", "type": "Feature", "properties": {"unit_id": "A0038", "group_id": "4-r-irrigated-non-pivot-maiz", "crop_sequence": "Ma\u00edz", "crop_sequence_en": "Maize", "system_class": "irrigated_non_pivot", "system_es": "Regad\u00edo sin pivote", "system_en": "Irrigated, non-pivot", "pivot_id": null, "analysis_area_ha": 5.303366070905386}, "geometry": {"type": "Polygon", "coordinates": [[[-0.0447917824172171, 41.480130120614454], [-0.04289124678826694, 41.47989133628597], [-0.0436485221822386, 41.476751541451605], [-0.04402860955943959, 41.476874715644364], [-0.04401570045758078, 41.47698675274714], [-0.044151493120431304, 41.47705271768661], [-0.044261308746508306, 41.477047511022235], [-0.04433143798762428, 41.47697285327717], [-0.04542746118334445, 41.47732804017403], [-0.0447917824172171, 41.480130120614454]]]}}, {"id": "38", "type": "Feature", "properties": {"unit_id": "A0039", "group_id": "4-r-irrigated-non-pivot-maiz", "crop_sequence": "Ma\u00edz", "crop_sequence_en": "Maize", "system_class": "irrigated_non_pivot", "system_es": "Regad\u00edo sin pivote", "system_en": "Irrigated, non-pivot", "pivot_id": null, "analysis_area_ha": 3.770115245862758}, "geometry": {"type": "Polygon", "coordinates": [[[-0.03386554252046954, 41.47168785719851], [-0.03315343990733665, 41.47489611184486], [-0.03287625128554994, 41.47458818339634], [-0.032329513325271064, 41.474301500604426], [-0.032209714931398195, 41.47420084089078], [-0.032522772145860405, 41.47411077810868], [-0.03271687778676219, 41.474007668406514], [-0.03283035024004521, 41.473893431804896], [-0.03287174466168114, 41.47375299771486], [-0.032801538589426825, 41.4735413410247], [-0.03256951182348546, 41.47326670558057], [-0.032324977117959515, 41.473068341804435], [-0.03173857346450748, 41.472877056943524], [-0.03213211970197722, 41.47125780278028], [-0.03246123826864831, 41.471329129298034], [-0.032754723448085665, 41.47143640511814], [-0.033091368577052464, 41.4714931175248], [-0.033372287073434266, 41.471611981408635], [-0.03386554252046954, 41.47168785719851]]]}}, {"id": "39", "type": "Feature", "properties": {"unit_id": "A0040", "group_id": "4-r-irrigated-non-pivot-maiz", "crop_sequence": "Ma\u00edz", "crop_sequence_en": "Maize", "system_class": "irrigated_non_pivot", "system_es": "Regad\u00edo sin pivote", "system_en": "Irrigated, non-pivot", "pivot_id": null, "analysis_area_ha": 5.523599194214873}, "geometry": {"type": "Polygon", "coordinates": [[[-0.03209338854930402, 41.46783741816306], [-0.03158282880101069, 41.46998989042966], [-0.03132772346406471, 41.469881797420555], [-0.03112550633239448, 41.4699120541383], [-0.030912279944308098, 41.46986725998917], [-0.030475575406608595, 41.46967064300467], [-0.030048546924901363, 41.469529114519425], [-0.029572661006903252, 41.46941868570548], [-0.0291259302916757, 41.469380280317395], [-0.028891057820425815, 41.469309687535876], [-0.02868141786133578, 41.46933143887075], [-0.02857098144346689, 41.4694531720586], [-0.028391543732261926, 41.46946706987243], [-0.026774753310495353, 41.469306663542504], [-0.02577459920524118, 41.469085505664104], [-0.02526011322890792, 41.4690513693884], [-0.025325280682199885, 41.468872987719216], [-0.025436509596214244, 41.468789603265094], [-0.026630940423226928, 41.4688092800428], [-0.027826201663302918, 41.468693684878694], [-0.029309788799968012, 41.46863016236373], [-0.029652176929353426, 41.46856558175152], [-0.030414263570934717, 41.46833023480028], [-0.03171585199368371, 41.4678266331618], [-0.0319090271113865, 41.467791798966836], [-0.03209338854930402, 41.46783741816306]]]}}, {"id": "40", "type": "Feature", "properties": {"unit_id": "A0041", "group_id": "4-r-irrigated-non-pivot-maiz", "crop_sequence": "Ma\u00edz", "crop_sequence_en": "Maize", "system_class": "irrigated_non_pivot", "system_es": "Regad\u00edo sin pivote", "system_en": "Irrigated, non-pivot", "pivot_id": null, "analysis_area_ha": 1.4703004199076128}, "geometry": {"type": "Polygon", "coordinates": [[[-0.03297066189439435, 41.468352935432925], [-0.03251626333612006, 41.470268721711385], [-0.031811437055262584, 41.470051049918666], [-0.03231989273167484, 41.46790741830161], [-0.03247401386397756, 41.46795238306485], [-0.03276320870660295, 41.468096806932934], [-0.03289020233568678, 41.468192427699265], [-0.03297066189439435, 41.468352935432925]]]}}, {"id": "41", "type": "Feature", "properties": {"unit_id": "A0042", "group_id": "4-r-irrigated-non-pivot-maiz", "crop_sequence": "Ma\u00edz", "crop_sequence_en": "Maize", "system_class": "irrigated_non_pivot", "system_es": "Regad\u00edo sin pivote", "system_en": "Irrigated, non-pivot", "pivot_id": null, "analysis_area_ha": 2.767605719002803}, "geometry": {"type": "Polygon", "coordinates": [[[-0.03470789997802509, 41.468728977645426], [-0.03434615265535052, 41.47043781355278], [-0.0335790282384498, 41.470531096242325], [-0.033317465627773116, 41.470493840212875], [-0.03274346641079678, 41.47033581162292], [-0.03317366018571367, 41.46852205299304], [-0.03424888062838401, 41.46862161010635], [-0.03470789997802509, 41.468728977645426]]]}}, {"id": "42", "type": "Feature", "properties": {"unit_id": "A0043", "group_id": "4-r-irrigated-non-pivot-maiz", "crop_sequence": "Ma\u00edz", "crop_sequence_en": "Maize", "system_class": "irrigated_non_pivot", "system_es": "Regad\u00edo sin pivote", "system_en": "Irrigated, non-pivot", "pivot_id": null, "analysis_area_ha": 5.9708766328672604}, "geometry": {"type": "Polygon", "coordinates": [[[-0.04471282771541966, 41.46768585631332], [-0.04459990190529863, 41.47095449631477], [-0.044496209697730146, 41.47103081654503], [-0.04268295177281497, 41.47099314584189], [-0.04281927726925423, 41.46760894552645], [-0.04471282771541966, 41.46768585631332]]]}}, {"id": "43", "type": "Feature", "properties": {"unit_id": "A0044", "group_id": "4-r-irrigated-non-pivot-maiz", "crop_sequence": "Ma\u00edz", "crop_sequence_en": "Maize", "system_class": "irrigated_non_pivot", "system_es": "Regad\u00edo sin pivote", "system_en": "Irrigated, non-pivot", "pivot_id": null, "analysis_area_ha": 17.73807967204837}, "geometry": {"type": "Polygon", "coordinates": [[[-0.0558386537990062, 41.46932912658153], [-0.05569705334026292, 41.470592682627164], [-0.04523736671802038, 41.470443732056275], [-0.04535714689199591, 41.46769685332616], [-0.04603654943402972, 41.4677187444257], [-0.04662756372253556, 41.46782367073663], [-0.05018590373496927, 41.46887732048297], [-0.055056885200455534, 41.46934752380422], [-0.0558386537990062, 41.46932912658153]]]}}, {"id": "44", "type": "Feature", "properties": {"unit_id": "A0045", "group_id": "4-r-irrigated-non-pivot-maiz", "crop_sequence": "Ma\u00edz", "crop_sequence_en": "Maize", "system_class": "irrigated_non_pivot", "system_es": "Regad\u00edo sin pivote", "system_en": "Irrigated, non-pivot", "pivot_id": null, "analysis_area_ha": 0.9594455723113615}, "geometry": {"type": "Polygon", "coordinates": [[[-0.056786190307724825, 41.470608188962096], [-0.0559368610283795, 41.47059609464841], [-0.056082666850660295, 41.46929496850184], [-0.05676132822524257, 41.469201181044], [-0.056786190307724825, 41.470608188962096]]]}}, {"id": "45", "type": "Feature", "properties": {"unit_id": "A0046", "group_id": "4-r-irrigated-non-pivot-maiz", "crop_sequence": "Ma\u00edz", "crop_sequence_en": "Maize", "system_class": "irrigated_non_pivot", "system_es": "Regad\u00edo sin pivote", "system_en": "Irrigated, non-pivot", "pivot_id": null, "analysis_area_ha": 2.0914842310919726}, "geometry": {"type": "Polygon", "coordinates": [[[-0.058847544656814355, 41.47063748344058], [-0.05715166100007555, 41.47061339222828], [-0.05711355654048326, 41.46912354334962], [-0.058572434429889235, 41.46889847925127], [-0.05841332739294026, 41.469454252538654], [-0.05843629160161684, 41.46982064691243], [-0.05857305237019895, 41.47018485481554], [-0.058847544656814355, 41.47063748344058]]]}}, {"id": "46", "type": "Feature", "properties": {"unit_id": "A0047", "group_id": "4-r-irrigated-non-pivot-maiz", "crop_sequence": "Ma\u00edz", "crop_sequence_en": "Maize", "system_class": "irrigated_non_pivot", "system_es": "Regad\u00edo sin pivote", "system_en": "Irrigated, non-pivot", "pivot_id": null, "analysis_area_ha": 6.631705844580059}, "geometry": {"type": "Polygon", "coordinates": [[[-0.05885590834635889, 41.47393229813013], [-0.05664245693828044, 41.473776915755636], [-0.05656125168644567, 41.473578327864935], [-0.05660574003134303, 41.47324062362841], [-0.05652907689299296, 41.47315535559852], [-0.05622640958717654, 41.47311527627301], [-0.05566574329196073, 41.47309455831389], [-0.055741423156334624, 41.47095789018124], [-0.056918054518034, 41.470981998616985], [-0.05885791186851464, 41.47232050415684], [-0.05885590834635889, 41.47393229813013]]]}}, {"id": "47", "type": "Feature", "properties": {"unit_id": "A0048", "group_id": "4-r-irrigated-non-pivot-maiz", "crop_sequence": "Ma\u00edz", "crop_sequence_en": "Maize", "system_class": "irrigated_non_pivot", "system_es": "Regad\u00edo sin pivote", "system_en": "Irrigated, non-pivot", "pivot_id": null, "analysis_area_ha": 0.7532554503502616}, "geometry": {"type": "Polygon", "coordinates": [[[-0.055460718622805424, 41.47095247491242], [-0.05540992545033477, 41.47109852579033], [-0.05542009832806036, 41.47118113564982], [-0.05547406645435865, 41.47122486365591], [-0.055427266507135885, 41.47305835088524], [-0.055025852985889266, 41.47304814174315], [-0.0550953330739552, 41.47094812567614], [-0.055460718622805424, 41.47095247491242]]]}}, {"id": "48", "type": "Feature", "properties": {"unit_id": "A0049", "group_id": "4-r-irrigated-non-pivot-maiz", "crop_sequence": "Ma\u00edz", "crop_sequence_en": "Maize", "system_class": "irrigated_non_pivot", "system_es": "Regad\u00edo sin pivote", "system_en": "Irrigated, non-pivot", "pivot_id": null, "analysis_area_ha": 1.818779538509592}, "geometry": {"type": "Polygon", "coordinates": [[[-0.05478650720654256, 41.47304576549647], [-0.0538539187788565, 41.473047080181445], [-0.05393166101315943, 41.470928548872244], [-0.05485601511812152, 41.470945146839846], [-0.05478650720654256, 41.47304576549647]]]}}, {"id": "49", "type": "Feature", "properties": {"unit_id": "A0050", "group_id": "4-r-irrigated-non-pivot-maiz", "crop_sequence": "Ma\u00edz", "crop_sequence_en": "Maize", "system_class": "irrigated_non_pivot", "system_es": "Regad\u00edo sin pivote", "system_en": "Irrigated, non-pivot", "pivot_id": null, "analysis_area_ha": 2.226164580559886}, "geometry": {"type": "Polygon", "coordinates": [[[-0.04689704632575436, 41.4708156365942], [-0.046853979935626164, 41.472185434283816], [-0.046023794347362736, 41.47221150118627], [-0.04561076154266992, 41.47226414355388], [-0.04515891013974576, 41.47223649120081], [-0.045216571955308316, 41.470786963155476], [-0.04689704632575436, 41.4708156365942]]]}}, {"id": "50", "type": "Feature", "properties": {"unit_id": "A0051", "group_id": "4-r-irrigated-non-pivot-maiz", "crop_sequence": "Ma\u00edz", "crop_sequence_en": "Maize", "system_class": "irrigated_non_pivot", "system_es": "Regad\u00edo sin pivote", "system_en": "Irrigated, non-pivot", "pivot_id": null, "analysis_area_ha": 10.089300854520733}, "geometry": {"type": "MultiPolygon", "coordinates": [[[[-0.05607510124274582, 41.482781623638445], [-0.05601328082865519, 41.48325618985163], [-0.056035152306548125, 41.48369929475188], [-0.05595039287484743, 41.48564621498403], [-0.05587738101869175, 41.48565947406432], [-0.055796875029628726, 41.48538883758747], [-0.05565017127510152, 41.485095010995295], [-0.055447722328019124, 41.484820550983414], [-0.055193911095999616, 41.48457139851911], [-0.054894232092364215, 41.484352946691594], [-0.054555172473565436, 41.484169923994294], [-0.05418407161089828, 41.48402629199575], [-0.05378593014275721, 41.483924595112775], [-0.05415016389923056, 41.48389957407377], [-0.05451374317307909, 41.483833852407095], [-0.055138810529089755, 41.48360995854891], [-0.05543577671666613, 41.483439078438096], [-0.055698379334437276, 41.48323581251501], [-0.05591847580586972, 41.483005770893655], [-0.05607510124274582, 41.482781623638445]]], [[[-0.056138169963084704, 41.48133292727561], [-0.05584380537787991, 41.480905753045384], [-0.05541659610852387, 41.48054616680206], [-0.05617148006271265, 41.48056774651959], [-0.056138169963084704, 41.48133292727561]]], [[[-0.05391131732266509, 41.48007744117433], [-0.05350960823581906, 41.48008020237735], [-0.05313767969003462, 41.48012582622426], [-0.0527786778267383, 41.48021199525454], [-0.0524403733482512, 41.48033684430469], [-0.052130089060454174, 41.480497670966905], [-0.05185254795888516, 41.48069261663099], [-0.05161803976407621, 41.48091445397799], [-0.05141902697903392, 41.4811762995658], [-0.05149690571990076, 41.48089354151274], [-0.051519647986656474, 41.480602258139214], [-0.05149457057425124, 41.48035571568351], [-0.05141318165047648, 41.48007042226305], [-0.05115559912769103, 41.47962121487229], [-0.05093374468704988, 41.47937915439727], [-0.05066638364885594, 41.47916372121202], [-0.05061201233891847, 41.47904151771243], [-0.05110030743368462, 41.47920213836819], [-0.05105285733473513, 41.47932848752798], [-0.051166828038868115, 41.47941040786951], [-0.05132350448568972, 41.47940488619392], [-0.05140412965802563, 41.47929027858914], [-0.05227461973206053, 41.479587766212546], [-0.052286663048817295, 41.47964676066439], [-0.05234436165678792, 41.479686834879324], [-0.052543326006168824, 41.47972864451274], [-0.0526505274063032, 41.47966855551775], [-0.05391131732266509, 41.48007744117433]]], [[[-0.0512688133016326, 41.481478707131714], [-0.0511822334967606, 41.48183996481035], [-0.05119004269549938, 41.4822175120043], [-0.05129564955834674, 41.48258665902517], [-0.05149499724054385, 41.482933219552315], [-0.05178042613119055, 41.4832438750393], [-0.05214096802371599, 41.4835066866022], [-0.052562767516611444, 41.483711553910666], [-0.0530589475581029, 41.48385664290801], [-0.05247834472938797, 41.4839041673104], [-0.051885195924837396, 41.484053119128504], [-0.05134985553913899, 41.48429617530205], [-0.05090022266815483, 41.48461983111536], [-0.05055392888507458, 41.48501139586437], [-0.05034774963922956, 41.48540213471943], [-0.05024281631021309, 41.4858657135107], [-0.05027503338077623, 41.48633313646055], [-0.050443140410876074, 41.486786074106995], [-0.050739142931724816, 41.487200309865585], [-0.05114865820494029, 41.4875557127871], [-0.05165178607657517, 41.48783501073814], [-0.05215791502542211, 41.48800831654697], [-0.05269928564553441, 41.48810404387421], [-0.053393795736520054, 41.48810929987706], [-0.05401814117177288, 41.48800135781803], [-0.05433591391220777, 41.48811238833015], [-0.05415239297847511, 41.48823193091176], [-0.053606027551972156, 41.4884592158213], [-0.05277596459431167, 41.4886488325483], [-0.05224024916118375, 41.488679168366325], [-0.051485699322580146, 41.488581717575215], [-0.05162187741251451, 41.48826655157262], [-0.05159488043521646, 41.48798333582912], [-0.051448336411976346, 41.48785488517623], [-0.05090994037224678, 41.487592999093096], [-0.050622347554920885, 41.48738441477131], [-0.05050254083790973, 41.48725799646216], [-0.05037065907010779, 41.48718963130039], [-0.050102479025725045, 41.48717480190142], [-0.04990521375807233, 41.4872790445368], [-0.04971971501060145, 41.48744203862922], [-0.04956602889501202, 41.48716502394811], [-0.049414831936357824, 41.48667189248229], [-0.049451887618057876, 41.486241686217355], [-0.04951966800343686, 41.48604684987837], [-0.04979029566626144, 41.48586351803914], [-0.050044976370045825, 41.48563467148889], [-0.050253957979220144, 41.48537840746887], [-0.05038935659157674, 41.485147036702884], [-0.05053262510279488, 41.484711967997995], [-0.05055108146352643, 41.48431167798152], [-0.05042701828705749, 41.48381801276438], [-0.050278675928418434, 41.483541240744174], [-0.05011219823992368, 41.48332163528117], [-0.04991283402097957, 41.4831208538585], [-0.04963493828700697, 41.48290783699377], [-0.0490773288095837, 41.48262258655649], [-0.049735363813733294, 41.482518424201764], [-0.05009158138473696, 41.48240274161019], [-0.05037315361687896, 41.48227505187795], [-0.050899631306152694, 41.48191426769433], [-0.0512688133016326, 41.481478707131714]]]]}}, {"id": "51", "type": "Feature", "properties": {"unit_id": "A0052", "group_id": "4-r-irrigated-non-pivot-maiz", "crop_sequence": "Ma\u00edz", "crop_sequence_en": "Maize", "system_class": "irrigated_non_pivot", "system_es": "Regad\u00edo sin pivote", "system_en": "Irrigated, non-pivot", "pivot_id": null, "analysis_area_ha": 3.35664974627401}, "geometry": {"type": "Polygon", "coordinates": [[[-0.0465472228826898, 41.48883975537259], [-0.046227739315861424, 41.48880065311805], [-0.04595982950670367, 41.4888011791491], [-0.045599995848028076, 41.488901055239836], [-0.04540087381845647, 41.489036967063164], [-0.04351485521597732, 41.487566208095885], [-0.04381499844690637, 41.48632392471356], [-0.04479580388159223, 41.48693018419353], [-0.04488138774600418, 41.48702808184538], [-0.04532018228070077, 41.487362955950616], [-0.04551986751965, 41.48761586770479], [-0.0456392273609933, 41.48770356129735], [-0.046084606178515064, 41.48790452530705], [-0.04627568938276005, 41.48805390092247], [-0.04628083343295788, 41.4881133345237], [-0.04614874802932108, 41.488408377609325], [-0.04612547912383759, 41.48859104683827], [-0.04624119937179888, 41.48870640451202], [-0.0465472228826898, 41.48883975537259]]]}}, {"id": "52", "type": "Feature", "properties": {"unit_id": "A0053", "group_id": "4-r-irrigated-non-pivot-maiz-guisante", "crop_sequence": "Ma\u00edz \u2192 Guisante", "crop_sequence_en": "Maize \u2192 Pea", "system_class": "irrigated_non_pivot", "system_es": "Regad\u00edo sin pivote", "system_en": "Irrigated, non-pivot", "pivot_id": null, "analysis_area_ha": 0.890227039828497}, "geometry": {"type": "Polygon", "coordinates": [[[-0.044562428403397414, 41.47225583223789], [-0.04351564605753026, 41.47245141036099], [-0.04331994774584203, 41.472075635812935], [-0.04316051051978492, 41.47192469573745], [-0.04290123890864327, 41.471796192882586], [-0.04264572000318052, 41.47171997964591], [-0.04264967981675157, 41.47164796652916], [-0.04457572849088337, 41.471681150562915], [-0.044562428403397414, 41.47225583223789]]]}}, {"id": "53", "type": "Feature", "properties": {"unit_id": "A0054", "group_id": "4-r-irrigated-non-pivot-maiz", "crop_sequence": "Ma\u00edz", "crop_sequence_en": "Maize", "system_class": "irrigated_non_pivot", "system_es": "Regad\u00edo sin pivote", "system_en": "Irrigated, non-pivot", "pivot_id": null, "analysis_area_ha": 9.39320240615556}, "geometry": {"type": "Polygon", "coordinates": [[[-0.0549961821127063, 41.47453677935852], [-0.05507171816905049, 41.47464231049065], [-0.05519703809644927, 41.47470928057025], [-0.054961896456078026, 41.48007509368972], [-0.053063380226531086, 41.479459441776875], [-0.053297348947277105, 41.47454302050067], [-0.053843256883649056, 41.47455159736349], [-0.054280086274868605, 41.47445219055181], [-0.0547144441068153, 41.474414267381526], [-0.05483191143677448, 41.47443801558475], [-0.0549961821127063, 41.47453677935852]]]}}, {"id": "54", "type": "Feature", "properties": {"unit_id": "A0055", "group_id": "4-r-irrigated-non-pivot-maiz", "crop_sequence": "Ma\u00edz", "crop_sequence_en": "Maize", "system_class": "irrigated_non_pivot", "system_es": "Regad\u00edo sin pivote", "system_en": "Irrigated, non-pivot", "pivot_id": null, "analysis_area_ha": 0.709866277703797}, "geometry": {"type": "Polygon", "coordinates": [[[-0.05138667257108755, 41.48807692748352], [-0.051351915878109326, 41.48835646481485], [-0.051263981303918446, 41.488498017286666], [-0.05069694604518415, 41.48827586408354], [-0.05042453570730063, 41.48811439381428], [-0.04985398799433485, 41.487607679995456], [-0.050064456733993366, 41.48741414836041], [-0.05018329253045182, 41.48735055452902], [-0.050286443844814156, 41.487361012894155], [-0.05075479362942562, 41.48773012789128], [-0.05129075021200395, 41.487991410118376], [-0.05138667257108755, 41.48807692748352]]]}}, {"id": "55", "type": "Feature", "properties": {"unit_id": "A0056", "group_id": "4-r-pivot-maiz", "crop_sequence": "Ma\u00edz", "crop_sequence_en": "Maize", "system_class": "pivot", "system_es": "Pivote central", "system_en": "Centre pivot", "pivot_id": "P03", "analysis_area_ha": 14.319125730537138}, "geometry": {"type": "Polygon", "coordinates": [[[-0.05565750425193149, 41.48578238322696], [-0.0554414781122259, 41.485996845667096], [-0.05531829862957764, 41.48622115289469], [-0.05524200800562995, 41.48642652267113], [-0.055282383271239084, 41.48656062719442], [-0.05505672784317104, 41.4872520215004], [-0.05490471362620663, 41.48737572895514], [-0.05465264437878913, 41.48734530535915], [-0.05441820030030851, 41.48736891898905], [-0.05419876975451164, 41.48749461408084], [-0.05404278139526843, 41.48767962149711], [-0.05400548406500346, 41.48781301393399], [-0.053368218195150884, 41.48793031145142], [-0.05285906965811455, 41.487936053760045], [-0.052358215313568386, 41.48786699456251], [-0.05188490430734161, 41.487725788047314], [-0.051457326927561296, 41.48751786118608], [-0.05109191537510627, 41.48725120510358], [-0.050802712187656376, 41.48693606789115], [-0.05060083059469025, 41.48658456067836], [-0.05049402754819158, 41.4862101921213], [-0.05048640581627957, 41.485827349206716], [-0.05057825656174954, 41.4854507443354], [-0.050766048417209164, 41.48509484993896], [-0.05104256343637157, 41.48477334235521], [-0.05139717465987049, 41.48449857632806], [-0.05181625460103715, 41.48428111031474], [-0.052283698939328264, 41.48412930082868], [-0.05278154529418318, 41.48404898139255], [-0.05329066332352944, 41.48404323842406], [-0.05379148964181017, 41.48411229265987], [-0.054264779369944435, 41.48425349066686], [-0.05469234545919773, 41.48446140676871], [-0.0550577574275739, 41.48472805147864], [-0.05534697267407341, 41.48504317843671], [-0.05554887613333508, 41.4853946780745], [-0.05565750425193149, 41.48578238322696]]]}}, {"id": "56", "type": "Feature", "properties": {"unit_id": "A0057", "group_id": "4-r-pivot-maiz", "crop_sequence": "Ma\u00edz", "crop_sequence_en": "Maize", "system_class": "pivot", "system_es": "Pivote central", "system_en": "Centre pivot", "pivot_id": "P04", "analysis_area_ha": 0.7479894134625517}, "geometry": {"type": "Polygon", "coordinates": [[[-0.05009417961718483, 41.48491900845109], [-0.04957449625683557, 41.48335163755088], [-0.0487343903128302, 41.48270410047259], [-0.049235695649597185, 41.48290218781351], [-0.049691184492498465, 41.48320342205138], [-0.05003569268250239, 41.48357885338252], [-0.05024857005791163, 41.48400598041783], [-0.050317054901108806, 41.484459202902464], [-0.050251656172092714, 41.48486696915343], [-0.0500418382550878, 41.48529495244328], [-0.04971937843720765, 41.48565479726083], [-0.05009417961718483, 41.48491900845109]]]}}, {"id": "57", "type": "Feature", "properties": {"unit_id": "A0058", "group_id": "4-r-pivot-maiz", "crop_sequence": "Ma\u00edz", "crop_sequence_en": "Maize", "system_class": "pivot", "system_es": "Pivote central", "system_en": "Centre pivot", "pivot_id": "P05", "analysis_area_ha": 11.822419280306182}, "geometry": {"type": "Polygon", "coordinates": [[[-0.05141687159862522, 41.48189657092784], [-0.05148796368186232, 41.481558467827725], [-0.051645401832369556, 41.48123729084888], [-0.05188313477540527, 41.48094538227271], [-0.0521920259909516, 41.48069395950216], [-0.052560204914424404, 41.48049268405479], [-0.05297352312080171, 41.48034929035678], [-0.05341609796871029, 41.48026928858442], [-0.05387092281782503, 41.480255752966876], [-0.05432052039010886, 41.480309203675084], [-0.05474761420264359, 41.48042758683073], [-0.05513579229470426, 41.48060635340488], [-0.05547013777616292, 41.48083863397866], [-0.05573780198721094, 41.48111550265808], [-0.055928498257099266, 41.481426320011686], [-0.056034897289642754, 41.48175914186594], [-0.05605290896769652, 41.48210117825776], [-0.05598183972602514, 41.48243928491593], [-0.05582441941589198, 41.48276046838863], [-0.055586696595998464, 41.48305238540588], [-0.055277806245210365, 41.483303817279605], [-0.054909618796458726, 41.483505101106395], [-0.05449628397266322, 41.48364850118437], [-0.05405368694504525, 41.48372850636596], [-0.05359883773059205, 41.48374204190294], [-0.053149217316741694, 41.483688587636706], [-0.052722105663834874, 41.4835701979872], [-0.05233391744862923, 41.48339142297196], [-0.05199957110241353, 41.48315913329499], [-0.05173191541664355, 41.48288225623618], [-0.051541235764173826, 41.48257143250259], [-0.05143485891134092, 41.482238607239104], [-0.05141687159862522, 41.48189657092784]]]}}, {"id": "58", "type": "Feature", "properties": {"unit_id": "A0059", "group_id": "4-r-pivot-maiz", "crop_sequence": "Ma\u00edz", "crop_sequence_en": "Maize", "system_class": "pivot", "system_es": "Pivote central", "system_en": "Centre pivot", "pivot_id": "P06", "analysis_area_ha": 0.7430049866738738}, "geometry": {"type": "Polygon", "coordinates": [[[-0.050761197848500604, 41.4795053945497], [-0.05108240003692168, 41.47991022689468], [-0.05124879559225924, 41.48033739779567], [-0.05127218467826104, 41.48078217166494], [-0.05115116251303852, 41.48121788986203], [-0.050892980257050496, 41.481618436010876], [-0.05046925133681738, 41.48198985755358], [-0.04998206568332446, 41.48224266562021], [-0.049414994375175963, 41.48240106430253], [-0.049965567828930586, 41.48218086911911], [-0.05082643627885325, 41.48126406103599], [-0.0510033088370528, 41.48056337346905], [-0.050761197848500604, 41.4795053945497]]]}}, {"id": "59", "type": "Feature", "properties": {"unit_id": "A0060", "group_id": "4-r-pivot-maiz", "crop_sequence": "Ma\u00edz", "crop_sequence_en": "Maize", "system_class": "pivot", "system_es": "Pivote central", "system_en": "Centre pivot", "pivot_id": "P07", "analysis_area_ha": 7.942836524763549}, "geometry": {"type": "Polygon", "coordinates": [[[-0.03991233401047602, 41.48466306661097], [-0.039439009597108804, 41.48459777543758], [-0.038910588295191326, 41.48445674877813], [-0.0384888087428228, 41.48428323986457], [-0.03804589304919701, 41.48402468446801], [-0.037668284645503626, 41.48371299374301], [-0.037367101851347596, 41.48335734601413], [-0.03717656202545981, 41.48302542856536], [-0.03703893968113163, 41.482616686940354], [-0.03699627017045246, 41.4821962700187], [-0.03703629877457968, 41.48183600195035], [-0.03717115061306304, 41.481426738857564], [-0.03739705738276159, 41.48104083766962], [-0.03765818977420489, 41.48073729786096], [-0.038033657610888415, 41.480424161037], [-0.038474782221260995, 41.480163904936354], [-0.03896571601863639, 41.47996515183388], [-0.03991233401047602, 41.48466306661097]]]}}, {"id": "60", "type": "Feature", "properties": {"unit_id": "A0061", "group_id": "4-r-pivot-maiz", "crop_sequence": "Ma\u00edz", "crop_sequence_en": "Maize", "system_class": "pivot", "system_es": "Pivote central", "system_en": "Centre pivot", "pivot_id": "P07", "analysis_area_ha": 14.358708203418837}, "geometry": {"type": "Polygon", "coordinates": [[[-0.04119081126886171, 41.48457625309073], [-0.04015221072141154, 41.484651912937466], [-0.039194346398410164, 41.47989826323116], [-0.039345526316138614, 41.47986194039996], [-0.0398155800642532, 41.47978615420699], [-0.04033975827725827, 41.479763788008476], [-0.041218318021845425, 41.47987031631022], [-0.04183178885975244, 41.480064394630006], [-0.042360908388296856, 41.48033586897254], [-0.042809439292863904, 41.480679753191225], [-0.043160144608502704, 41.48108283302782], [-0.04339954571765171, 41.48152961925052], [-0.043518440508757084, 41.482002942758676], [-0.04351225732219213, 41.48248461428391], [-0.04338123103234899, 41.48295612334935], [-0.04313039443894062, 41.48339934963403], [-0.04276938523505216, 41.48379725940118], [-0.042312075912339944, 41.48413456021714], [-0.04177604078513085, 41.48439828878045], [-0.04119081126886171, 41.48457625309073]]]}}, {"id": "61", "type": "Feature", "properties": {"unit_id": "A0062", "group_id": "5-r-irrigated-non-pivot-cebada-maiz", "crop_sequence": "Cebada \u2192 Ma\u00edz", "crop_sequence_en": "Barley \u2192 Maize", "system_class": "irrigated_non_pivot", "system_es": "Regad\u00edo sin pivote", "system_en": "Irrigated, non-pivot", "pivot_id": null, "analysis_area_ha": 9.484298022317077}, "geometry": {"type": "Polygon", "coordinates": [[[-0.06559427341625694, 41.480525789759035], [-0.06380916366578183, 41.48047081786351], [-0.06374873235659394, 41.478300329968924], [-0.06382289972057374, 41.47458832646439], [-0.06564439612915009, 41.475304104389764], [-0.06559427341625694, 41.480525789759035]]]}}, {"id": "62", "type": "Feature", "properties": {"unit_id": "A0063", "group_id": "5-r-irrigated-non-pivot-cebada-maiz", "crop_sequence": "Cebada \u2192 Ma\u00edz", "crop_sequence_en": "Barley \u2192 Maize", "system_class": "irrigated_non_pivot", "system_es": "Regad\u00edo sin pivote", "system_en": "Irrigated, non-pivot", "pivot_id": null, "analysis_area_ha": 12.098886758484845}, "geometry": {"type": "Polygon", "coordinates": [[[-0.06877675947560682, 41.48054790649488], [-0.06813509472191975, 41.48050385030646], [-0.06726990982066525, 41.48056999381825], [-0.06583359335723302, 41.48053260821932], [-0.06588202094371114, 41.47548566463634], [-0.06871859733015516, 41.47656516939335], [-0.06877675947560682, 41.48054790649488]]]}}, {"id": "63", "type": "Feature", "properties": {"unit_id": "A0064", "group_id": "5-r-irrigated-non-pivot-cebada-maiz", "crop_sequence": "Cebada \u2192 Ma\u00edz", "crop_sequence_en": "Barley \u2192 Maize", "system_class": "irrigated_non_pivot", "system_es": "Regad\u00edo sin pivote", "system_en": "Irrigated, non-pivot", "pivot_id": null, "analysis_area_ha": 4.138734259287087}, "geometry": {"type": "Polygon", "coordinates": [[[-0.07021808743997197, 41.48064469862336], [-0.06919174433441817, 41.48061955572401], [-0.06901669569553863, 41.48058502307546], [-0.06895931198559654, 41.47665657949363], [-0.07014440723373173, 41.477098434280215], [-0.07021808743997197, 41.48064469862336]]]}}, {"id": "64", "type": "Feature", "properties": {"unit_id": "A0065", "group_id": "5-r-irrigated-non-pivot-cebada-maiz", "crop_sequence": "Cebada \u2192 Ma\u00edz", "crop_sequence_en": "Barley \u2192 Maize", "system_class": "irrigated_non_pivot", "system_es": "Regad\u00edo sin pivote", "system_en": "Irrigated, non-pivot", "pivot_id": null, "analysis_area_ha": 9.060538300929197}, "geometry": {"type": "Polygon", "coordinates": [[[-0.06587945823792468, 41.47174097379312], [-0.0643422397453189, 41.474490033049804], [-0.060281827235915506, 41.47287196655267], [-0.060347611594083236, 41.47256500197768], [-0.060358215137632246, 41.472172508459344], [-0.0606053694564448, 41.47222896771076], [-0.06076157554353931, 41.472371890252944], [-0.06092550678948679, 41.47246579487843], [-0.061046529607803615, 41.47245985429134], [-0.0612583785656434, 41.47224271778965], [-0.06128743973637273, 41.47207026270682], [-0.061597915976107, 41.471572909485324], [-0.06168071772502535, 41.471550878382644], [-0.0628069012476405, 41.47147399066136], [-0.06357331359600156, 41.471490053304315], [-0.06449058975459658, 41.4716538179357], [-0.06467701552095793, 41.47171444235231], [-0.0649694328859156, 41.47194708758478], [-0.06530028990622913, 41.472022143759474], [-0.06545728445417097, 41.47202455053349], [-0.0655734670853419, 41.47198036490553], [-0.06587945823792468, 41.47174097379312]]]}}, {"id": "65", "type": "Feature", "properties": {"unit_id": "A0066", "group_id": "5-r-irrigated-non-pivot-cebada-maiz", "crop_sequence": "Cebada \u2192 Ma\u00edz", "crop_sequence_en": "Barley \u2192 Maize", "system_class": "irrigated_non_pivot", "system_es": "Regad\u00edo sin pivote", "system_en": "Irrigated, non-pivot", "pivot_id": null, "analysis_area_ha": 0.8923159779929041}, "geometry": {"type": "Polygon", "coordinates": [[[-0.07620599469908539, 41.46943477107661], [-0.075937290049513, 41.47125522554231], [-0.07541492512320185, 41.47118739450211], [-0.07568252289932381, 41.46939083337725], [-0.07620599469908539, 41.46943477107661]]]}}, {"id": "66", "type": "Feature", "properties": {"unit_id": "A0067", "group_id": "5-r-irrigated-non-pivot-cebada-maiz", "crop_sequence": "Cebada \u2192 Ma\u00edz", "crop_sequence_en": "Barley \u2192 Maize", "system_class": "irrigated_non_pivot", "system_es": "Regad\u00edo sin pivote", "system_en": "Irrigated, non-pivot", "pivot_id": null, "analysis_area_ha": 1.5369928139042872}, "geometry": {"type": "Polygon", "coordinates": [[[-0.07670948487128654, 41.469479123871864], [-0.0775947855697759, 41.4695583090077], [-0.07733508542975913, 41.47140239546783], [-0.0764438807906416, 41.471313683905194], [-0.07670948487128654, 41.469479123871864]]]}}, {"id": "67", "type": "Feature", "properties": {"unit_id": "A0068", "group_id": "5-r-irrigated-non-pivot-cebada-maiz", "crop_sequence": "Cebada \u2192 Ma\u00edz", "crop_sequence_en": "Barley \u2192 Maize", "system_class": "irrigated_non_pivot", "system_es": "Regad\u00edo sin pivote", "system_en": "Irrigated, non-pivot", "pivot_id": null, "analysis_area_ha": 1.2481241437674462}, "geometry": {"type": "Polygon", "coordinates": [[[-0.07783249486707762, 41.46957939749069], [-0.07841532980244768, 41.469629395179446], [-0.0784153263310921, 41.471525390194806], [-0.07757217270102967, 41.471427948402585], [-0.07783249486707762, 41.46957939749069]]]}}, {"id": "68", "type": "Feature", "properties": {"unit_id": "A0069", "group_id": "5-r-irrigated-non-pivot-cebada-maiz", "crop_sequence": "Cebada \u2192 Ma\u00edz", "crop_sequence_en": "Barley \u2192 Maize", "system_class": "irrigated_non_pivot", "system_es": "Regad\u00edo sin pivote", "system_en": "Irrigated, non-pivot", "pivot_id": null, "analysis_area_ha": 13.546429957665174}, "geometry": {"type": "Polygon", "coordinates": [[[-0.041258519421140796, 41.47598094771384], [-0.04165529956858131, 41.476108801959384], [-0.040930684262928785, 41.47963124679211], [-0.040361560044033976, 41.479584090312876], [-0.03722082608504496, 41.47920327615177], [-0.038167540433071225, 41.474984948952226], [-0.04098346288815454, 41.475892316591185], [-0.04099566739183728, 41.475950894137185], [-0.041056676905973886, 41.475992242004494], [-0.041185558859993796, 41.47600806891867], [-0.041258519421140796, 41.47598094771384]]]}}, {"id": "69", "type": "Feature", "properties": {"unit_id": "A0070", "group_id": "5-r-irrigated-non-pivot-cebada-maiz", "crop_sequence": "Cebada \u2192 Ma\u00edz", "crop_sequence_en": "Barley \u2192 Maize", "system_class": "irrigated_non_pivot", "system_es": "Regad\u00edo sin pivote", "system_en": "Irrigated, non-pivot", "pivot_id": null, "analysis_area_ha": 4.937098354345694}, "geometry": {"type": "Polygon", "coordinates": [[[-0.043422901025973945, 41.47667837217502], [-0.04265500304745876, 41.47986216454247], [-0.04116461316635608, 41.479671552198305], [-0.04188245064741572, 41.47618199753049], [-0.043422901025973945, 41.47667837217502]]]}}, {"id": "70", "type": "Feature", "properties": {"unit_id": "A0071", "group_id": "5-r-irrigated-non-pivot-cebada-maiz", "crop_sequence": "Cebada \u2192 Ma\u00edz", "crop_sequence_en": "Barley \u2192 Maize", "system_class": "irrigated_non_pivot", "system_es": "Regad\u00edo sin pivote", "system_en": "Irrigated, non-pivot", "pivot_id": null, "analysis_area_ha": 8.361045799915285}, "geometry": {"type": "Polygon", "coordinates": [[[-0.035526366623118116, 41.47438543909838], [-0.034840114706194206, 41.47757759240394], [-0.034764196669959085, 41.47740715834585], [-0.03468965797409561, 41.477009007287414], [-0.03424163331961707, 41.476257894547366], [-0.034134434641272575, 41.475878646404496], [-0.03407370517059883, 41.47584155452522], [-0.03367467782762219, 41.47576905875501], [-0.03326648016466279, 41.47565507836384], [-0.03335146053453349, 41.47543639115173], [-0.03332987301049879, 41.475190864047335], [-0.03409596661901983, 41.47174296318087], [-0.034320899660032884, 41.47178414172411], [-0.03457088006864751, 41.47172447538328], [-0.0347978835022251, 41.47159159506078], [-0.035027835779443475, 41.47137234775203], [-0.035186653663217465, 41.47150462483664], [-0.03583609008890638, 41.47180449309704], [-0.03599781729277118, 41.47191571292765], [-0.035537377312991586, 41.473968820453294], [-0.03541868958260079, 41.474122327538474], [-0.035388827210374486, 41.47422431303935], [-0.03540291956932557, 41.47434171612119], [-0.035526366623118116, 41.47438543909838]]]}}, {"id": "71", "type": "Feature", "properties": {"unit_id": "A0072", "group_id": "5-r-irrigated-non-pivot-cebada-maiz", "crop_sequence": "Cebada \u2192 Ma\u00edz", "crop_sequence_en": "Barley \u2192 Maize", "system_class": "irrigated_non_pivot", "system_es": "Regad\u00edo sin pivote", "system_en": "Irrigated, non-pivot", "pivot_id": null, "analysis_area_ha": 3.936501432012763}, "geometry": {"type": "Polygon", "coordinates": [[[-0.04072140842487301, 41.47144104684064], [-0.0391989024732736, 41.471245498927175], [-0.03925020525219261, 41.46863620234757], [-0.039957237380682784, 41.46858397388165], [-0.04076634039552081, 41.46840521312043], [-0.04072140842487301, 41.47144104684064]]]}}, {"id": "72", "type": "Feature", "properties": {"unit_id": "A0073", "group_id": "5-r-irrigated-non-pivot-cebada-maiz", "crop_sequence": "Cebada \u2192 Ma\u00edz", "crop_sequence_en": "Barley \u2192 Maize", "system_class": "irrigated_non_pivot", "system_es": "Regad\u00edo sin pivote", "system_en": "Irrigated, non-pivot", "pivot_id": null, "analysis_area_ha": 1.4976755963334498}, "geometry": {"type": "Polygon", "coordinates": [[[-0.059042298878774824, 41.47100626329585], [-0.059866182033194944, 41.47207657630283], [-0.059915460027362144, 41.472324021937105], [-0.05983181412742141, 41.472628128894286], [-0.05738104991710989, 41.470969724924565], [-0.059042298878774824, 41.47100626329585]]]}}, {"id": "73", "type": "Feature", "properties": {"unit_id": "A0074", "group_id": "5-r-irrigated-non-pivot-cebada-maiz", "crop_sequence": "Cebada \u2192 Ma\u00edz", "crop_sequence_en": "Barley \u2192 Maize", "system_class": "irrigated_non_pivot", "system_es": "Regad\u00edo sin pivote", "system_en": "Irrigated, non-pivot", "pivot_id": null, "analysis_area_ha": 10.94315729356592}, "geometry": {"type": "Polygon", "coordinates": [[[-0.0536139652254042, 41.47306103702187], [-0.052602156270020704, 41.47302090313593], [-0.05197964149894987, 41.472975759765546], [-0.05179859730226769, 41.47292991862909], [-0.05029519879966831, 41.47283086192378], [-0.04997256322613705, 41.47276107881185], [-0.04969082783488663, 41.47265438987947], [-0.04910173835643923, 41.472491751823284], [-0.04897269764638454, 41.472406556089815], [-0.048918397190575336, 41.47230287886527], [-0.04885426033425437, 41.47226663576263], [-0.04818895254271658, 41.472257991556894], [-0.04817880964215062, 41.47213455101973], [-0.04808790214631976, 41.4720855974142], [-0.04709743834100303, 41.47205675806817], [-0.04713632653492887, 41.47081970201709], [-0.05184921260570924, 41.47087018620897], [-0.053692366227075815, 41.47092476917058], [-0.0536139652254042, 41.47306103702187]]]}}, {"id": "74", "type": "Feature", "properties": {"unit_id": "A0075", "group_id": "5-r-irrigated-non-pivot-cebada-maiz", "crop_sequence": "Cebada \u2192 Ma\u00edz", "crop_sequence_en": "Barley \u2192 Maize", "system_class": "irrigated_non_pivot", "system_es": "Regad\u00edo sin pivote", "system_en": "Irrigated, non-pivot", "pivot_id": null, "analysis_area_ha": 24.155401611548545}, "geometry": {"type": "Polygon", "coordinates": [[[-0.05305651094955901, 41.47457094750348], [-0.052827494577195586, 41.4793829393801], [-0.04594859483322224, 41.477151861967776], [-0.04638258979799998, 41.475101789733976], [-0.046984061638639135, 41.474736758617446], [-0.04774040991350939, 41.47443850769206], [-0.049555083340126184, 41.474572451321755], [-0.049787091038287594, 41.4744213989498], [-0.05024308401155498, 41.474273718765716], [-0.050714747939268, 41.47401745906046], [-0.05105476557579693, 41.47390495925329], [-0.051419746906739706, 41.47412711627114], [-0.05156356606703203, 41.474259850707746], [-0.05214427371269369, 41.47460354484178], [-0.05234384262042352, 41.474661577769496], [-0.052546965685413075, 41.47467029862869], [-0.05305651094955901, 41.47457094750348]]]}}, {"id": "75", "type": "Feature", "properties": {"unit_id": "A0076", "group_id": "5-r-irrigated-non-pivot-cebada", "crop_sequence": "Cebada", "crop_sequence_en": "Barley", "system_class": "irrigated_non_pivot", "system_es": "Regad\u00edo sin pivote", "system_en": "Irrigated, non-pivot", "pivot_id": null, "analysis_area_ha": 2.910414629887234}, "geometry": {"type": "MultiPolygon", "coordinates": [[[[-0.04551751171489361, 41.48550216601226], [-0.045327302296257074, 41.48578825833394], [-0.0452856938619042, 41.485946738457336], [-0.04540083170573699, 41.486393132947285], [-0.04539482289691263, 41.48643733721452], [-0.04532397981976511, 41.48649425117669], [-0.04505110335382365, 41.48635142267567], [-0.045314656159445375, 41.48519604652667], [-0.04551751171489361, 41.48550216601226]]], [[[-0.0503244545396173, 41.478962532377544], [-0.05025186227184325, 41.47892768041743], [-0.05021321228350802, 41.47891033377403], [-0.05031632087656247, 41.47894425111381], [-0.0503244545396173, 41.478962532377544]]], [[[-0.04970454856637953, 41.47873591769276], [-0.049276438351208283, 41.478657257707354], [-0.04882164045097669, 41.47863314172182], [-0.04837094210586835, 41.478667442016324], [-0.04793178932462756, 41.47875959187412], [-0.04752004887378021, 41.47890684513573], [-0.04714784352084947, 41.479104866298364], [-0.04682613228911832, 41.47934782510097], [-0.046592633219537806, 41.479592914837255], [-0.046993755451109606, 41.47783401478349], [-0.04947612940052601, 41.47863906927185], [-0.04970454856637953, 41.47873591769276]]], [[[-0.04626237673779975, 41.48104098998533], [-0.04644943904019484, 41.48146699624657], [-0.04675162887005785, 41.48184433420924], [-0.04715642021646141, 41.48216271237749], [-0.047637406320775344, 41.482403967852214], [-0.04713857799294936, 41.482467323791454], [-0.046639923191306235, 41.48260807592705], [-0.046187362759890126, 41.48281927734156], [-0.045793425133107295, 41.483097073772406], [-0.04626237673779975, 41.48104098998533]]], [[[-0.048923414836586, 41.486314827273404], [-0.04865142583231053, 41.48648148904654], [-0.04826050202630359, 41.486629660282944], [-0.04832194446362692, 41.486451904363534], [-0.048923414836586, 41.486314827273404]]]]}}, {"id": "76", "type": "Feature", "properties": {"unit_id": "A0077", "group_id": "5-r-irrigated-non-pivot-cebada", "crop_sequence": "Cebada", "crop_sequence_en": "Barley", "system_class": "irrigated_non_pivot", "system_es": "Regad\u00edo sin pivote", "system_en": "Irrigated, non-pivot", "pivot_id": null, "analysis_area_ha": 7.338523384399831}, "geometry": {"type": "Polygon", "coordinates": [[[-0.04676761923381171, 41.47776067327189], [-0.045472770548120094, 41.483438041888256], [-0.04528965118394401, 41.4837355792743], [-0.04516672972419146, 41.48407377016566], [-0.045122505004520204, 41.48442278469152], [-0.045163416433950866, 41.48479426092774], [-0.04483819977099012, 41.486219951630666], [-0.044665231620042725, 41.486083356927445], [-0.04441278585798516, 41.48576221138942], [-0.04409344336050389, 41.48505072120274], [-0.045204109402783306, 41.48021539937565], [-0.04583813749751909, 41.477659480982425], [-0.04598777733138006, 41.47766536423993], [-0.04607735685631031, 41.47753680029172], [-0.04676761923381171, 41.47776067327189]]]}}, {"id": "77", "type": "Feature", "properties": {"unit_id": "A0078", "group_id": "5-r-irrigated-non-pivot-cebada-maiz", "crop_sequence": "Cebada \u2192 Ma\u00edz", "crop_sequence_en": "Barley \u2192 Maize", "system_class": "irrigated_non_pivot", "system_es": "Regad\u00edo sin pivote", "system_en": "Irrigated, non-pivot", "pivot_id": null, "analysis_area_ha": 1.3739150701291183}, "geometry": {"type": "Polygon", "coordinates": [[[-0.046253958216801706, 41.49042197339579], [-0.04542710475908037, 41.4898694699104], [-0.04505136295223893, 41.48954671017015], [-0.04480220199926366, 41.489388468083774], [-0.044657079181383647, 41.48935654613349], [-0.04452439896756225, 41.489365718957465], [-0.04436322118104977, 41.48943696645773], [-0.044235808986744896, 41.489547335014386], [-0.044196163073324815, 41.48952833890751], [-0.0441396742428099, 41.48934638183857], [-0.0441259250400538, 41.48906224461077], [-0.044065268821350354, 41.48894305460268], [-0.04390831490196429, 41.48877481259434], [-0.04351160332262559, 41.48847259877001], [-0.04337231243714623, 41.488297023629], [-0.043456425377382445, 41.48783913292062], [-0.04360158092354503, 41.487893184305676], [-0.04529761111895054, 41.48921578668333], [-0.045290292710868756, 41.489329717131746], [-0.04535509670182172, 41.48945726500781], [-0.04561169165134802, 41.48972414723646], [-0.045789167694821484, 41.48996758322689], [-0.046094084570488705, 41.4902330378045], [-0.046253958216801706, 41.49042197339579]]]}}, {"id": "78", "type": "Feature", "properties": {"unit_id": "A0079", "group_id": "5-r-irrigated-non-pivot-cebada", "crop_sequence": "Cebada", "crop_sequence_en": "Barley", "system_class": "irrigated_non_pivot", "system_es": "Regad\u00edo sin pivote", "system_en": "Irrigated, non-pivot", "pivot_id": null, "analysis_area_ha": 1.1481272650818533}, "geometry": {"type": "Polygon", "coordinates": [[[-0.047996295031524056, 41.4864809883697], [-0.04795901668812691, 41.48670561106042], [-0.04675577644455996, 41.486813432250635], [-0.04615048393910102, 41.48678340143225], [-0.045552882519368204, 41.486573785192874], [-0.045620929816615766, 41.486510122123256], [-0.045641718090504886, 41.48638806446102], [-0.04553599287704352, 41.48605317324518], [-0.0455690784441924, 41.48588709342737], [-0.045690643930388145, 41.48569161300385], [-0.04614845096594161, 41.486040582285476], [-0.04671322360893445, 41.48630071236149], [-0.04734780529942855, 41.48645076919862], [-0.047996295031524056, 41.4864809883697]]]}}, {"id": "79", "type": "Feature", "properties": {"unit_id": "A0080", "group_id": "5-r-pivot-cebada", "crop_sequence": "Cebada", "crop_sequence_en": "Barley", "system_class": "pivot", "system_es": "Pivote central", "system_en": "Centre pivot", "pivot_id": "P04", "analysis_area_ha": 8.520393929997505}, "geometry": {"type": "Polygon", "coordinates": [[[-0.04932031923989847, 41.48593493371902], [-0.04874767713604782, 41.486174677036274], [-0.048851531255832005, 41.48605930790014], [-0.04892232890294469, 41.48589295573708], [-0.04893242384000021, 41.48573375422922], [-0.048831518381593136, 41.485564650422226], [-0.04866722576274581, 41.4854319029866], [-0.04832254156304477, 41.48526286438094], [-0.04798830126768033, 41.4850506962965], [-0.04768176678174282, 41.48493596956696], [-0.04709303820761209, 41.4847972671058], [-0.04666628839277833, 41.48476829035718], [-0.046244919532563725, 41.484819615509956], [-0.0457607848996874, 41.48511940060338], [-0.04563137073351103, 41.48528621706702], [-0.0454986884069537, 41.48505210929085], [-0.045406503018958565, 41.48479339248955], [-0.045701559791650866, 41.483499833048704], [-0.04601972687749303, 41.4831769074528], [-0.0463827301203636, 41.48293424224621], [-0.04685723756628825, 41.48273085105314], [-0.047319865754415436, 41.48261962040353], [-0.04786326895545041, 41.482578273265894], [-0.048387100831695874, 41.482624389643284], [-0.04841493861422386, 41.482716764829696], [-0.04935960497883621, 41.483437817197405], [-0.04985692730468719, 41.48488150850424], [-0.04932031923989847, 41.48593493371902]]]}}, {"id": "80", "type": "Feature", "properties": {"unit_id": "A0081", "group_id": "5-r-pivot-cebada", "crop_sequence": "Cebada", "crop_sequence_en": "Barley", "system_class": "pivot", "system_es": "Pivote central", "system_en": "Centre pivot", "pivot_id": "P04", "analysis_area_ha": 2.4444969717024314}, "geometry": {"type": "Polygon", "coordinates": [[[-0.04699441126111745, 41.48496599695093], [-0.047599414400759064, 41.48510507073883], [-0.04786349008603324, 41.485204540645434], [-0.04845447346371967, 41.48557667714048], [-0.048588221804329354, 41.485684820626695], [-0.048640619362477794, 41.48577692592135], [-0.048581898397103786, 41.485988590673685], [-0.048465432626219496, 41.486122613538505], [-0.04814907277135238, 41.48628973973601], [-0.04805864274028614, 41.48629717980742], [-0.047572938683332906, 41.486293671378895], [-0.04709747849582314, 41.486218976756916], [-0.04675863311194757, 41.48611786643444], [-0.046393375311978895, 41.48595423250565], [-0.046070700488398716, 41.48574605108376], [-0.04581008521149511, 41.48551004351663], [-0.04604371230084382, 41.485181706215], [-0.04634472470137551, 41.4849845256409], [-0.046672679480975456, 41.4849484046265], [-0.04699441126111745, 41.48496599695093]]]}}, {"id": "81", "type": "Feature", "properties": {"unit_id": "A0082", "group_id": "5-r-pivot-cebada", "crop_sequence": "Cebada", "crop_sequence_en": "Barley", "system_class": "pivot", "system_es": "Pivote central", "system_en": "Centre pivot", "pivot_id": "P06", "analysis_area_ha": 11.260132169883466}, "geometry": {"type": "Polygon", "coordinates": [[[-0.050466840935053714, 41.47928255913934], [-0.050761966957317446, 41.48056181888324], [-0.050599307186375155, 41.48120158435378], [-0.04979448495131183, 41.48205189263014], [-0.04877063989079068, 41.48244781153914], [-0.04836843749025421, 41.482410788849435], [-0.04797110555137929, 41.48232102294503], [-0.04760003263975507, 41.482181495545156], [-0.04726614546345568, 41.48199631531574], [-0.046942644092599496, 41.481735830068196], [-0.04669293849453519, 41.481432889255146], [-0.04652662398819476, 41.48109913520161], [-0.04645009077069324, 41.48074739421869], [-0.04646627852545805, 41.4803911836469], [-0.04657456367152419, 41.48004419237088], [-0.046770783554874094, 41.47971975477796], [-0.0470473966178012, 41.47943033836833], [-0.047393772358577765, 41.479187064706665], [-0.04779659991987507, 41.47899928210853], [-0.048240399592245964, 41.47887420647466], [-0.04870811757828494, 41.478816644061325], [-0.04918178118329289, 41.478828806828304], [-0.049643189275013704, 41.478910227454726], [-0.050125588221294384, 41.479080614741065], [-0.050466840935053714, 41.47928255913934]]]}}, {"id": "82", "type": "Feature", "properties": {"unit_id": "A0083", "group_id": "5-s-dryland-cebada", "crop_sequence": "Cebada", "crop_sequence_en": "Barley", "system_class": "dryland", "system_es": "Secano", "system_en": "Dryland", "pivot_id": null, "analysis_area_ha": 9.795408670028307}, "geometry": {"type": "Polygon", "coordinates": [[[-0.045020494195134604, 41.46195610735298], [-0.04486480156039807, 41.4661903476478], [-0.04424296838568374, 41.46618197852973], [-0.044313029875519216, 41.46608607481205], [-0.04427596105097328, 41.4660313357538], [-0.044212675214267, 41.46600816917343], [-0.04401818009579131, 41.466045220242904], [-0.04313981891756881, 41.466045757228926], [-0.042714236225551275, 41.46586127040546], [-0.042283496954797065, 41.46554991231587], [-0.04234585829444326, 41.46385789087796], [-0.042591682357257854, 41.46390060861763], [-0.04296743106871815, 41.46390189154744], [-0.04315503943179918, 41.46442934774251], [-0.04333615082516813, 41.46464283625658], [-0.04340197024355581, 41.464678257819365], [-0.043701350784104094, 41.464696069227585], [-0.04377371977139778, 41.46466890802011], [-0.04380605566300361, 41.46461656224472], [-0.04436299520988257, 41.46461821246878], [-0.044437375716663015, 41.46452634247157], [-0.04432716662127048, 41.46442560161071], [-0.04412445535612104, 41.464375199911686], [-0.0437831497063371, 41.46439989086624], [-0.04409911835048126, 41.46436603562575], [-0.04443728287458816, 41.46441339044894], [-0.044517071622614014, 41.464379083460315], [-0.044540982429158056, 41.46431233344343], [-0.04447487561614316, 41.46424321490604], [-0.044094331757999976, 41.46415120559184], [-0.043560909637143846, 41.46421029061717], [-0.043417872899793084, 41.464183098665906], [-0.04328730755979808, 41.4638588019546], [-0.04317576409899378, 41.46372767286646], [-0.043111567695903456, 41.463705779223766], [-0.04262861539152307, 41.46369550525404], [-0.042579263091315545, 41.463561882790266], [-0.04236197509863227, 41.463417707999625], [-0.0424414441956846, 41.46125931756077], [-0.045020494195134604, 41.46195610735298]]]}}, {"id": "83", "type": "Feature", "properties": {"unit_id": "A0084", "group_id": "5-s-dryland-cebada", "crop_sequence": "Cebada", "crop_sequence_en": "Barley", "system_class": "dryland", "system_es": "Secano", "system_en": "Dryland", "pivot_id": null, "analysis_area_ha": 7.267471295890506}, "geometry": {"type": "Polygon", "coordinates": [[[-0.03657270603016308, 41.45798119740949], [-0.03654729086888152, 41.45804043580225], [-0.03572057522697717, 41.45882656377419], [-0.03569464753217444, 41.45888203722998], [-0.033279819772610415, 41.4610142861875], [-0.03305280726872698, 41.460554603001825], [-0.033130901002071875, 41.46013058577044], [-0.033077074113840366, 41.460054758246415], [-0.032642366671437634, 41.46005847892352], [-0.032010066300695764, 41.4598880674651], [-0.03175681525747912, 41.45989668868549], [-0.03149499748004086, 41.460025634629496], [-0.031395233887780975, 41.46004493429496], [-0.034453408906429644, 41.45734482793145], [-0.035556621746581356, 41.45744796366859], [-0.03630557127715806, 41.457812795675245], [-0.03657270603016308, 41.45798119740949]]]}}, {"id": "84", "type": "Feature", "properties": {"unit_id": "A0085", "group_id": "5-s-dryland-cebada", "crop_sequence": "Cebada", "crop_sequence_en": "Barley", "system_class": "dryland", "system_es": "Secano", "system_en": "Dryland", "pivot_id": null, "analysis_area_ha": 1.4917084230586308}, "geometry": {"type": "Polygon", "coordinates": [[[-0.028404664568383316, 41.457527362127415], [-0.02778358544598765, 41.45730919111996], [-0.02990295762778566, 41.45543800728555], [-0.030663763178169764, 41.455438007970564], [-0.028404664568383316, 41.457527362127415]]]}}, {"id": "85", "type": "Feature", "properties": {"unit_id": "A0086", "group_id": "5-s-dryland-cebada", "crop_sequence": "Cebada", "crop_sequence_en": "Barley", "system_class": "dryland", "system_es": "Secano", "system_en": "Dryland", "pivot_id": null, "analysis_area_ha": 1.5880555628330126}, "geometry": {"type": "Polygon", "coordinates": [[[-0.03144179094535817, 41.45555614333488], [-0.03123789456943036, 41.45575214774099], [-0.03126116211762724, 41.45581878665683], [-0.03138360032096584, 41.455902666529695], [-0.029494138786383087, 41.457570904030085], [-0.029420151929194005, 41.45747750779119], [-0.029431623515641717, 41.45738293543147], [-0.029512142425743917, 41.45729580856742], [-0.02948280735523678, 41.45722127538722], [-0.029347909858059375, 41.45718069652628], [-0.029133825341702103, 41.45725744968141], [-0.029080913973957765, 41.45735425944355], [-0.029090712434989636, 41.457467808269215], [-0.029214489697352134, 41.457672709828486], [-0.029297695179089277, 41.45774434727588], [-0.029129244309333797, 41.45789307423863], [-0.028612142578935375, 41.45762075136702], [-0.0309913239012538, 41.455438007167594], [-0.03125750194621031, 41.45543800716606], [-0.03144179094535817, 41.45555614333488]]]}}, {"id": "86", "type": "Feature", "properties": {"unit_id": "A0087", "group_id": "5-s-dryland-cebada", "crop_sequence": "Cebada", "crop_sequence_en": "Barley", "system_class": "dryland", "system_es": "Secano", "system_en": "Dryland", "pivot_id": null, "analysis_area_ha": 2.5652916460983435}, "geometry": {"type": "Polygon", "coordinates": [[[-0.027555772657767097, 41.45723276571442], [-0.02708281799658116, 41.457103435022255], [-0.026406093005241837, 41.45666979188899], [-0.02780128316449914, 41.4554380074377], [-0.029588592135057334, 41.45543800910605], [-0.027555772657767097, 41.45723276571442]]]}}, {"id": "87", "type": "Feature", "properties": {"unit_id": "A0088", "group_id": "5-s-dryland-cebada", "crop_sequence": "Cebada", "crop_sequence_en": "Barley", "system_class": "dryland", "system_es": "Secano", "system_en": "Dryland", "pivot_id": null, "analysis_area_ha": 20.78555998371418}, "geometry": {"type": "Polygon", "coordinates": [[[-0.07156162530354422, 41.465633873042854], [-0.07138287099313019, 41.46564599428389], [-0.0707952429432525, 41.465501450652916], [-0.07070427644069298, 41.46551986055834], [-0.07065321123606305, 41.465567468248544], [-0.0706678275619062, 41.4656579768917], [-0.07075841606486682, 41.46570869278616], [-0.07134923614051031, 41.46586513084585], [-0.07150635139524492, 41.46587590665346], [-0.07146931456115449, 41.46603808589606], [-0.07136184748009894, 41.466073324936055], [-0.07083881414118626, 41.46603308186268], [-0.06965636702240574, 41.46586297703286], [-0.06901453951831948, 41.465824602880254], [-0.06789398084403557, 41.46567443917132], [-0.06762807800807058, 41.465687722291634], [-0.06754457179165163, 41.46575626818224], [-0.06756522965216781, 41.465837119277516], [-0.0676379374382226, 41.46587564272849], [-0.06900177052590882, 41.46604509374718], [-0.06965467007079204, 41.46607758268868], [-0.07140752186197685, 41.46630867290735], [-0.07132245413268219, 41.466681176738305], [-0.06104250156997575, 41.465795921197056], [-0.061128820656746435, 41.46344412578506], [-0.06121418823021928, 41.46333714214344], [-0.061241803831921016, 41.46302856981334], [-0.061292815821013626, 41.46290448258773], [-0.06187856473672101, 41.46224971067073], [-0.06406197377102944, 41.462477057934436], [-0.06426785646429645, 41.46282961886668], [-0.06471324526355493, 41.463257856667575], [-0.06482060314277653, 41.46364263705795], [-0.06512272328117656, 41.46415301572461], [-0.06496030752940136, 41.464257217057195], [-0.06480222631409009, 41.46452433494496], [-0.0648839700243182, 41.46469705661961], [-0.0650298973819354, 41.464825569424995], [-0.06548583465959575, 41.46496895467528], [-0.06600742093510557, 41.4650376545725], [-0.06632318168904927, 41.465023669899125], [-0.06644048746773602, 41.46506257464451], [-0.06661931842481782, 41.46507447111224], [-0.06697898399299261, 41.465034941775855], [-0.06787644575841888, 41.46525398857146], [-0.06803544182488391, 41.46526210579517], [-0.06813192608708775, 41.46522343126396], [-0.06898645607691768, 41.46533056193853], [-0.0693240914930199, 41.46530605664153], [-0.07018783202201878, 41.465029723926385], [-0.07073838873853536, 41.46467927937851], [-0.07104324307351748, 41.46435313667135], [-0.0710777316166463, 41.46420688441516], [-0.07102256744334368, 41.46399676693391], [-0.07074606249507688, 41.463601275574824], [-0.07038657155244686, 41.46332143122381], [-0.06982015660783125, 41.46310957458614], [-0.06982722384894904, 41.46307691510777], [-0.07169511813964526, 41.46327126033143], [-0.07188265522835888, 41.464228126528056], [-0.07156162530354422, 41.465633873042854]]]}}, {"id": "88", "type": "Feature", "properties": {"unit_id": "A0089", "group_id": "5-s-dryland-cebada", "crop_sequence": "Cebada", "crop_sequence_en": "Barley", "system_class": "dryland", "system_es": "Secano", "system_en": "Dryland", "pivot_id": null, "analysis_area_ha": 13.574393637462176}, "geometry": {"type": "Polygon", "coordinates": [[[-0.07096308283600034, 41.468254809227645], [-0.06262985798045866, 41.46753622166716], [-0.06223783487984446, 41.46756027101925], [-0.06097016751300061, 41.46776661759067], [-0.06103587060255112, 41.465976540594916], [-0.07128187440442836, 41.46685887349384], [-0.07096308283600034, 41.468254809227645]]]}}, {"id": "89", "type": "Feature", "properties": {"unit_id": "A0090", "group_id": "5-s-dryland-cebada", "crop_sequence": "Cebada", "crop_sequence_en": "Barley", "system_class": "dryland", "system_es": "Secano", "system_en": "Dryland", "pivot_id": null, "analysis_area_ha": 0.7887169357607576}, "geometry": {"type": "Polygon", "coordinates": [[[-0.06075466454235966, 41.463853190903876], [-0.059506437290292084, 41.46382542382129], [-0.05953598814184293, 41.46306800381425], [-0.059797949806428, 41.463087073675496], [-0.06077630383035952, 41.46326199126572], [-0.06075466454235966, 41.463853190903876]]]}}, {"id": "90", "type": "Feature", "properties": {"unit_id": "A0091", "group_id": "5-s-dryland-cebada", "crop_sequence": "Cebada", "crop_sequence_en": "Barley", "system_class": "dryland", "system_es": "Secano", "system_en": "Dryland", "pivot_id": null, "analysis_area_ha": 4.776868788098899}, "geometry": {"type": "Polygon", "coordinates": [[[-0.06074800561387335, 41.46403313814592], [-0.06060887470523102, 41.46782660164175], [-0.05927818752605863, 41.46804756129999], [-0.059406807296562086, 41.46454464887802], [-0.05948066514431084, 41.464472749224136], [-0.05949942711608425, 41.46400536313613], [-0.06074800561387335, 41.46403313814592]]]}}, {"id": "91", "type": "Feature", "properties": {"unit_id": "A0092", "group_id": "5-s-dryland-cebada", "crop_sequence": "Cebada", "crop_sequence_en": "Barley", "system_class": "dryland", "system_es": "Secano", "system_en": "Dryland", "pivot_id": null, "analysis_area_ha": 4.601481667593124}, "geometry": {"type": "Polygon", "coordinates": [[[-0.056075953398937686, 41.46440917085449], [-0.05592176828549255, 41.468603619304815], [-0.05538089538718192, 41.468648372199745], [-0.05475091499503411, 41.468598508231004], [-0.05490598359545574, 41.46438481134905], [-0.056075953398937686, 41.46440917085449]]]}}, {"id": "92", "type": "Feature", "properties": {"unit_id": "A0093", "group_id": "5-s-dryland-cebada", "crop_sequence": "Cebada", "crop_sequence_en": "Barley", "system_class": "dryland", "system_es": "Secano", "system_en": "Dryland", "pivot_id": null, "analysis_area_ha": 14.032112416457135}, "geometry": {"type": "Polygon", "coordinates": [[[-0.05916563794910335, 41.463039957309334], [-0.05912222211207358, 41.464292429817455], [-0.05491261980191628, 41.46420486444462], [-0.05498054001798767, 41.46234484748955], [-0.054537356117772176, 41.461670153639524], [-0.05450901576988752, 41.46133305756533], [-0.05443461222523672, 41.461279747741244], [-0.053945155580823426, 41.46121396469929], [-0.0536587753661195, 41.46107614105194], [-0.053533504175167564, 41.460978274756094], [-0.05331147401385704, 41.460886836724825], [-0.053493437041785025, 41.46050136051407], [-0.0534812159612942, 41.46043466033663], [-0.052625420329883814, 41.46000892195702], [-0.05646390124785124, 41.46041302370522], [-0.05742551367432257, 41.461193647349326], [-0.05771715582982198, 41.46136178924782], [-0.05801769574881017, 41.46159094146564], [-0.058232980902153876, 41.46180848991804], [-0.05837127071612387, 41.46188931265814], [-0.058445137921398854, 41.46198393055006], [-0.058613486449128005, 41.46236721932873], [-0.058827640363750024, 41.46267774598149], [-0.058809056574168316, 41.46282804335254], [-0.058842493288447886, 41.46290682895147], [-0.05894719720022461, 41.46299183710103], [-0.05916563794910335, 41.463039957309334]]]}}, {"id": "93", "type": "Feature", "properties": {"unit_id": "A0094", "group_id": "5-s-dryland-cebada", "crop_sequence": "Cebada", "crop_sequence_en": "Barley", "system_class": "dryland", "system_es": "Secano", "system_en": "Dryland", "pivot_id": null, "analysis_area_ha": 1.978335833394362}, "geometry": {"type": "Polygon", "coordinates": [[[-0.05464898643886209, 41.46486238630449], [-0.054512309302474325, 41.46857623297984], [-0.05394282027807955, 41.46852164172323], [-0.054066567966568, 41.46485122919957], [-0.05464898643886209, 41.46486238630449]]]}}, {"id": "94", "type": "Feature", "properties": {"unit_id": "A0095", "group_id": "5-s-dryland-cebada", "crop_sequence": "Cebada", "crop_sequence_en": "Barley", "system_class": "dryland", "system_es": "Secano", "system_en": "Dryland", "pivot_id": null, "analysis_area_ha": 2.2221334074566705}, "geometry": {"type": "Polygon", "coordinates": [[[-0.05376562005478571, 41.466676904355616], [-0.053704181551929776, 41.46849875832236], [-0.052356404309173724, 41.468369478674816], [-0.05241437893286051, 41.466651125679256], [-0.05376562005478571, 41.466676904355616]]]}}, {"id": "95", "type": "Feature", "properties": {"unit_id": "A0096", "group_id": "5-s-dryland-cebada", "crop_sequence": "Cebada", "crop_sequence_en": "Barley", "system_class": "dryland", "system_es": "Secano", "system_en": "Dryland", "pivot_id": null, "analysis_area_ha": 8.58054408100286}, "geometry": {"type": "Polygon", "coordinates": [[[-0.05473808043732427, 41.46244132562961], [-0.05465689807629737, 41.46464644539615], [-0.05107348693746018, 41.464578055453224], [-0.051169983790713094, 41.46171975337392], [-0.051543085953177886, 41.46158313285887], [-0.05184799556311483, 41.461533381134245], [-0.05250151634925836, 41.46183272869989], [-0.053229125887723924, 41.46223687123921], [-0.054187391605991855, 41.46243644052271], [-0.05473808043732427, 41.46244132562961]]]}}, {"id": "96", "type": "Feature", "properties": {"unit_id": "A0097", "group_id": "5-s-dryland-cebada", "crop_sequence": "Cebada", "crop_sequence_en": "Barley", "system_class": "dryland", "system_es": "Secano", "system_en": "Dryland", "pivot_id": null, "analysis_area_ha": 12.673657850619668}, "geometry": {"type": "Polygon", "coordinates": [[[-0.05083424530993664, 41.46457348992425], [-0.045384939735926895, 41.464469267045274], [-0.045549364751795905, 41.461422393596536], [-0.045722987650925744, 41.461198856072585], [-0.04577951699419841, 41.46105911412894], [-0.04641106398273587, 41.46146932099854], [-0.046911779513067076, 41.46162008745433], [-0.04736882878981664, 41.46188178884425], [-0.04760732692952173, 41.46209418226822], [-0.04879864899003737, 41.46251362367955], [-0.04926929786325519, 41.462514864132736], [-0.049844474069037734, 41.46238410791717], [-0.050242334243581425, 41.462230441082724], [-0.0503315193034078, 41.462168710434234], [-0.050514174556071566, 41.46212840373045], [-0.0509265102144518, 41.461840842647796], [-0.05083424530993664, 41.46457348992425]]]}}, {"id": "97", "type": "Feature", "properties": {"unit_id": "A0098", "group_id": "5-s-dryland-cebada", "crop_sequence": "Cebada", "crop_sequence_en": "Barley", "system_class": "dryland", "system_es": "Secano", "system_en": "Dryland", "pivot_id": null, "analysis_area_ha": 5.1777426865803715}, "geometry": {"type": "Polygon", "coordinates": [[[-0.044539448689695275, 41.458823511292174], [-0.043898340436802075, 41.45843345515454], [-0.04362698365072676, 41.45797917383263], [-0.04341467490812689, 41.457789912970235], [-0.042996141895978945, 41.45546753538006], [-0.043331895303872194, 41.45543800824974], [-0.04539147094640491, 41.45543800902071], [-0.04481319832728481, 41.45856053478199], [-0.044556191426207516, 41.45864783238121], [-0.044539448689695275, 41.458823511292174]]]}}, {"id": "98", "type": "Feature", "properties": {"unit_id": "A0099", "group_id": "5-s-dryland-cebada", "crop_sequence": "Cebada", "crop_sequence_en": "Barley", "system_class": "dryland", "system_es": "Secano", "system_en": "Dryland", "pivot_id": null, "analysis_area_ha": 15.069160618291024}, "geometry": {"type": "Polygon", "coordinates": [[[-0.050213098399158905, 41.4554380107807], [-0.04966044162441413, 41.458372832093126], [-0.04952645279563947, 41.45841117727532], [-0.049161149628541366, 41.45896577814053], [-0.04921020174688724, 41.45910582028242], [-0.04928255966749936, 41.459131800100316], [-0.049360476563891226, 41.45911757999497], [-0.04958820732424924, 41.458756473200744], [-0.04947534405057205, 41.45935590309467], [-0.04601888342633103, 41.45898745187786], [-0.04594560649374882, 41.45890142295911], [-0.04542890426208638, 41.45852630093421], [-0.045305272618510965, 41.45848332188845], [-0.04506310722931139, 41.45851570227177], [-0.045633064953820614, 41.45543800990069], [-0.050213098399158905, 41.4554380107807]], [[-0.04690390787412009, 41.45828877195872], [-0.046971857965273596, 41.45824224174475], [-0.046975910770219904, 41.45817318575756], [-0.046911324347860314, 41.458070779682714], [-0.046791157017216506, 41.45805293037106], [-0.04662701903423631, 41.458193660007794], [-0.04661666461676727, 41.4582703664019], [-0.04672353574476156, 41.45833012958389], [-0.04690390787412009, 41.45828877195872]], [[-0.04894338693766716, 41.4573514787283], [-0.0489829134360863, 41.457414636181404], [-0.04908239918622711, 41.457436525608735], [-0.04922033524064427, 41.457384903090464], [-0.04925582735009207, 41.457303814115015], [-0.04917529819575401, 41.457212809149645], [-0.04907666660178317, 41.457192788433815], [-0.04895683984630587, 41.457254196542166], [-0.04894338693766716, 41.4573514787283]]]}}, {"id": "99", "type": "Feature", "properties": {"unit_id": "A0100", "group_id": "5-s-dryland-cebada", "crop_sequence": "Cebada", "crop_sequence_en": "Barley", "system_class": "dryland", "system_es": "Secano", "system_en": "Dryland", "pivot_id": null, "analysis_area_ha": 1.0196264060591749}, "geometry": {"type": "Polygon", "coordinates": [[[-0.05220086491616582, 41.45877647464381], [-0.05204026352646347, 41.45962904058703], [-0.05186961308028628, 41.45961087148347], [-0.051393316680477856, 41.45946076401734], [-0.050984944001770116, 41.459448655096736], [-0.05069606214340369, 41.45936255380772], [-0.05083391830016782, 41.458630810787966], [-0.05220086491616582, 41.45877647464381]]]}}, {"id": "100", "type": "Feature", "properties": {"unit_id": "A0101", "group_id": "5-s-dryland-cebada", "crop_sequence": "Cebada", "crop_sequence_en": "Barley", "system_class": "dryland", "system_es": "Secano", "system_en": "Dryland", "pivot_id": null, "analysis_area_ha": 1.6918946061909845}, "geometry": {"type": "Polygon", "coordinates": [[[-0.05253313477634733, 41.45701162149018], [-0.052388686841755475, 41.457778866206326], [-0.05006065890445771, 41.45753083213557], [-0.05020512780734769, 41.45676361366163], [-0.05253313477634733, 41.45701162149018]]]}}, {"id": "101", "type": "Feature", "properties": {"unit_id": "A0102", "group_id": "5-s-dryland-cebada", "crop_sequence": "Cebada", "crop_sequence_en": "Barley", "system_class": "dryland", "system_es": "Secano", "system_en": "Dryland", "pivot_id": null, "analysis_area_ha": 2.8034638339055564}, "geometry": {"type": "Polygon", "coordinates": [[[-0.05256668724716698, 41.456833383776946], [-0.050238692603197216, 41.4565853775235], [-0.05045477299293622, 41.45543800911833], [-0.0528293204571737, 41.45543800957683], [-0.05256668724716698, 41.456833383776946]]]}}, {"id": "102", "type": "Feature", "properties": {"unit_id": "A0103", "group_id": "5-s-dryland-cebada", "crop_sequence": "Cebada", "crop_sequence_en": "Barley", "system_class": "dryland", "system_es": "Secano", "system_en": "Dryland", "pivot_id": null, "analysis_area_ha": 0.636803533313472}, "geometry": {"type": "Polygon", "coordinates": [[[-0.053339401658564406, 41.45689002170151], [-0.05277208948110717, 41.45702609376557], [-0.053070992493427636, 41.45543800830491], [-0.05339909016312058, 41.45543800834547], [-0.053339401658564406, 41.45689002170151]]]}}, {"id": "103", "type": "Feature", "properties": {"unit_id": "A0104", "group_id": "5-s-dryland-cebada", "crop_sequence": "Cebada", "crop_sequence_en": "Barley", "system_class": "dryland", "system_es": "Secano", "system_en": "Dryland", "pivot_id": null, "analysis_area_ha": 3.689842687286163}, "geometry": {"type": "Polygon", "coordinates": [[[-0.05422187953172094, 41.45543800856917], [-0.053670150341614965, 41.458646507308394], [-0.05370873305750261, 41.45896440586133], [-0.05345084951227665, 41.45977813552973], [-0.05227720256794969, 41.459654269472054], [-0.05273754911989485, 41.457209560034116], [-0.05292303544539216, 41.45719542319553], [-0.05339727656275639, 41.45707710409586], [-0.05357204793097865, 41.45696082193984], [-0.053638414803813476, 41.45543800849529], [-0.05422187953172094, 41.45543800856917]]]}}, {"id": "104", "type": "Feature", "properties": {"unit_id": "A0105", "group_id": "5-s-dryland-cebada", "crop_sequence": "Cebada", "crop_sequence_en": "Barley", "system_class": "dryland", "system_es": "Secano", "system_en": "Dryland", "pivot_id": null, "analysis_area_ha": 1.247599441227031}, "geometry": {"type": "Polygon", "coordinates": [[[-0.05594100443072857, 41.46004026648188], [-0.05380137375958389, 41.459815034547276], [-0.053865643625552656, 41.459550474003855], [-0.054003244231419736, 41.459435635553355], [-0.05415712956104686, 41.458800508179415], [-0.054308996859285384, 41.458802670949694], [-0.05445354019490075, 41.458760133382796], [-0.05451304758724603, 41.45878602086293], [-0.0549578905869453, 41.459138158629436], [-0.05536968176154707, 41.45957726818471], [-0.05572158026162222, 41.45983358708703], [-0.05594100443072857, 41.46004026648188]]]}}, {"id": "105", "type": "Feature", "properties": {"unit_id": "A0106", "group_id": "5-s-dryland-cebada", "crop_sequence": "Cebada", "crop_sequence_en": "Barley", "system_class": "dryland", "system_es": "Secano", "system_en": "Dryland", "pivot_id": null, "analysis_area_ha": 12.971751065398642}, "geometry": {"type": "Polygon", "coordinates": [[[-0.06199214340870746, 41.45543801031284], [-0.061019074531248246, 41.4605694850973], [-0.05881084973667615, 41.46033954333929], [-0.058649000690297375, 41.45972246025381], [-0.05866984058655695, 41.45927566833913], [-0.058637648033811246, 41.45909848802662], [-0.05843764226695231, 41.458900235036566], [-0.05907801661549274, 41.455438009758154], [-0.06199214340870746, 41.45543801031284]]]}}, {"id": "106", "type": "Feature", "properties": {"unit_id": "A0107", "group_id": "5-s-dryland-cebada", "crop_sequence": "Cebada", "crop_sequence_en": "Barley", "system_class": "dryland", "system_es": "Secano", "system_en": "Dryland", "pivot_id": null, "analysis_area_ha": 2.8711162597737885}, "geometry": {"type": "Polygon", "coordinates": [[[-0.06542189805127979, 41.456521101743995], [-0.062096541925820245, 41.456179914698765], [-0.06223373413578336, 41.45543801011654], [-0.06562209467252896, 41.455438010761135], [-0.06542189805127979, 41.456521101743995]]]}}, {"id": "107", "type": "Feature", "properties": {"unit_id": "A0108", "group_id": "5-s-dryland-cebada", "crop_sequence": "Cebada", "crop_sequence_en": "Barley", "system_class": "dryland", "system_es": "Secano", "system_en": "Dryland", "pivot_id": null, "analysis_area_ha": 6.538427116362802}, "geometry": {"type": "Polygon", "coordinates": [[[-0.0646044893125405, 41.460942711425155], [-0.061327259609832756, 41.46060157236633], [-0.06171726735285763, 41.45849259226961], [-0.06499399154089983, 41.45883539717084], [-0.0646044893125405, 41.460942711425155]]]}}, {"id": "108", "type": "Feature", "properties": {"unit_id": "A0109", "group_id": "5-s-dryland-cebada", "crop_sequence": "Cebada", "crop_sequence_en": "Barley", "system_class": "dryland", "system_es": "Secano", "system_en": "Dryland", "pivot_id": null, "analysis_area_ha": 13.792406090671848}, "geometry": {"type": "Polygon", "coordinates": [[[-0.07308192672344874, 41.45543801231244], [-0.07841535595875132, 41.45543801210085], [-0.07841535138834116, 41.457908734218854], [-0.07377052550909309, 41.458856230911465], [-0.07308192672344874, 41.45543801231244]]]}}, {"id": "109", "type": "Feature", "properties": {"unit_id": "A0110", "group_id": "5-s-dryland-cebada", "crop_sequence": "Cebada", "crop_sequence_en": "Barley", "system_class": "dryland", "system_es": "Secano", "system_en": "Dryland", "pivot_id": null, "analysis_area_ha": 1.160369324065176}, "geometry": {"type": "MultiPolygon", "coordinates": [[[[-0.052355120474150176, 41.457957102464725], [-0.052234352633779714, 41.45859823001176], [-0.05022566891270356, 41.4583841994999], [-0.05014309110677789, 41.4582885591503], [-0.049993092122773954, 41.45827514465293], [-0.050052125018400534, 41.45796154847483], [-0.05016134101904567, 41.457984343181664], [-0.05044238282143472, 41.45793444942648], [-0.05126023256593022, 41.45795456986908], [-0.051339332356283275, 41.45792076753157], [-0.05136321275775546, 41.45785146068549], [-0.052355120474150176, 41.457957102464725]]], [[[-0.05032419156254888, 41.45774074253217], [-0.05021575530386949, 41.45774896052131], [-0.050086428608896484, 41.45777931836443], [-0.050098225110016846, 41.457716651828164], [-0.05032419156254888, 41.45774074253217]]]]}}, {"id": "110", "type": "Feature", "properties": {"unit_id": "A0111", "group_id": "5-s-dryland-cebada", "crop_sequence": "Cebada", "crop_sequence_en": "Barley", "system_class": "dryland", "system_es": "Secano", "system_en": "Dryland", "pivot_id": null, "analysis_area_ha": 14.209591340468323}, "geometry": {"type": "Polygon", "coordinates": [[[-0.07841534328413, 41.46237837924784], [-0.07432851815337282, 41.461952621358336], [-0.07426544680324121, 41.461302686100275], [-0.0743942168152167, 41.461133022036485], [-0.07448177002479972, 41.46087703923727], [-0.0745085955668851, 41.46064135703314], [-0.07444629561818968, 41.4605714261219], [-0.07415338436600687, 41.46049492658699], [-0.0739436617799662, 41.4590074319649], [-0.07841535119563652, 41.458095255151214], [-0.07841534328413, 41.46237837924784]]]}}, {"id": "111", "type": "Feature", "properties": {"unit_id": "A0112", "group_id": "5-s-dryland-cebada", "crop_sequence": "Cebada", "crop_sequence_en": "Barley", "system_class": "dryland", "system_es": "Secano", "system_en": "Dryland", "pivot_id": null, "analysis_area_ha": 0.6555293812583441}, "geometry": {"type": "MultiPolygon", "coordinates": [[[[-0.03047299223346415, 41.482553202666296], [-0.03021348936631026, 41.48278653499816], [-0.029863272587219655, 41.482574016409366], [-0.029321175695522065, 41.482328282890485], [-0.029382639983124466, 41.48223583629343], [-0.0295209495499301, 41.48227204433865], [-0.02961606519589376, 41.482191868259385], [-0.029527180911117987, 41.48196826982262], [-0.029399308848132518, 41.48178364006134], [-0.02967213169136681, 41.48166987105856], [-0.03047299223346415, 41.482553202666296]]], [[[-0.029265435974768085, 41.481595121294944], [-0.029236484301063157, 41.48155838264271], [-0.029525557754415944, 41.48147022165763], [-0.029530332358013826, 41.48147672516025], [-0.029265435974768085, 41.481595121294944]]], [[[-0.02909422723313486, 41.48137786276125], [-0.029079469097154448, 41.481359135071756], [-0.029387172247410137, 41.481281726349096], [-0.029246560285383767, 41.48133068230236], [-0.02909422723313486, 41.48137786276125]]], [[[-0.028943353174395958, 41.48118640694181], [-0.028645348844911718, 41.480806441392325], [-0.02895955236098234, 41.480721554705156], [-0.0292411977198619, 41.481082893305704], [-0.028943353174395958, 41.48118640694181]]]]}}, {"id": "112", "type": "Feature", "properties": {"unit_id": "A0113", "group_id": "5-s-dryland-cebada", "crop_sequence": "Cebada", "crop_sequence_en": "Barley", "system_class": "dryland", "system_es": "Secano", "system_en": "Dryland", "pivot_id": null, "analysis_area_ha": 7.961839135961159}, "geometry": {"type": "MultiPolygon", "coordinates": [[[[-0.03508188931070931, 41.48077349081981], [-0.034810062456615845, 41.48072955409357], [-0.03465718898220094, 41.48073571211253], [-0.034376094999530406, 41.48085015333472], [-0.033905514762947384, 41.48111492952159], [-0.03387248572602047, 41.48102641827262], [-0.03369802606116313, 41.480856952863945], [-0.03340366032006128, 41.48074845065185], [-0.03302709586834805, 41.480462636248006], [-0.03278780100522942, 41.480389474627344], [-0.03282973709485025, 41.480225374834625], [-0.032770141883179955, 41.47998407489817], [-0.032471903690013085, 41.47962605480966], [-0.03223083697330188, 41.47951648216982], [-0.03289122687174666, 41.47874733530586], [-0.03321994714793076, 41.47894287146182], [-0.033392984273409525, 41.47896955292389], [-0.03381304743588197, 41.478831719713305], [-0.03387191424544619, 41.47878900007107], [-0.033877097946593104, 41.47871923872678], [-0.03379177140008027, 41.478609873971635], [-0.03325575181211077, 41.47817100618191], [-0.033378288853713835, 41.477928844966264], [-0.033524975497837256, 41.47782186162717], [-0.0336597867203638, 41.477667764208576], [-0.03381599490503531, 41.47741060131548], [-0.03407624281977473, 41.477184008016444], [-0.03418954244002549, 41.47699392194384], [-0.034270273310241066, 41.476710256900766], [-0.03445867996871047, 41.47705675971464], [-0.03462682581978691, 41.47788787974476], [-0.035149812816424035, 41.47891275095586], [-0.03531310986406536, 41.47955981956662], [-0.03532479773816746, 41.479918437662576], [-0.03511800581769454, 41.48046064987339], [-0.03508188931070931, 41.48077349081981]]], [[[-0.03366957707381868, 41.48120648322429], [-0.03338258029163899, 41.48128694754334], [-0.033031278791609636, 41.481328131733186], [-0.03251068929237186, 41.481239427870946], [-0.03220077765531247, 41.48128753952811], [-0.031738258829415784, 41.481416602464435], [-0.031621858167937916, 41.48141015322937], [-0.03144769204653859, 41.4813615607922], [-0.030890090662106677, 41.48107520405414], [-0.03052988201072738, 41.48095767688109], [-0.03036431942366224, 41.481027916350314], [-0.03028176367726234, 41.48110385903231], [-0.030005739223070736, 41.48146525577973], [-0.029586212634766226, 41.480940107403484], [-0.03035838361101407, 41.48079758623042], [-0.03080314262654767, 41.48094145610183], [-0.03237433808199083, 41.48052115000814], [-0.03232977184663364, 41.480643683276476], [-0.032397817568530995, 41.48073991594991], [-0.03252888826963834, 41.48074865386138], [-0.032769325030314926, 41.48066762831951], [-0.033405556163712935, 41.48102011713581], [-0.03366957707381868, 41.48120648322429]]]]}}, {"id": "113", "type": "Feature", "properties": {"unit_id": "A0114", "group_id": "5-s-dryland-cebada", "crop_sequence": "Cebada", "crop_sequence_en": "Barley", "system_class": "dryland", "system_es": "Secano", "system_en": "Dryland", "pivot_id": null, "analysis_area_ha": 0.6476771533918763}, "geometry": {"type": "MultiPolygon", "coordinates": [[[[-0.032300508342876726, 41.48034982946539], [-0.030787956824395724, 41.480756026415015], [-0.03040791196297359, 41.48061590151397], [-0.030828019158943443, 41.48045061809901], [-0.03110018880261452, 41.480280111549845], [-0.031494640117028114, 41.48013461978393], [-0.03189545416060031, 41.48007473844486], [-0.03215294661200419, 41.4802079685223], [-0.032300508342876726, 41.48034982946539]]], [[[-0.030033694769357838, 41.48067215928336], [-0.029525648200789272, 41.480765929831506], [-0.02942859134170603, 41.480627259813865], [-0.029543155845404737, 41.480472180141064], [-0.029660875721712606, 41.480405103755565], [-0.030033694769357838, 41.48067215928336]]]]}}, {"id": "114", "type": "Feature", "properties": {"unit_id": "A0115", "group_id": "5-s-dryland-cebada", "crop_sequence": "Cebada", "crop_sequence_en": "Barley", "system_class": "dryland", "system_es": "Secano", "system_en": "Dryland", "pivot_id": null, "analysis_area_ha": 1.238883027522453}, "geometry": {"type": "Polygon", "coordinates": [[[-0.027938336794670077, 41.4791089828089], [-0.026450353066474173, 41.479321281805795], [-0.02615797098003224, 41.47886914283098], [-0.026332960860223843, 41.47848372687735], [-0.027725693069880094, 41.478269424507644], [-0.027938336794670077, 41.4791089828089]]]}}, {"id": "115", "type": "Feature", "properties": {"unit_id": "A0116", "group_id": "5-s-dryland-cebada", "crop_sequence": "Cebada", "crop_sequence_en": "Barley", "system_class": "dryland", "system_es": "Secano", "system_en": "Dryland", "pivot_id": null, "analysis_area_ha": 0.5402970964040269}, "geometry": {"type": "MultiPolygon", "coordinates": [[[[-0.04595096261654272, 41.47405193948677], [-0.04590161437260751, 41.474044445521805], [-0.04612829561449822, 41.47384647827416], [-0.046148523881584566, 41.47387975045833], [-0.04598223141243764, 41.47399625031944], [-0.04595096261654272, 41.47405193948677]]], [[[-0.04572747179491872, 41.47399911450435], [-0.045508593137669334, 41.473913423836684], [-0.0452657000694437, 41.47373508966997], [-0.045101273710154904, 41.473506771175586], [-0.04538601952550029, 41.473345280169426], [-0.04593165534075165, 41.47371790591169], [-0.045733990982986306, 41.47391839127426], [-0.04572747179491872, 41.47399911450435]]], [[[-0.04504552986984274, 41.47379736786571], [-0.044572001355500046, 41.47364959377603], [-0.04408802353350164, 41.47354076470589], [-0.04404166572291588, 41.47332903539224], [-0.04409603176682765, 41.47314796162637], [-0.04423321900360947, 41.473150372112656], [-0.044396655105145205, 41.4732207845062], [-0.04485565192046175, 41.473594029943555], [-0.04504552986984274, 41.47379736786571]]], [[[-0.04495089253072775, 41.4733592343158], [-0.04482612037175809, 41.473257623437036], [-0.04507427265912251, 41.47313027149553], [-0.04517585088805001, 41.47320467401907], [-0.04495089253072775, 41.4733592343158]]]]}}, {"id": "116", "type": "Feature", "properties": {"unit_id": "A0117", "group_id": "5-s-dryland-cebada", "crop_sequence": "Cebada", "crop_sequence_en": "Barley", "system_class": "dryland", "system_es": "Secano", "system_en": "Dryland", "pivot_id": null, "analysis_area_ha": 2.5090863652866227}, "geometry": {"type": "MultiPolygon", "coordinates": [[[[-0.049439002749804915, 41.474253746790346], [-0.04877560031047564, 41.47413890222507], [-0.04839503336546367, 41.474170719578126], [-0.04751628095034304, 41.47413590690573], [-0.04662564839932788, 41.474172122039896], [-0.04661406828224345, 41.47389468621402], [-0.0465057768964733, 41.47373653795891], [-0.04516978157551089, 41.47280266758018], [-0.045357567566310354, 41.47288596956841], [-0.04565488337893952, 41.4729187142653], [-0.045963641169072755, 41.47290807912282], [-0.0461367137240462, 41.47282388818817], [-0.046459969778993325, 41.47284829152789], [-0.04685590491098678, 41.47289309272329], [-0.047320233848078985, 41.47300647541907], [-0.047378376536493745, 41.47306404418449], [-0.047383943074874764, 41.47317708746719], [-0.04746444888418835, 41.47330768388036], [-0.04763859177733806, 41.47344543712885], [-0.047761431453647744, 41.473613777657825], [-0.04792797854417262, 41.4736843540822], [-0.04818417258570407, 41.473607017498566], [-0.04843529919290139, 41.47358750904297], [-0.048551766824536595, 41.4735418315565], [-0.04871959033171674, 41.47356118413779], [-0.04914630564511345, 41.473818112149296], [-0.04947264686518084, 41.47417346618458], [-0.049439002749804915, 41.474253746790346]]], [[[-0.045114774509051506, 41.4724871448249], [-0.04511750622529592, 41.4724149797377], [-0.045245244011217926, 41.47240985706638], [-0.045761624867023655, 41.472474201662806], [-0.04563863932232055, 41.47255371844205], [-0.045114774509051506, 41.4724871448249]]]]}}, {"id": "117", "type": "Feature", "properties": {"unit_id": "A0118", "group_id": "5-s-dryland-cebada", "crop_sequence": "Cebada", "crop_sequence_en": "Barley", "system_class": "dryland", "system_es": "Secano", "system_en": "Dryland", "pivot_id": null, "analysis_area_ha": 1.595566594877543}, "geometry": {"type": "Polygon", "coordinates": [[[-0.05354952736874719, 41.47401246778834], [-0.05347510565760175, 41.474076570467815], [-0.05321762884743625, 41.474068951533276], [-0.052718777279090065, 41.47411074428851], [-0.052530700491496406, 41.47410427656808], [-0.052415446589847474, 41.474070042961394], [-0.051969797109573335, 41.47384881732514], [-0.051554953956926906, 41.47345575315938], [-0.05069636563792356, 41.473143784245], [-0.05048676420645443, 41.47302692055483], [-0.05308821356495555, 41.473259412972396], [-0.05332708720102386, 41.47327457496815], [-0.05360047911490706, 41.47325234132251], [-0.05354952736874719, 41.47401246778834]]]}}, {"id": "118", "type": "Feature", "properties": {"unit_id": "A0119", "group_id": "5-s-dryland-cebada", "crop_sequence": "Cebada", "crop_sequence_en": "Barley", "system_class": "dryland", "system_es": "Secano", "system_en": "Dryland", "pivot_id": null, "analysis_area_ha": 0.29181769111835154}, "geometry": {"type": "MultiPolygon", "coordinates": [[[[-0.06967230737826416, 41.463271461138845], [-0.0698629354677583, 41.463311124362754], [-0.07023719189232891, 41.46346416438852], [-0.07055249602008402, 41.463708896865654], [-0.0707944973858169, 41.46405219959862], [-0.07083686586609346, 41.46420840792492], [-0.0707411214392513, 41.46439012099863], [-0.07056621652904187, 41.4645536857526], [-0.07005660143653988, 41.46487843120575], [-0.06931686527927314, 41.465117085033356], [-0.06930252858341278, 41.46500055748848], [-0.06942805261064323, 41.46486446044275], [-0.06985374572418694, 41.46473438607059], [-0.07028916354089555, 41.464662715320834], [-0.07045876836291835, 41.46460220876329], [-0.07068066299711916, 41.46439500348045], [-0.0707335787143575, 41.46425403801522], [-0.07068401574615882, 41.463990816683015], [-0.0704727849847926, 41.46376008599987], [-0.07010121029644614, 41.463460108620076], [-0.06967230737826416, 41.463271461138845]]], [[[-0.06861416390775878, 41.465101560708234], [-0.06842447676019622, 41.46507770526118], [-0.06832057379868527, 41.465064638911926], [-0.06837677527735223, 41.46504597522099], [-0.06861416390775878, 41.465101560708234]]]]}}, {"id": "119", "type": "Feature", "properties": {"unit_id": "A0120", "group_id": "5-s-dryland-cebada", "crop_sequence": "Cebada", "crop_sequence_en": "Barley", "system_class": "dryland", "system_es": "Secano", "system_en": "Dryland", "pivot_id": null, "analysis_area_ha": 0.4912308323421601}, "geometry": {"type": "Polygon", "coordinates": [[[-0.02874170683202593, 41.480481025185775], [-0.028379096261158317, 41.480591112587774], [-0.028124560905887008, 41.480566510364916], [-0.027918810711976036, 41.4806122224517], [-0.027321237260224594, 41.480875246790205], [-0.027164815716751823, 41.481033718014544], [-0.027120326033507672, 41.48103751496945], [-0.027241978492482066, 41.480832284294294], [-0.027194969619506012, 41.48057375494903], [-0.027507458898449334, 41.48059290024713], [-0.027682671148573416, 41.48055927532763], [-0.02784479615785523, 41.480466320196456], [-0.02806851938535741, 41.48025340937044], [-0.028087246810779565, 41.48011590391887], [-0.02798920236689453, 41.47983333614246], [-0.028124947928663088, 41.47962839352237], [-0.028345715584235195, 41.48003928400447], [-0.02874170683202593, 41.480481025185775]]]}}, {"id": "120", "type": "Feature", "properties": {"unit_id": "A0121", "group_id": "5-s-dryland-cebada", "crop_sequence": "Cebada", "crop_sequence_en": "Barley", "system_class": "dryland", "system_es": "Secano", "system_en": "Dryland", "pivot_id": null, "analysis_area_ha": 2.613121222746981}, "geometry": {"type": "Polygon", "coordinates": [[[-0.027668630552618624, 41.46039839119969], [-0.027598636776419792, 41.460500375885545], [-0.027617327129307312, 41.46083246158965], [-0.026894632990349283, 41.4604671448524], [-0.026666254922968563, 41.460174466731154], [-0.026452345468434727, 41.45997579277554], [-0.025983751075068798, 41.45965903164452], [-0.02581884943946879, 41.45959283764398], [-0.025693465964020935, 41.45962197172705], [-0.02563841948507972, 41.45973126640895], [-0.02593387518373901, 41.460400471952184], [-0.02599716312481039, 41.460805975372395], [-0.026099263645175386, 41.461046792210205], [-0.026082650697879267, 41.461377519616256], [-0.025837177188411647, 41.46168046513393], [-0.025771323876046623, 41.4618515570841], [-0.02557842410588866, 41.46208813047167], [-0.02535339683287291, 41.462061629343296], [-0.025311786821061923, 41.461910802031696], [-0.025479590278281384, 41.46168708191147], [-0.0255060980567662, 41.46157975858753], [-0.02530198220464652, 41.46125881896278], [-0.025489561187412118, 41.46090119594756], [-0.025482992038945895, 41.460769892972515], [-0.02501342685111161, 41.46036050095736], [-0.024872641847696837, 41.460309899541414], [-0.024523545558506617, 41.46028588322991], [-0.02444119101430716, 41.460241042943075], [-0.02445074286021434, 41.460125577234905], [-0.024593394548292194, 41.45998457144678], [-0.02463767412188082, 41.459861164532256], [-0.024454001130727293, 41.45908067403597], [-0.025082189861322705, 41.45894569707279], [-0.025376305273864717, 41.45937461829517], [-0.02552781179083666, 41.45945686082044], [-0.02564257838328005, 41.45945485837494], [-0.02595103910558701, 41.4595680053644], [-0.027290774576492153, 41.46033473646473], [-0.027668630552618624, 41.46039839119969]]]}}, {"id": "121", "type": "Feature", "properties": {"unit_id": "A0122", "group_id": "5-s-dryland-cebada", "crop_sequence": "Cebada", "crop_sequence_en": "Barley", "system_class": "dryland", "system_es": "Secano", "system_en": "Dryland", "pivot_id": null, "analysis_area_ha": 1.6605932360123226}, "geometry": {"type": "Polygon", "coordinates": [[[-0.02310741749163053, 41.45831684860336], [-0.02267135340439784, 41.45874812886928], [-0.022505519764322288, 41.45872831506362], [-0.022105455787555843, 41.45860924955717], [-0.022129318890822435, 41.45847021441039], [-0.022080687031647513, 41.458350695893195], [-0.021912041756812852, 41.45818200958194], [-0.022073661398408512, 41.458036492404496], [-0.022492026587770095, 41.45790655641944], [-0.022552084660299367, 41.45783511526731], [-0.022531548229297368, 41.45776042776978], [-0.02246514291652317, 41.45772704981207], [-0.022238236552164465, 41.45770110177367], [-0.022038301159139424, 41.45774145442368], [-0.02186374023713899, 41.45780556751144], [-0.021505059495477246, 41.45805876623435], [-0.021340950510361112, 41.45808177373634], [-0.020886645441202598, 41.45803990995341], [-0.020916628948992242, 41.457514497117764], [-0.020963929128067497, 41.45734684088416], [-0.021334049463163078, 41.457437850900895], [-0.0216326172692965, 41.45742881881256], [-0.022164312981409917, 41.45721044328777], [-0.022458169624688575, 41.457022195625164], [-0.02310741749163053, 41.45831684860336]]]}}, {"id": "122", "type": "Feature", "properties": {"unit_id": "A0123", "group_id": "5-s-dryland-cebada", "crop_sequence": "Cebada", "crop_sequence_en": "Barley", "system_class": "dryland", "system_es": "Secano", "system_en": "Dryland", "pivot_id": null, "analysis_area_ha": 6.426757491648289}, "geometry": {"type": "MultiPolygon", "coordinates": [[[[-0.05285352971009581, 41.46053871367277], [-0.052713895226452784, 41.46041413760455], [-0.052660353162060206, 41.46035332595229], [-0.05285352971009581, 41.46053871367277]]], [[[-0.051956450628257406, 41.4599383979808], [-0.05183182823794727, 41.46004393808491], [-0.05183949286351268, 41.460146191160966], [-0.05207239452016052, 41.46033196093553], [-0.05242236647119344, 41.46073333306748], [-0.052816040615202835, 41.46108962907571], [-0.052678931270395996, 41.461187765017115], [-0.052536729221746084, 41.46121857388633], [-0.05233956884385253, 41.461193254469286], [-0.051470809916782136, 41.46088089209157], [-0.05101897031022757, 41.460680857011596], [-0.05091390223971389, 41.46068298340638], [-0.05085982707013865, 41.46072646713475], [-0.050853672802663764, 41.4607858311819], [-0.05097279785182709, 41.46088556356693], [-0.05190594382937004, 41.46127162261235], [-0.051839393497365986, 41.461353064354185], [-0.05147682485874642, 41.46141003118631], [-0.05113752428644803, 41.46152177772049], [-0.05065881503422954, 41.461760392844184], [-0.05038699852095384, 41.46197208656236], [-0.0503303433904759, 41.46198218008497], [-0.050273230228967916, 41.461909928134745], [-0.05017379371272185, 41.46189537619038], [-0.04999952488643625, 41.461994144747294], [-0.0492795725405814, 41.46219563214143], [-0.04884277883704441, 41.46222056056598], [-0.04778243236398366, 41.46185190204085], [-0.04750806282073618, 41.46173230170929], [-0.04720332047036105, 41.46152017057476], [-0.04679546609330283, 41.4613545941999], [-0.04691682299490908, 41.461344031961936], [-0.04743545006653116, 41.46151998534114], [-0.047718676222603305, 41.46166011137476], [-0.047968182543626704, 41.461863496358845], [-0.04835515903678908, 41.46200825329363], [-0.048562439848287, 41.462048406696475], [-0.049145416118590024, 41.462053442783485], [-0.04991363820732692, 41.461971092619436], [-0.04999166929548402, 41.461910528785886], [-0.04996879278419953, 41.46182796219477], [-0.049899936234826636, 41.46179716863914], [-0.049751378344923554, 41.46179654381578], [-0.04966997595049069, 41.4616302659057], [-0.04947412914029704, 41.46144955262422], [-0.049005740134071614, 41.461140156235835], [-0.04802766816348173, 41.46034687867431], [-0.04793606919890868, 41.46034566068295], [-0.04787017475745882, 41.46039353904313], [-0.04786484516790126, 41.460454076076196], [-0.047913635845312684, 41.460528579519206], [-0.04914459182229037, 41.46168272673639], [-0.04880814423911144, 41.461694144952446], [-0.048460441650681724, 41.46164397765276], [-0.0482174068883574, 41.46151188904355], [-0.04788957488277798, 41.46124173033999], [-0.047569009018161364, 41.46107056748522], [-0.04751069808435636, 41.46097607518271], [-0.04744792024439586, 41.46059809606932], [-0.04746379613113764, 41.460219849509976], [-0.0473600686159426, 41.46004545051786], [-0.04736688851420888, 41.459994041557785], [-0.047554836033749326, 41.4598606043035], [-0.0481981530031916, 41.45984100135813], [-0.04859653736542903, 41.459893074993836], [-0.04913730071784167, 41.45990407075832], [-0.04942762123927901, 41.460061159862356], [-0.049537725725318435, 41.46007313830105], [-0.049721569668903856, 41.46015751609275], [-0.04918962328208606, 41.460209654004785], [-0.0485432233906944, 41.46015390560541], [-0.04844572563114165, 41.46021935417809], [-0.04846247908386537, 41.46030986339065], [-0.048764262700656986, 41.46039113894145], [-0.04916689091903534, 41.46041605441439], [-0.049851842038583956, 41.46037573556518], [-0.05031949175723622, 41.46050891697888], [-0.05057787933913987, 41.460630306265976], [-0.05066176071329792, 41.46060448771308], [-0.050697517856933286, 41.46054184396782], [-0.050588641004693215, 41.46040521152902], [-0.05029676237915316, 41.460268788226614], [-0.049965638129027296, 41.46017647710422], [-0.05007032643448534, 41.460147060122836], [-0.05016235216291531, 41.46005389093741], [-0.05033862528542216, 41.45976705345672], [-0.051956450628257406, 41.4599383979808]]]]}}, {"id": "123", "type": "Feature", "properties": {"unit_id": "A0124", "group_id": "13-r-irrigated-non-pivot-triticale", "crop_sequence": "Triticale", "crop_sequence_en": "Triticale", "system_class": "irrigated_non_pivot", "system_es": "Regad\u00edo sin pivote", "system_en": "Irrigated, non-pivot", "pivot_id": null, "analysis_area_ha": 1.5091279115472733}, "geometry": {"type": "Polygon", "coordinates": [[[-0.07094098075178111, 41.480663899947395], [-0.07045763995689407, 41.48065158734766], [-0.07038574973881424, 41.47719208851346], [-0.07087320615159136, 41.47739399512448], [-0.07094098075178111, 41.480663899947395]]]}}, {"id": "124", "type": "Feature", "properties": {"unit_id": "A0125", "group_id": "13-r-irrigated-non-pivot-triticale", "crop_sequence": "Triticale", "crop_sequence_en": "Triticale", "system_class": "irrigated_non_pivot", "system_es": "Regad\u00edo sin pivote", "system_en": "Irrigated, non-pivot", "pivot_id": null, "analysis_area_ha": 0.8086680901272125}, "geometry": {"type": "Polygon", "coordinates": [[[-0.0714694238190298, 41.48067754985262], [-0.07118050183651335, 41.48066928830533], [-0.07111410438340304, 41.47746639508392], [-0.07137028096925845, 41.4775640931339], [-0.0714694238190298, 41.48067754985262]]]}}, {"id": "125", "type": "Feature", "properties": {"unit_id": "A0126", "group_id": "13-r-irrigated-non-pivot-triticale", "crop_sequence": "Triticale", "crop_sequence_en": "Triticale", "system_class": "irrigated_non_pivot", "system_es": "Regad\u00edo sin pivote", "system_en": "Irrigated, non-pivot", "pivot_id": null, "analysis_area_ha": 5.172256920192634}, "geometry": {"type": "Polygon", "coordinates": [[[-0.07391605192738024, 41.480722733791744], [-0.0717090175652278, 41.480683761124276], [-0.07161385614351573, 41.47766877551094], [-0.07255044890971762, 41.47801160297908], [-0.07385475385622943, 41.47883342278372], [-0.07391605192738024, 41.480722733791744]]]}}, {"id": "126", "type": "Feature", "properties": {"unit_id": "A0127", "group_id": "13-r-irrigated-non-pivot-triticale", "crop_sequence": "Triticale", "crop_sequence_en": "Triticale", "system_class": "irrigated_non_pivot", "system_es": "Regad\u00edo sin pivote", "system_en": "Irrigated, non-pivot", "pivot_id": null, "analysis_area_ha": 6.137093924872936}, "geometry": {"type": "Polygon", "coordinates": [[[-0.05541924238241928, 41.488897113260066], [-0.05505430876290095, 41.488950802500185], [-0.054609090434280354, 41.48894369042609], [-0.05411469436160962, 41.48872828661276], [-0.053933214430406703, 41.48872099407266], [-0.053792291564881974, 41.48878187974364], [-0.05352649575757332, 41.48919484352921], [-0.05356791697831452, 41.48934538350176], [-0.05373703026192992, 41.48944438446132], [-0.05406435217304344, 41.48948807765849], [-0.05452788684741309, 41.48962949025259], [-0.05460606482452449, 41.48976820431004], [-0.054726740368560345, 41.49015381499071], [-0.05481358157192389, 41.49021376361775], [-0.055053070657349934, 41.49027852562879], [-0.05515521340129344, 41.49099954489684], [-0.05484750913752516, 41.4912777911094], [-0.05475884580224575, 41.49157752970373], [-0.05443147319380902, 41.491925380263694], [-0.054423198141196005, 41.49217162422618], [-0.05440885182908402, 41.49222999242388], [-0.05436330515586557, 41.492229992418295], [-0.05424229739138997, 41.49209763758773], [-0.05409180016615247, 41.49203405195511], [-0.05375687655562637, 41.49200630683691], [-0.0533514654311397, 41.492016598606156], [-0.05321233594611007, 41.491951452876386], [-0.053145782472882076, 41.491876198394436], [-0.053314312859423944, 41.49181681404496], [-0.0536787352779272, 41.49182523816303], [-0.05397662752025462, 41.49168043740153], [-0.05407242228045441, 41.49157331855227], [-0.054094066130464594, 41.49147471463473], [-0.05404588873868989, 41.49133291881279], [-0.05409239487799113, 41.49100713821202], [-0.05405057974559676, 41.49091073923934], [-0.05380187746913199, 41.49064875071634], [-0.05364062927428693, 41.490544722463085], [-0.05315377975112462, 41.49041560051973], [-0.05270142566458082, 41.4903677150094], [-0.05248190948745434, 41.49030089411946], [-0.052296679236110186, 41.49014559767481], [-0.05216465036937848, 41.48992564114603], [-0.05177514937926157, 41.48969665058084], [-0.0516917495071899, 41.48960790202875], [-0.051579630666968114, 41.48956388314031], [-0.05155579420991156, 41.48944677747867], [-0.05147566761401741, 41.489361165072054], [-0.051354171049161824, 41.48931056243958], [-0.05114458676731987, 41.48929264242969], [-0.050747232348725364, 41.48894883428251], [-0.050464463770715826, 41.48895672543607], [-0.05034524378800531, 41.48877736498274], [-0.05048997141351025, 41.48872655211534], [-0.05089304512968411, 41.48873818089068], [-0.05188462159735856, 41.48886558349829], [-0.05239723407414169, 41.488886310929516], [-0.05295583947971069, 41.48883525682425], [-0.053612528017849326, 41.488697581925955], [-0.05399037582042059, 41.488568016186704], [-0.05454042245648916, 41.48828047947637], [-0.054735759665347196, 41.488232237409356], [-0.05494169782880539, 41.48830569515705], [-0.05523154926616018, 41.488557660279426], [-0.05541169027858656, 41.48878091944415], [-0.05541924238241928, 41.488897113260066]]]}}, {"id": "127", "type": "Feature", "properties": {"unit_id": "A0128", "group_id": "13-s-dryland-triticale", "crop_sequence": "Triticale", "crop_sequence_en": "Triticale", "system_class": "dryland", "system_es": "Secano", "system_en": "Dryland", "pivot_id": null, "analysis_area_ha": 0.6169920471229212}, "geometry": {"type": "Polygon", "coordinates": [[[-0.03960459919981455, 41.46387678975365], [-0.039525918515156584, 41.46379424702386], [-0.03923520526538469, 41.46361415725655], [-0.0392081293387116, 41.46335709887737], [-0.0390306236874892, 41.46307577765014], [-0.03838108440313102, 41.46290653595586], [-0.03830543176238414, 41.462863323565266], [-0.03803474903583411, 41.46265318045714], [-0.03783172402635066, 41.462381013966976], [-0.03765779108898919, 41.46230453325419], [-0.03693633314864484, 41.46180069048822], [-0.037133362436524306, 41.46162672482542], [-0.03802542896297213, 41.46225469395974], [-0.03865328145392644, 41.46285465045849], [-0.0388162141371841, 41.462946769784196], [-0.03922331995615137, 41.463080283415216], [-0.03946377379643523, 41.463334061262195], [-0.0394330348264085, 41.463474373980205], [-0.03960459919981455, 41.46387678975365]]]}}, {"id": "128", "type": "Feature", "properties": {"unit_id": "A0129", "group_id": "13-s-dryland-triticale", "crop_sequence": "Triticale", "crop_sequence_en": "Triticale", "system_class": "dryland", "system_es": "Secano", "system_en": "Dryland", "pivot_id": null, "analysis_area_ha": 3.5864691095048395}, "geometry": {"type": "Polygon", "coordinates": [[[-0.03955451326554972, 41.4581503736737], [-0.03865043720450132, 41.460043529006946], [-0.03759393558330805, 41.459725417969615], [-0.03707099896355087, 41.45945151513276], [-0.03611113410570985, 41.45887513892725], [-0.03688900847818256, 41.45818833778462], [-0.03700913962967973, 41.45826225427305], [-0.03715862969220951, 41.45841705410548], [-0.03762062355533394, 41.458663525418565], [-0.037692597231315315, 41.45875422825688], [-0.037767397790079815, 41.45877559664606], [-0.03784337499542364, 41.45875672313693], [-0.037886551495263175, 41.458706048047404], [-0.037963067117269475, 41.45841707096436], [-0.03807501388429471, 41.45827682188292], [-0.03802112885113327, 41.458209683897884], [-0.03786396256421234, 41.45818369852583], [-0.03773386135269473, 41.45797490492307], [-0.03825532793136513, 41.45800311848053], [-0.03955451326554972, 41.4581503736737]]]}}, {"id": "129", "type": "Feature", "properties": {"unit_id": "A0130", "group_id": "13-s-dryland-triticale", "crop_sequence": "Triticale", "crop_sequence_en": "Triticale", "system_class": "dryland", "system_es": "Secano", "system_en": "Dryland", "pivot_id": null, "analysis_area_ha": 2.545232930995669}, "geometry": {"type": "Polygon", "coordinates": [[[-0.038407793665608654, 41.460223868008335], [-0.035991443098528364, 41.46235743375575], [-0.035397114572438215, 41.4620569106693], [-0.035083027508795946, 41.46198497263654], [-0.03738994271058765, 41.45994800480651], [-0.038407793665608654, 41.460223868008335]]]}}, {"id": "130", "type": "Feature", "properties": {"unit_id": "A0131", "group_id": "13-s-dryland-triticale", "crop_sequence": "Triticale", "crop_sequence_en": "Triticale", "system_class": "dryland", "system_es": "Secano", "system_en": "Dryland", "pivot_id": null, "analysis_area_ha": 4.480628576638365}, "geometry": {"type": "Polygon", "coordinates": [[[-0.03717226566517862, 41.45986263262861], [-0.03491542000578736, 41.46185538089533], [-0.034488957249706687, 41.461677168780234], [-0.03346976586027901, 41.461377650739784], [-0.03338662070445488, 41.461197564310226], [-0.035854723076769374, 41.459018273907965], [-0.03717226566517862, 41.45986263262861]]]}}, {"id": "131", "type": "Feature", "properties": {"unit_id": "A0132", "group_id": "13-s-dryland-triticale", "crop_sequence": "Triticale", "crop_sequence_en": "Triticale", "system_class": "dryland", "system_es": "Secano", "system_en": "Dryland", "pivot_id": null, "analysis_area_ha": 5.151465557180835}, "geometry": {"type": "MultiPolygon", "coordinates": [[[[-0.02646568144230323, 41.456944540328706], [-0.026244773636058615, 41.456915581610005], [-0.026118181606297385, 41.45672180781378], [-0.026198454066015304, 41.45677319874676], [-0.02646568144230323, 41.456944540328706]]], [[[-0.025837008301421226, 41.45654154384745], [-0.02576135409484872, 41.45660373621093], [-0.025753708886198306, 41.45668434007606], [-0.0259309363162662, 41.456979904782074], [-0.026194840390069724, 41.457682898655015], [-0.026212551991377186, 41.45795620852919], [-0.025611326659243767, 41.457819266133995], [-0.02548826823013513, 41.457823602656156], [-0.025394917613062992, 41.457895265875706], [-0.025479917297270633, 41.45804746700631], [-0.025405228837103794, 41.4581417726569], [-0.025266806430367664, 41.45822871113323], [-0.02496792782526362, 41.45831429064115], [-0.02422915851583817, 41.45831232989894], [-0.023839370023027943, 41.45835077317659], [-0.023356529151903397, 41.458311583609586], [-0.022861508978716107, 41.4573045943661], [-0.022935428759035467, 41.45730366620505], [-0.023046884595975353, 41.45753122586975], [-0.02315942195869897, 41.45755012329797], [-0.023237905188729722, 41.457512959024335], [-0.023262134037303272, 41.45743248903725], [-0.023219755191391484, 41.457318439992065], [-0.022919189478469798, 41.456778717897805], [-0.022956316424528847, 41.456725715740376], [-0.02314147975925434, 41.456689376131884], [-0.023479256115789823, 41.456503026982915], [-0.02387658863007559, 41.456505110304484], [-0.02405074763135401, 41.45638350337087], [-0.024109945799899966, 41.45627728567204], [-0.02494903793972196, 41.45618516558842], [-0.025157920983099987, 41.45610617257969], [-0.025837008301421226, 41.45654154384745]]], [[[-0.022862868822717725, 41.456605817763624], [-0.022513539399672444, 41.45673114716366], [-0.02226017055772449, 41.456510070873136], [-0.022383520078101366, 41.45654357432699], [-0.022840872091091976, 41.456562282220496], [-0.022876243101435517, 41.45657920809428], [-0.022862868822717725, 41.456605817763624]]], [[[-0.021635122254026733, 41.4559808824097], [-0.021133626218529447, 41.45570550745079], [-0.021136903949094073, 41.455438006668494], [-0.021346321737863244, 41.45553654240458], [-0.021669702416229612, 41.45575377544648], [-0.021635122254026733, 41.4559808824097]]], [[[-0.02274808383404903, 41.45702803021014], [-0.022704579096183605, 41.45694116049441], [-0.02271147062395524, 41.45693875538282], [-0.02273140408791694, 41.4569769812071], [-0.02274808383404903, 41.45702803021014]]]]}}, {"id": "132", "type": "Feature", "properties": {"unit_id": "A0133", "group_id": "13-s-dryland-triticale", "crop_sequence": "Triticale", "crop_sequence_en": "Triticale", "system_class": "dryland", "system_es": "Secano", "system_en": "Dryland", "pivot_id": null, "analysis_area_ha": 1.1866315049267775}, "geometry": {"type": "Polygon", "coordinates": [[[-0.023261974637002206, 41.45631186955156], [-0.022543912724371357, 41.45591846132429], [-0.022585492099668283, 41.45572509556187], [-0.02284870346974966, 41.455438007076474], [-0.024115728229252228, 41.45543800703132], [-0.024771184020170804, 41.455858246668015], [-0.023261974637002206, 41.45631186955156]]]}}, {"id": "133", "type": "Feature", "properties": {"unit_id": "A0134", "group_id": "13-s-dryland-triticale", "crop_sequence": "Triticale", "crop_sequence_en": "Triticale", "system_class": "dryland", "system_es": "Secano", "system_en": "Dryland", "pivot_id": null, "analysis_area_ha": 1.2078311879600712}, "geometry": {"type": "Polygon", "coordinates": [[[-0.026284105660931572, 41.45649993913895], [-0.025255055110962717, 41.455845339188976], [-0.025716416817518586, 41.45543800733786], [-0.027486914472654014, 41.455438008990626], [-0.026284105660931572, 41.45649993913895]]]}}, {"id": "134", "type": "Feature", "properties": {"unit_id": "A0135", "group_id": "13-s-dryland-triticale", "crop_sequence": "Triticale", "crop_sequence_en": "Triticale", "system_class": "dryland", "system_es": "Secano", "system_en": "Dryland", "pivot_id": null, "analysis_area_ha": 0.42423465624548035}, "geometry": {"type": "Polygon", "coordinates": [[[-0.05006237655189302, 41.459736554309416], [-0.049844043280685826, 41.459898125677235], [-0.04965471409194178, 41.45991088587937], [-0.04921120194578878, 41.45968512488111], [-0.048108735484655656, 41.45961833845224], [-0.0475220690542879, 41.459645587202495], [-0.047256883290684136, 41.45982646280397], [-0.04692841003576328, 41.45961201676821], [-0.0468075746032124, 41.45938986952334], [-0.05006237655189302, 41.459736554309416]]]}}, {"id": "135", "type": "Feature", "properties": {"unit_id": "A0136", "group_id": "13-s-dryland-triticale", "crop_sequence": "Triticale", "crop_sequence_en": "Triticale", "system_class": "dryland", "system_es": "Secano", "system_en": "Dryland", "pivot_id": null, "analysis_area_ha": 5.226576399613412}, "geometry": {"type": "Polygon", "coordinates": [[[-0.06568012636526979, 41.45643111023371], [-0.06586368366158957, 41.45543801068], [-0.07016541547295262, 41.455438010859716], [-0.07045702745155674, 41.45693075421863], [-0.06568012636526979, 41.45643111023371]]]}}, {"id": "136", "type": "Feature", "properties": {"unit_id": "A0137", "group_id": "13-s-dryland-triticale", "crop_sequence": "Triticale", "crop_sequence_en": "Triticale", "system_class": "dryland", "system_es": "Secano", "system_en": "Dryland", "pivot_id": null, "analysis_area_ha": 1.5441195117731188}, "geometry": {"type": "Polygon", "coordinates": [[[-0.05123423826848285, 41.49026627656945], [-0.05093287103909386, 41.4903071231264], [-0.050479447767630976, 41.490303258394974], [-0.05023191275640886, 41.49043752932206], [-0.050144471870088754, 41.49057944397044], [-0.05016018431266291, 41.4906759565967], [-0.050419417239346925, 41.49087534950838], [-0.04913564542046253, 41.490926357629675], [-0.048605521096681724, 41.49172999970461], [-0.048314591571629775, 41.49179276391102], [-0.048282288703148324, 41.49144298321829], [-0.048386420034850504, 41.49122761223205], [-0.0485142638583374, 41.49112808163555], [-0.04870726962554237, 41.491044502470785], [-0.048868504137665844, 41.49086750160228], [-0.04897656693215131, 41.49080508591752], [-0.04928766452866642, 41.49076006373387], [-0.04936269319032554, 41.49069688945455], [-0.04935435066012154, 41.490636691192066], [-0.049297191971174235, 41.49059407526098], [-0.04911129218111539, 41.49055925500495], [-0.04896533566456089, 41.490570865425234], [-0.048754226024727405, 41.4906564732654], [-0.04857030239986526, 41.49077778089696], [-0.04860493379020367, 41.49029954205956], [-0.04870744688301403, 41.49014722351447], [-0.049023994176040774, 41.489837488283435], [-0.04970063175929126, 41.490161222185975], [-0.05006401627589091, 41.490162575479374], [-0.05035305479658387, 41.490209041809415], [-0.050728027271306105, 41.49017828041192], [-0.05123423826848285, 41.49026627656945]]]}}, {"id": "137", "type": "Feature", "properties": {"unit_id": "A0138", "group_id": "13-s-dryland-triticale", "crop_sequence": "Triticale", "crop_sequence_en": "Triticale", "system_class": "dryland", "system_es": "Secano", "system_en": "Dryland", "pivot_id": null, "analysis_area_ha": 1.371218621330941}, "geometry": {"type": "Polygon", "coordinates": [[[-0.05287451361267399, 41.49111678752993], [-0.052843476067346205, 41.49123619449194], [-0.052064597562732656, 41.49129179508517], [-0.05171417757325488, 41.49139584457458], [-0.05149117473283037, 41.49149463179666], [-0.0513581375839025, 41.49160868412558], [-0.051296345553227755, 41.49178079439318], [-0.05132998139370566, 41.49194347972612], [-0.05169942184604649, 41.49207429276125], [-0.05209264672425128, 41.492153187550436], [-0.05217533840026128, 41.492229993018015], [-0.051690584188111156, 41.49222999273235], [-0.051616054310353425, 41.492149064412445], [-0.05146371902784749, 41.49210416180557], [-0.05125497029507864, 41.492138824975], [-0.05103286524614151, 41.49222999250465], [-0.050932468644943094, 41.4922257325827], [-0.05074515315546465, 41.49214853809669], [-0.05046121469302885, 41.49222999254317], [-0.05036879703250704, 41.49203119217509], [-0.05072818230395697, 41.491726748899936], [-0.050835871129160125, 41.49155583671851], [-0.05085705191162417, 41.49140267112665], [-0.05079075913217937, 41.491353780639436], [-0.050564539138296304, 41.491321323250425], [-0.050271904526195184, 41.491335283119426], [-0.0501234455247167, 41.49125644956748], [-0.049900152406928695, 41.491070051021595], [-0.05158033806795393, 41.4910229369239], [-0.052076993552580664, 41.49106167607821], [-0.052823510051809165, 41.49104890187968], [-0.05287451361267399, 41.49111678752993]]]}}, {"id": "138", "type": "Feature", "properties": {"unit_id": "A0139", "group_id": "13-s-dryland-triticale", "crop_sequence": "Triticale", "crop_sequence_en": "Triticale", "system_class": "dryland", "system_es": "Secano", "system_en": "Dryland", "pivot_id": null, "analysis_area_ha": 2.531428459919496}, "geometry": {"type": "MultiPolygon", "coordinates": [[[[-0.05013287201072216, 41.48829218142504], [-0.04959921155413706, 41.48857463044506], [-0.04931074652680538, 41.48878161557125], [-0.049020669543417786, 41.48846964039006], [-0.04931546795751519, 41.48846135115419], [-0.049496078767835204, 41.48840450322873], [-0.04961653831122674, 41.48832516031949], [-0.0498456300542496, 41.488047549624376], [-0.05013287201072216, 41.48829218142504]]], [[[-0.04877392619173281, 41.488379829662506], [-0.048758897934157094, 41.488483992641434], [-0.048869562960587844, 41.48871563952103], [-0.048886745329173524, 41.48888564826123], [-0.048922633073741534, 41.48895780309023], [-0.049048404111323135, 41.489060504938955], [-0.048963618274782315, 41.48920935695554], [-0.048976324523706954, 41.48939107767127], [-0.048794057662524065, 41.48969320877697], [-0.048453637701454395, 41.49002700559152], [-0.048323569433598175, 41.49021913174771], [-0.04828340832175165, 41.49042740907577], [-0.04811328687572374, 41.490279165728545], [-0.04784068200271134, 41.490126196362816], [-0.04794442666926974, 41.48977610069557], [-0.04812341184181891, 41.48971242940783], [-0.04841966346922777, 41.48940349807046], [-0.04846448843113546, 41.4892161909596], [-0.048425520905717966, 41.488888985415805], [-0.048189191962363875, 41.48864186244584], [-0.04811744665446859, 41.48841596255813], [-0.0476999086279086, 41.488027112123326], [-0.047580321034012364, 41.48781240099614], [-0.04747609106848342, 41.487750947802084], [-0.04727667202738652, 41.487728007421794], [-0.047490171839412704, 41.48755435169894], [-0.04755712574870325, 41.487457977881164], [-0.047549218019721215, 41.48730044630813], [-0.047653035684959696, 41.48740213934242], [-0.047802148393854466, 41.48744865425059], [-0.04800062405174525, 41.48771101365255], [-0.04811614799586366, 41.48777946562765], [-0.04877392619173281, 41.488379829662506]]], [[[-0.04745915860740262, 41.48718471756474], [-0.04743298599805696, 41.48716410782944], [-0.04732533904245526, 41.48711389634445], [-0.04742605843306497, 41.487121459801486], [-0.04745915860740262, 41.48718471756474]]], [[[-0.04567346477126163, 41.48689976475351], [-0.0455523851700556, 41.486879450040796], [-0.045468888382729736, 41.48690801214261], [-0.04543679664707155, 41.48697262941651], [-0.045482998227132025, 41.48705699323233], [-0.04586668613731979, 41.487320816608964], [-0.046408923520025944, 41.48746699596882], [-0.04638380324466125, 41.487492735615966], [-0.04603100342752106, 41.48760862939526], [-0.045019734001183934, 41.486843572641476], [-0.04530141091740618, 41.48675251399019], [-0.04567346477126163, 41.48689976475351]]], [[[-0.04818938303429371, 41.49100790944017], [-0.047999939947628724, 41.49133924114905], [-0.04802239409895965, 41.491861790748935], [-0.04745705576949765, 41.49171368586838], [-0.047357813802272726, 41.49156952735901], [-0.04742519544827315, 41.491456248116634], [-0.04742360048006153, 41.49125150589118], [-0.04720513001188503, 41.49108697470049], [-0.04727651401988733, 41.49087038641069], [-0.0472024300577661, 41.49070000780787], [-0.04732076846868584, 41.490742803939675], [-0.04768216401174143, 41.49097914946197], [-0.04783387047690858, 41.491030825641054], [-0.048013704710131035, 41.49103864634279], [-0.04818938303429371, 41.49100790944017]]]]}}, {"id": "139", "type": "Feature", "properties": {"unit_id": "A0140", "group_id": "13-s-dryland-triticale", "crop_sequence": "Triticale", "crop_sequence_en": "Triticale", "system_class": "dryland", "system_es": "Secano", "system_en": "Dryland", "pivot_id": null, "analysis_area_ha": 1.0164659914456253}, "geometry": {"type": "Polygon", "coordinates": [[[-0.0422463587031312, 41.491174328617014], [-0.042225479047937935, 41.49124767599044], [-0.04191891265096971, 41.49138979972032], [-0.041814798178633705, 41.49150708809015], [-0.04180669629240927, 41.49159090384139], [-0.041880878609813425, 41.49171752785331], [-0.04209872386684474, 41.49189092200151], [-0.04191227650840134, 41.49204560287307], [-0.04173020155990127, 41.49217747173417], [-0.04150184908918571, 41.492229993042784], [-0.04080637558246551, 41.49222999378238], [-0.040841411392892074, 41.4921357770954], [-0.04083543147370864, 41.491944465938424], [-0.04060697056686018, 41.49169218646438], [-0.040974417086691146, 41.4916036777255], [-0.041165490046161574, 41.491492385166204], [-0.04180649243480785, 41.4905185972727], [-0.041700050318845154, 41.491025460246526], [-0.04174162803318526, 41.49114677223587], [-0.04181035805239479, 41.49120874902478], [-0.04196706996419333, 41.49126279557538], [-0.0422463587031312, 41.491174328617014]]]}}, {"id": "140", "type": "Feature", "properties": {"unit_id": "A0141", "group_id": "13-s-dryland-triticale", "crop_sequence": "Triticale", "crop_sequence_en": "Triticale", "system_class": "dryland", "system_es": "Secano", "system_en": "Dryland", "pivot_id": null, "analysis_area_ha": 10.411706225335273}, "geometry": {"type": "Polygon", "coordinates": [[[-0.027514996404120886, 41.47755563876671], [-0.025661945551567953, 41.47784072911942], [-0.025030014015871356, 41.47770952317018], [-0.02374195424530397, 41.47753515418756], [-0.021340075566351317, 41.477383674931495], [-0.02088668097423307, 41.47730394827452], [-0.02088667854969743, 41.47600794976809], [-0.02115074856124134, 41.47579206870199], [-0.021348125829357294, 41.475573959724606], [-0.02155597267375397, 41.47543561662821], [-0.02189363383446048, 41.475315246339235], [-0.02203267576086721, 41.47538177944551], [-0.02222220771814384, 41.475418911386875], [-0.02234296944984676, 41.47548171991539], [-0.022457559640862403, 41.47559054156884], [-0.022535027493100136, 41.47560788652774], [-0.023341464617302247, 41.47519437967541], [-0.023500822328764766, 41.47522955953797], [-0.023635751625331432, 41.47533394037997], [-0.023560918731123006, 41.47554294952449], [-0.023563253909977516, 41.47566197520422], [-0.02320324676650364, 41.47586120255429], [-0.02316555361145403, 41.47591351275031], [-0.023203527369091318, 41.4760476483109], [-0.023343074278296932, 41.47615286391852], [-0.023494510381944018, 41.47622519685571], [-0.02370735779552947, 41.476277654030625], [-0.02410544872963819, 41.47627613858904], [-0.02416021014104518, 41.47620099537791], [-0.024106499820201587, 41.47612542431985], [-0.023684202005200605, 41.47604748335582], [-0.023998154114498977, 41.47585527115383], [-0.02405090923509009, 41.47576407361451], [-0.02409576492269857, 41.47547568137946], [-0.02457964005799871, 41.47558172923143], [-0.024974838080365845, 41.47571920056297], [-0.027291371496050824, 41.47674255791961], [-0.027354091281696188, 41.47713803324988], [-0.027514996404120886, 41.47755563876671]]]}}, {"id": "141", "type": "Feature", "properties": {"unit_id": "A0142", "group_id": "13-s-dryland-triticale", "crop_sequence": "Triticale", "crop_sequence_en": "Triticale", "system_class": "dryland", "system_es": "Secano", "system_en": "Dryland", "pivot_id": null, "analysis_area_ha": 10.946566795449884}, "geometry": {"type": "MultiPolygon", "coordinates": [[[[-0.02725289406800017, 41.47651678880217], [-0.02509101570771799, 41.475561752326165], [-0.024782707471633084, 41.4754540314955], [-0.024879362413117223, 41.475248679320075], [-0.02479436417628977, 41.47514401815359], [-0.02462610095546371, 41.47512825312238], [-0.024428045743132332, 41.47527928938231], [-0.02433024737296525, 41.47527648431287], [-0.02439501514552512, 41.47515126038668], [-0.02438239577450198, 41.47499328945989], [-0.02460947313593286, 41.4749216670809], [-0.024797715953898965, 41.47472103885381], [-0.024844866900152678, 41.47452841085129], [-0.02482623715646103, 41.47443987358723], [-0.02472891634419316, 41.474368677507435], [-0.024615795192075494, 41.47437779304156], [-0.024558808193590697, 41.47443263217758], [-0.024539561269844874, 41.474593854164254], [-0.024470123866432915, 41.47470998167031], [-0.024190661782395487, 41.4747791998014], [-0.024520119630185452, 41.4743648541835], [-0.02454842099747063, 41.47428311646076], [-0.02452766540414344, 41.47419696520619], [-0.02427990930935346, 41.473847032308434], [-0.02349034957235516, 41.473229646409614], [-0.023373340705414535, 41.47302914769186], [-0.02326960368540138, 41.472698066821515], [-0.023080359639247407, 41.4725753403752], [-0.022956208704377774, 41.47256074215866], [-0.022877544625971084, 41.47260597382835], [-0.0227905562027523, 41.47273289569274], [-0.022733209576188153, 41.47291414639645], [-0.022492230334247704, 41.47306961567203], [-0.02246970044667763, 41.47320384049934], [-0.022720588977559963, 41.47348767795633], [-0.02367208757931302, 41.4740276652415], [-0.023899180570038103, 41.47411830549212], [-0.024088654693980957, 41.474075034173644], [-0.024141864800346243, 41.47410537125826], [-0.024236189277613854, 41.474268312953576], [-0.023987568288298202, 41.474620293036516], [-0.023138208462848864, 41.474128089708465], [-0.022810112729245033, 41.4740290678624], [-0.02271263189391673, 41.474049887047755], [-0.022661044865535954, 41.474132980919975], [-0.022669515457645728, 41.474410160309645], [-0.022635640997134634, 41.47407859860946], [-0.022520225224103563, 41.47387774441609], [-0.02219071643424034, 41.47372793215119], [-0.0219005103283771, 41.47366335055261], [-0.021758697778408446, 41.473661650817924], [-0.021975120729883245, 41.47309975600016], [-0.02233362009134294, 41.47276444307221], [-0.022491074798214446, 41.472481313503195], [-0.022584963989710934, 41.47256261709313], [-0.0227082923426301, 41.472604828817474], [-0.022911126776127607, 41.472570990990256], [-0.0230559669744203, 41.47247315722456], [-0.023364449159165513, 41.472087413828376], [-0.023369197381547236, 41.471914007058736], [-0.023203185842188747, 41.471511258223344], [-0.02302244631780055, 41.471191856763596], [-0.02272237863274889, 41.47086344760086], [-0.022570599082087636, 41.470642545564644], [-0.02257710965231907, 41.47057073850953], [-0.0226631532789501, 41.47047686814352], [-0.02290749387374528, 41.4703362857337], [-0.023237319573445225, 41.470279940030146], [-0.023622096202148102, 41.47027305285219], [-0.024551060289295518, 41.47091925725302], [-0.02471940189496088, 41.47110858184654], [-0.02493431403777982, 41.4715284034495], [-0.02563363765043113, 41.47328614704604], [-0.02592657854066125, 41.474123789557225], [-0.026474778892949545, 41.4753731928616], [-0.026610311001390365, 41.47561591634093], [-0.02711429177845521, 41.476123323631406], [-0.02725289406800017, 41.47651678880217]]], [[[-0.02285144260189822, 41.47463687347024], [-0.023300133014990274, 41.47474534250709], [-0.023611379890467632, 41.47485643474846], [-0.023398216048216465, 41.47481346349776], [-0.0232094746344259, 41.474829298577596], [-0.022579186107302706, 41.47504271362151], [-0.022430609504650683, 41.475054459187824], [-0.02221090713935756, 41.474955822575275], [-0.022011746387074996, 41.47490772604592], [-0.02187018979777651, 41.47491673093046], [-0.021538443762948823, 41.475026776216424], [-0.021843643580964463, 41.4748289930669], [-0.022124993587677323, 41.47456188320067], [-0.022511275970260813, 41.47466453065097], [-0.022763051202808426, 41.474674200601434], [-0.02285144260189822, 41.47463687347024]]]]}}, {"id": "142", "type": "Feature", "properties": {"unit_id": "A0143", "group_id": "13-s-dryland-triticale", "crop_sequence": "Triticale", "crop_sequence_en": "Triticale", "system_class": "dryland", "system_es": "Secano", "system_en": "Dryland", "pivot_id": null, "analysis_area_ha": 0.8301964346259217}, "geometry": {"type": "Polygon", "coordinates": [[[-0.02976129032959391, 41.47607327205448], [-0.027784231740243425, 41.47700039278841], [-0.027671784990401536, 41.4765919130795], [-0.029490611924729505, 41.47572087966838], [-0.02976129032959391, 41.47607327205448]]]}}, {"id": "143", "type": "Feature", "properties": {"unit_id": "A0144", "group_id": "13-s-dryland-triticale", "crop_sequence": "Triticale", "crop_sequence_en": "Triticale", "system_class": "dryland", "system_es": "Secano", "system_en": "Dryland", "pivot_id": null, "analysis_area_ha": 4.331338615152133}, "geometry": {"type": "Polygon", "coordinates": [[[-0.02938018891190428, 41.4755603497655], [-0.027613041902630142, 41.47640663336339], [-0.027583797803706896, 41.47621492344128], [-0.02761253422353352, 41.476061751310716], [-0.02758261153217475, 41.47598602488231], [-0.027235843666186636, 41.47576639525932], [-0.026957571455768468, 41.475478348735614], [-0.026779113173173524, 41.47514528383205], [-0.026596964016877687, 41.47462207680864], [-0.026435072941292454, 41.47432362048631], [-0.02883089852061647, 41.47378674302166], [-0.029340025078610176, 41.47474234271765], [-0.02904226949791222, 41.4747885775656], [-0.028978626025207385, 41.47486995131411], [-0.02938018891190428, 41.4755603497655]]]}}, {"id": "144", "type": "Feature", "properties": {"unit_id": "A0145", "group_id": "13-s-dryland-triticale", "crop_sequence": "Triticale", "crop_sequence_en": "Triticale", "system_class": "dryland", "system_es": "Secano", "system_en": "Dryland", "pivot_id": null, "analysis_area_ha": 2.1839221534611717}, "geometry": {"type": "MultiPolygon", "coordinates": [[[[-0.030575265146281824, 41.472749651665346], [-0.03011886105251376, 41.472790316311844], [-0.0294813090453136, 41.47292879601696], [-0.029105647563661716, 41.47285543489664], [-0.029351066652535902, 41.472705175759025], [-0.029618343851547383, 41.47243254210521], [-0.02982979367217331, 41.47235573334961], [-0.029897635605422877, 41.472291045196236], [-0.030018681537992267, 41.47240348821176], [-0.030575265146281824, 41.472749651665346]]], [[[-0.02979821665279691, 41.472154868506095], [-0.029646197529245653, 41.47216766446288], [-0.029486819931581667, 41.47223226168135], [-0.029177840988833893, 41.4725443025511], [-0.028823188020509455, 41.47276760420722], [-0.02871341451804653, 41.47273419857199], [-0.028517908713005333, 41.47258041549521], [-0.02822283383399131, 41.472247998849014], [-0.02812486654423392, 41.47207760480815], [-0.028178911970477158, 41.471929613920125], [-0.028109032390957113, 41.47176126716739], [-0.027648608690788216, 41.47128590631509], [-0.027645939443134482, 41.47116952753493], [-0.027544932535145644, 41.47111212243192], [-0.027833655694873564, 41.47108005325938], [-0.028052773477985588, 41.47114853330971], [-0.028203736028606815, 41.47115881922824], [-0.02835352592382621, 41.47113255542568], [-0.028622478433320442, 41.47097932832389], [-0.028725920185743017, 41.47102563258261], [-0.028941677551061522, 41.4712481775102], [-0.028959453537122603, 41.471459086871505], [-0.02901070622143947, 41.471535204000496], [-0.029183519550305417, 41.47164312282787], [-0.029487126241007727, 41.47170002557875], [-0.029583624506411815, 41.471799434968524], [-0.02962271650189453, 41.47190843056311], [-0.02979821665279691, 41.472154868506095]]]]}}, {"id": "145", "type": "Feature", "properties": {"unit_id": "A0146", "group_id": "13-s-dryland-triticale", "crop_sequence": "Triticale", "crop_sequence_en": "Triticale", "system_class": "dryland", "system_es": "Secano", "system_en": "Dryland", "pivot_id": null, "analysis_area_ha": 6.35663788994459}, "geometry": {"type": "MultiPolygon", "coordinates": [[[[-0.028722114075378013, 41.47362328644165], [-0.026339484376144147, 41.47415720675522], [-0.025713743028077694, 41.47251630503473], [-0.025792871580496837, 41.472511149326834], [-0.0258510677506037, 41.47246854536384], [-0.025964242622064516, 41.47216499901863], [-0.025928183046374367, 41.47192430180515], [-0.025859302780920773, 41.471761864857534], [-0.02528241957148522, 41.47107253065982], [-0.024539384494943275, 41.47051651762444], [-0.02349798101454236, 41.469815319495076], [-0.023301525927485685, 41.46951482368038], [-0.024397928107659145, 41.46988216231438], [-0.025033550863815018, 41.4701598948958], [-0.02556990785437358, 41.47030193218052], [-0.025941304804391063, 41.47050470324039], [-0.026710335463710516, 41.471182189337725], [-0.0269179309145247, 41.47127085486057], [-0.026899533021946954, 41.47134213568689], [-0.02707935952120105, 41.47178854958256], [-0.02715521474097789, 41.47221611481818], [-0.02727679005428452, 41.47252133130285], [-0.02733743275539083, 41.47259075460815], [-0.027412070615324864, 41.47261095880731], [-0.02752644456270499, 41.47254958619605], [-0.02751834436621463, 41.472379440042815], [-0.02741873887576495, 41.47210133015367], [-0.027365002011061172, 41.47170025027575], [-0.027223136252390603, 41.4713677017692], [-0.02748868598923024, 41.47147477799457], [-0.027758812867782527, 41.471745469647786], [-0.02782299070888418, 41.471854502143664], [-0.027830366282975236, 41.471963213577816], [-0.027714477714801945, 41.47223431904797], [-0.027655483643501868, 41.47262630669127], [-0.02781477225183762, 41.47300800798399], [-0.02826171655772052, 41.473394953463014], [-0.028722114075378013, 41.47362328644165]]], [[[-0.025638762503809535, 41.47231780785546], [-0.025524043030006757, 41.47201410693722], [-0.025322622741199778, 41.47148088347776], [-0.02557866899240216, 41.47179277172277], [-0.025684652264592954, 41.47200115960153], [-0.02570342791352754, 41.4721510586803], [-0.025638762503809535, 41.47231780785546]]]]}}, {"id": "146", "type": "Feature", "properties": {"unit_id": "A0147", "group_id": "13-s-dryland-triticale", "crop_sequence": "Triticale", "crop_sequence_en": "Triticale", "system_class": "dryland", "system_es": "Secano", "system_en": "Dryland", "pivot_id": null, "analysis_area_ha": 0.7930225045019295}, "geometry": {"type": "Polygon", "coordinates": [[[-0.03437346383431812, 41.49222999372134], [-0.033481710031024806, 41.492229993617194], [-0.03326265879920141, 41.4919560488084], [-0.033062179318995584, 41.49177622301763], [-0.03309175282167128, 41.49168308646493], [-0.03320941234452452, 41.49162742571035], [-0.03361968966905548, 41.49161650352881], [-0.03385088547265095, 41.49154588159707], [-0.03398697790328869, 41.49146490474094], [-0.03418129185618019, 41.49122753777226], [-0.03427587965584653, 41.49129214628745], [-0.0344242087647997, 41.4914779329616], [-0.03437346383431812, 41.49222999372134]]]}}, {"id": "147", "type": "Feature", "properties": {"unit_id": "A0148", "group_id": "13-s-dryland-triticale", "crop_sequence": "Triticale", "crop_sequence_en": "Triticale", "system_class": "dryland", "system_es": "Secano", "system_en": "Dryland", "pivot_id": null, "analysis_area_ha": 1.9137481865769117}, "geometry": {"type": "MultiPolygon", "coordinates": [[[[-0.02692016718266528, 41.480244583344174], [-0.026574528412042542, 41.48060389108072], [-0.02650506981546008, 41.4807444429231], [-0.026474805823532975, 41.480953561964064], [-0.026221647822213517, 41.48115605525212], [-0.026074479002969716, 41.481024491332626], [-0.02577596477547568, 41.480615225848894], [-0.025637528678634298, 41.48049101112375], [-0.0247425273879556, 41.48011370023452], [-0.024424447037869192, 41.47989546789244], [-0.024154392697953202, 41.47975469158133], [-0.024075210790839116, 41.479695361379484], [-0.02405145987632103, 41.479672363716375], [-0.024509705034309187, 41.47981474665822], [-0.024648579729623647, 41.47989116301494], [-0.024800594524871742, 41.479921932987665], [-0.024961219252860562, 41.48001666534004], [-0.024945598292793008, 41.48008154703621], [-0.024991058162920177, 41.48014373735297], [-0.02521674706367604, 41.480250558417936], [-0.02579786844892895, 41.48031204588446], [-0.02614976072169828, 41.480202865424204], [-0.026551463774181282, 41.480171972896535], [-0.026763855935458894, 41.480184409924036], [-0.02692016718266528, 41.480244583344174]]], [[[-0.024040942639950415, 41.479662180023674], [-0.023950289682855164, 41.479576331142724], [-0.023775759497308976, 41.47953669140172], [-0.02326819937416773, 41.47928733955145], [-0.023204483771589096, 41.47914887777482], [-0.023543829972977735, 41.479324003595984], [-0.023879290554425694, 41.479445340404546], [-0.024040942639950415, 41.479662180023674]]], [[[-0.026177461856670744, 41.47956642510675], [-0.025981656989092963, 41.47960264039542], [-0.02571939265152888, 41.47973590433392], [-0.025564450219996978, 41.47975601031269], [-0.02545430110595961, 41.4797465358746], [-0.02527570823760929, 41.47959529572377], [-0.02506126390143293, 41.479521147986866], [-0.02490826424821173, 41.47950192810645], [-0.024608322319667815, 41.47954045883577], [-0.02442335868421658, 41.47951223132888], [-0.02429256324686831, 41.479384472785696], [-0.024145649920129353, 41.47914453596618], [-0.02420206519858545, 41.478920452965525], [-0.024900655837990178, 41.47903759896698], [-0.025540149987384138, 41.47898453723973], [-0.02584542010386566, 41.478916225243395], [-0.0262088111868437, 41.47948380854014], [-0.026177461856670744, 41.47956642510675]]], [[[-0.02388380571113669, 41.47898977987083], [-0.023831393949203937, 41.47913245347524], [-0.023730146648931517, 41.47914909617989], [-0.02370352422251757, 41.47912583052713], [-0.02388380571113669, 41.47898977987083]]]]}}, {"id": "148", "type": "Feature", "properties": {"unit_id": "A0149", "group_id": "13-s-dryland-triticale", "crop_sequence": "Triticale", "crop_sequence_en": "Triticale", "system_class": "dryland", "system_es": "Secano", "system_en": "Dryland", "pivot_id": null, "analysis_area_ha": 11.43799427528885}, "geometry": {"type": "MultiPolygon", "coordinates": [[[[-0.03102088662135296, 41.46459656547994], [-0.03096340537632501, 41.4648312401547], [-0.030746626836827905, 41.464723497810674], [-0.0306221975975424, 41.464694598269965], [-0.03041657254482867, 41.464692730049194], [-0.03032938569728642, 41.464744331063386], [-0.030248361336766266, 41.465065605426354], [-0.03031235778496393, 41.46515499411835], [-0.030523593510741055, 41.46520729350194], [-0.03043825966909253, 41.465285863457126], [-0.03042608460572678, 41.465436863206975], [-0.030501745350827943, 41.46572490626615], [-0.030529947666689462, 41.46602990249301], [-0.030476112523166864, 41.46611893369487], [-0.03010914923223527, 41.46605713144427], [-0.03011691272493187, 41.46571633475888], [-0.03002113212853324, 41.46559281309456], [-0.029926327106157655, 41.4655555202046], [-0.03004842523095626, 41.46516961251089], [-0.03008232192671957, 41.464650187968154], [-0.029994753348724958, 41.4644740950595], [-0.029656584006964297, 41.464257163126945], [-0.03102088662135296, 41.46459656547994]]], [[[-0.030761083014722176, 41.46518176719243], [-0.030808254690312984, 41.46518640518662], [-0.03083027432203899, 41.46519135789291], [-0.030761083014722176, 41.46518176719243]]], [[[-0.030394141232269748, 41.46633686237866], [-0.030372534959851576, 41.46645000551287], [-0.030412944709209896, 41.46663574618611], [-0.030276746772110993, 41.46720127860347], [-0.03028069403496161, 41.46732841613554], [-0.030338548674357584, 41.4673834251131], [-0.030153818687977476, 41.4681377908657], [-0.029523864827800943, 41.46830252409199], [-0.029132482796991044, 41.4683657520804], [-0.027653234740696076, 41.46840170091452], [-0.02649086609598489, 41.46852805248842], [-0.02654005834908301, 41.46820375230114], [-0.02648836327781352, 41.46806548575126], [-0.026314754166587802, 41.467884239674774], [-0.02627186610315861, 41.46734809213427], [-0.027094709878528123, 41.467217094293325], [-0.02723420142389354, 41.46716766208173], [-0.02726210298583686, 41.46708678291985], [-0.02720008496279334, 41.46702707902178], [-0.027038269459716276, 41.467010136530206], [-0.02647259869287645, 41.467082043682595], [-0.02638167676518012, 41.46699066335994], [-0.026294380443257426, 41.466634591397614], [-0.026472782205828462, 41.466098232647795], [-0.026752355924917592, 41.46615857849631], [-0.026851841286843477, 41.46612029728002], [-0.026887463088022198, 41.46606536989218], [-0.02683441540832454, 41.46597835233907], [-0.02656945138134359, 41.465867451769206], [-0.02653290437206913, 41.465702875151926], [-0.02644891523640086, 41.465674516181245], [-0.025645672226192705, 41.46566457290276], [-0.025816438159212068, 41.46555304839426], [-0.02586869058545712, 41.46532364317809], [-0.026415923612801033, 41.46505007084192], [-0.02651249109799821, 41.4650361592202], [-0.026800140254124378, 41.46509305315801], [-0.027012559351682196, 41.46503406969662], [-0.027044320930699747, 41.464959967571644], [-0.026962447975335112, 41.46469361409318], [-0.027139268597916953, 41.46463670309482], [-0.027176585779841774, 41.46453680775605], [-0.027359235130743016, 41.46459557181539], [-0.027952281424850133, 41.46464306750811], [-0.029090625192424818, 41.46460597851202], [-0.02937573758056605, 41.46462991078537], [-0.02959989913220018, 41.464699892121786], [-0.028570084679393697, 41.46482242313987], [-0.028022163964298127, 41.464764050643105], [-0.027836941132977727, 41.46480711099888], [-0.027661113759682072, 41.46495218234321], [-0.027655342010865808, 41.4650368835429], [-0.02775740062264966, 41.46508848142816], [-0.028311525348477105, 41.465082018676235], [-0.028747176650857846, 41.46511686524835], [-0.029325519216917787, 41.46507811971963], [-0.029267864499421776, 41.46521924481577], [-0.029342787593625446, 41.465521014237076], [-0.029334790850609825, 41.46582573650546], [-0.029355934999904246, 41.46592683262831], [-0.029480196888409232, 41.466076519350224], [-0.029285130986821513, 41.46611766740206], [-0.029154702646970367, 41.4662078249459], [-0.028613210819916315, 41.46618040948431], [-0.0284866010420648, 41.46620617429834], [-0.027866850070064352, 41.4666791905657], [-0.027617357085555194, 41.466744761525696], [-0.027492660698683443, 41.46681788686538], [-0.027407528520235692, 41.46693757456507], [-0.02743939027279488, 41.467091720425785], [-0.02748514097206925, 41.46714263150261], [-0.027587110064807064, 41.46715659888248], [-0.02776224267715566, 41.46709008918417], [-0.028000495724262022, 41.466915497618906], [-0.028262972393870756, 41.46678317810898], [-0.028643577145923128, 41.46649015666207], [-0.029124440701942103, 41.46656965222395], [-0.02967270544303405, 41.46659648665844], [-0.029810557561063048, 41.46653745558542], [-0.0298886659146024, 41.46627333088863], [-0.030394141232269748, 41.46633686237866]]], [[[-0.02704437797159276, 41.46446207911666], [-0.02695210365078426, 41.464470638322304], [-0.026925592404119254, 41.46439068892767], [-0.026952003501076908, 41.46438919733556], [-0.02704437797159276, 41.46446207911666]]], [[[-0.026788418820737885, 41.46421331211511], [-0.02638633032954293, 41.46402618246596], [-0.026215747534352612, 41.463996919451354], [-0.026061208235474004, 41.46400699768338], [-0.026100721924922007, 41.46393885344996], [-0.026990027698517834, 41.464014577357766], [-0.026848869220663374, 41.46420276934841], [-0.026788418820737885, 41.46421331211511]]], [[[-0.025855382846388313, 41.46428666921171], [-0.02585572572743351, 41.464308782542744], [-0.025841542307586573, 41.46430964041287], [-0.025855382846388313, 41.46428666921171]]], [[[-0.02592871502716536, 41.46451685123466], [-0.025917263330959218, 41.4646113420571], [-0.02574247966520458, 41.4646248794141], [-0.025726022246930606, 41.464521004009555], [-0.02592871502716536, 41.46451685123466]]], [[[-0.02592340928663966, 41.46483258897359], [-0.025836262769230095, 41.46495565542528], [-0.025656658633403048, 41.46490935215486], [-0.025686027392114383, 41.46484852920136], [-0.02592340928663966, 41.46483258897359]]], [[[-0.02567551240766236, 41.46514070853356], [-0.025618842322027463, 41.46520505578736], [-0.025467227423659578, 41.465090001570694], [-0.02549127755672523, 41.46507952202146], [-0.02567551240766236, 41.46514070853356]]], [[[-0.025253934700615557, 41.46523823764724], [-0.025279916943474045, 41.46526242933525], [-0.025248208966025688, 41.465242079901344], [-0.025253934700615557, 41.46523823764724]]]]}}, {"id": "149", "type": "Feature", "properties": {"unit_id": "A0150", "group_id": "13-s-dryland-triticale", "crop_sequence": "Triticale", "crop_sequence_en": "Triticale", "system_class": "dryland", "system_es": "Secano", "system_en": "Dryland", "pivot_id": null, "analysis_area_ha": 2.1962471051541876}, "geometry": {"type": "Polygon", "coordinates": [[[-0.040574585336499505, 41.46622610525067], [-0.040270461458994516, 41.466129132043946], [-0.03980907590176283, 41.46592662351232], [-0.03905670062169444, 41.46544933437257], [-0.03868016581450373, 41.4653200524788], [-0.03811072823082123, 41.46521743926868], [-0.03781995921584619, 41.46505961257709], [-0.037427073502649746, 41.46467926983113], [-0.03718294573365091, 41.464309048055874], [-0.03660246576927233, 41.46371493528509], [-0.03671714008612548, 41.46354353044316], [-0.036734187722564, 41.46345930126475], [-0.036697745750365635, 41.463374665334456], [-0.036619681205112185, 41.463336869689435], [-0.03660413597633285, 41.463217091451796], [-0.03771878084749167, 41.463914416750455], [-0.037921145990945836, 41.46414191709732], [-0.038091580887271444, 41.46426029323367], [-0.038229637523464505, 41.46442082130032], [-0.03853869079729628, 41.46468097473503], [-0.03867862947539868, 41.46487193900945], [-0.03878852719407046, 41.4649359719376], [-0.03921867725018158, 41.46507139396163], [-0.03936373095825804, 41.46515448147464], [-0.039665624661078994, 41.465446875790896], [-0.0399853925078965, 41.46555766851089], [-0.040157343307883654, 41.465651853771476], [-0.04051770836016022, 41.4660673941502], [-0.040574585336499505, 41.46622610525067]]]}}, {"id": "150", "type": "Feature", "properties": {"unit_id": "A0151", "group_id": "13-s-dryland-triticale", "crop_sequence": "Triticale", "crop_sequence_en": "Triticale", "system_class": "dryland", "system_es": "Secano", "system_en": "Dryland", "pivot_id": null, "analysis_area_ha": 1.1636181403687182}, "geometry": {"type": "MultiPolygon", "coordinates": [[[[-0.03854379257224232, 41.46570513971779], [-0.03849007368213759, 41.46577909197935], [-0.038534535915120724, 41.465850159173264], [-0.03878575186956522, 41.46596735985092], [-0.038980185056621264, 41.46601680426473], [-0.03928562928600535, 41.46618365219385], [-0.034806528236195594, 41.46497034794185], [-0.03481370103278172, 41.46494719664788], [-0.034991274811739054, 41.46493882804825], [-0.035223263555502524, 41.46475516580646], [-0.035272478283306874, 41.46477375601145], [-0.03547403300921567, 41.46501330379098], [-0.035901883545375594, 41.46516431295239], [-0.036398607276594185, 41.46526839599288], [-0.03666290910368624, 41.46516526615432], [-0.03678107826465503, 41.465078776101485], [-0.036909650015922744, 41.46488804598229], [-0.036916802240654155, 41.46472562852077], [-0.03685636983777329, 41.46457363057979], [-0.03694069106277328, 41.464564971393855], [-0.03699205756717933, 41.46452511614073], [-0.0371204096446187, 41.4648695711363], [-0.03733266213506931, 41.46499635417321], [-0.03777554099790966, 41.46537476964545], [-0.03815051585471866, 41.46558533236951], [-0.03854379257224232, 41.46570513971779]]], [[[-0.03679195537302769, 41.464324337298876], [-0.03669604428172141, 41.46429575913686], [-0.036642233400021346, 41.4642034119856], [-0.03672400634331991, 41.464240686699284], [-0.03679195537302769, 41.464324337298876]]]]}}, {"id": "151", "type": "Feature", "properties": {"unit_id": "A0152", "group_id": "13-s-dryland-triticale", "crop_sequence": "Triticale", "crop_sequence_en": "Triticale", "system_class": "dryland", "system_es": "Secano", "system_en": "Dryland", "pivot_id": null, "analysis_area_ha": 4.900874798963767}, "geometry": {"type": "Polygon", "coordinates": [[[-0.034773326883984206, 41.46201891377545], [-0.03438549398467778, 41.46228228723983], [-0.034032348614279805, 41.462672763573245], [-0.033920075159576936, 41.462729792064415], [-0.03381263651471341, 41.46266799324129], [-0.033708512345418405, 41.462672630968314], [-0.033415970302682244, 41.46293873055685], [-0.03334509790122568, 41.46294176308149], [-0.033440141569770265, 41.4628693477805], [-0.03354067919979034, 41.46271593622807], [-0.0336705008958935, 41.46268618704698], [-0.03371836670140812, 41.46261745967169], [-0.033653859177522366, 41.46252101219146], [-0.03342585255472469, 41.46238457252793], [-0.03333538647527594, 41.46238606468479], [-0.033244531679703516, 41.462447088120626], [-0.03322306431376621, 41.46257833240884], [-0.03315535564010833, 41.46265364341502], [-0.032632892986119585, 41.46284642615019], [-0.03249120448748817, 41.46296662774582], [-0.03243796324259723, 41.4629720438634], [-0.0320978298157054, 41.46278949068369], [-0.03176629328203031, 41.46248420044185], [-0.03152437550039583, 41.462364934321876], [-0.030938380675003232, 41.46224619617556], [-0.030774690778084767, 41.462272300668864], [-0.030735718062004418, 41.46236876826049], [-0.03082529486650367, 41.462453294163176], [-0.030961450765665484, 41.462490835432064], [-0.03119998504115751, 41.46248584382903], [-0.03144406280350608, 41.46256091203459], [-0.0316356775893737, 41.46267763317221], [-0.031794974103001576, 41.462851105113664], [-0.032210596930349396, 41.46311553500703], [-0.03237023009812456, 41.46318279325614], [-0.032558184222932426, 41.46320164001999], [-0.032393629671260374, 41.46337937766211], [-0.032270719261832594, 41.46345151283638], [-0.032035359896984625, 41.46338413195125], [-0.03156247618355294, 41.46282850256512], [-0.03146261963113574, 41.46278283815427], [-0.03151860600403686, 41.4626846029433], [-0.031433219609414226, 41.46259098659915], [-0.0313186581622886, 41.462587458943545], [-0.03116573367861161, 41.462665487175244], [-0.031066351314527316, 41.46281906334482], [-0.031030274356672882, 41.46298880218202], [-0.030553211268931582, 41.462829680593046], [-0.030188011053145947, 41.462798480773294], [-0.029692182122911706, 41.462647772749776], [-0.02909490655287975, 41.462581716772135], [-0.029074476521234318, 41.46234690296678], [-0.029117259687339, 41.462153073971066], [-0.030596570873809046, 41.46170364373964], [-0.031106779338398668, 41.46160321152442], [-0.03170512001525362, 41.461433796559135], [-0.031840136208817045, 41.46143453829096], [-0.03241005205258453, 41.46154981231967], [-0.03249968148937934, 41.46162721452859], [-0.03254281698502527, 41.46181509845869], [-0.03280852083338142, 41.46213893661681], [-0.03301597050056038, 41.46232472640475], [-0.033128391756636004, 41.46238141602248], [-0.03321858116542918, 41.46237804867879], [-0.03328685472977309, 41.46231773604384], [-0.03328395681880464, 41.46223068545309], [-0.033022004818113126, 41.4620145936494], [-0.03283898729823996, 41.461549985590764], [-0.03259747100971981, 41.461345144956006], [-0.03308647678653874, 41.461331714719904], [-0.0331653996867591, 41.46139361129428], [-0.03326044668244178, 41.46155650583722], [-0.034097884379542226, 41.46179822390467], [-0.03425314863703975, 41.46181948548538], [-0.0346360554447318, 41.461944112779555], [-0.034773326883984206, 41.46201891377545]]]}}, {"id": "152", "type": "Feature", "properties": {"unit_id": "A0153", "group_id": "13-s-dryland-triticale", "crop_sequence": "Triticale", "crop_sequence_en": "Triticale", "system_class": "dryland", "system_es": "Secano", "system_en": "Dryland", "pivot_id": null, "analysis_area_ha": 2.0888205657357966}, "geometry": {"type": "Polygon", "coordinates": [[[-0.02417054354828007, 41.46012966298858], [-0.02372716838245288, 41.460144169348716], [-0.02369364371539938, 41.46007966081015], [-0.02361121927040476, 41.460050461238346], [-0.02208900418372465, 41.460054164728675], [-0.02178647057300413, 41.46007807491653], [-0.02142539082674855, 41.459870140801485], [-0.021153437384039887, 41.45978300953553], [-0.021092821422979118, 41.45972357989851], [-0.021175767874799696, 41.45948560774802], [-0.02157420680251437, 41.4594923506725], [-0.021730955094930997, 41.45938019727981], [-0.021771936820678277, 41.45929769432839], [-0.021738515653821067, 41.45898814429299], [-0.021853972413042606, 41.458737799375314], [-0.022599614248396616, 41.458949908694386], [-0.022276159179993864, 41.45939692332692], [-0.022282198015223974, 41.4594665532724], [-0.022352570034888754, 41.45951201230048], [-0.024188560560255628, 41.459399186006614], [-0.024361025076281868, 41.45979094002304], [-0.02417054354828007, 41.46012966298858]]]}}, {"id": "153", "type": "Feature", "properties": {"unit_id": "A0154", "group_id": "13-s-dryland-triticale", "crop_sequence": "Triticale", "crop_sequence_en": "Triticale", "system_class": "dryland", "system_es": "Secano", "system_en": "Dryland", "pivot_id": null, "analysis_area_ha": 0.5347658250625019}, "geometry": {"type": "Polygon", "coordinates": [[[-0.029793850089821113, 41.46363560550221], [-0.02941109958531492, 41.463586735850555], [-0.026350560944020184, 41.46332373520116], [-0.026512677772901044, 41.463062244650295], [-0.026797984911528502, 41.46324253286928], [-0.027036299285297875, 41.46331804728018], [-0.027562818708773675, 41.46327673449345], [-0.028518628261049103, 41.4632672842235], [-0.02914203762057009, 41.463327648372484], [-0.029361309571854247, 41.46340025206952], [-0.029793850089821113, 41.46363560550221]]]}}, {"id": "154", "type": "Feature", "properties": {"unit_id": "A0155", "group_id": "20-r-irrigated-non-pivot-barbecho-tradicional", "crop_sequence": "Barbecho tradicional", "crop_sequence_en": "Traditional fallow", "system_class": "irrigated_non_pivot", "system_es": "Regad\u00edo sin pivote", "system_en": "Irrigated, non-pivot", "pivot_id": null, "analysis_area_ha": 3.6346741607515227}, "geometry": {"type": "Polygon", "coordinates": [[[-0.07401984348380196, 41.481019240697876], [-0.07204328539905241, 41.48363921168787], [-0.07203404595377283, 41.483211603729046], [-0.07196111520279799, 41.48284924646021], [-0.0718303652772586, 41.48249848737633], [-0.07160099057127217, 41.482099352798606], [-0.07134921519930652, 41.48178556481486], [-0.07098659324828425, 41.48144689177752], [-0.07063265229229948, 41.4811949665131], [-0.07017258973248298, 41.48094579994871], [-0.073665263805529, 41.48103940097154], [-0.07401984348380196, 41.481019240697876]]]}}, {"id": "155", "type": "Feature", "properties": {"unit_id": "A0156", "group_id": "20-r-irrigated-non-pivot-barbecho-tradicional", "crop_sequence": "Barbecho tradicional", "crop_sequence_en": "Traditional fallow", "system_class": "irrigated_non_pivot", "system_es": "Regad\u00edo sin pivote", "system_en": "Irrigated, non-pivot", "pivot_id": null, "analysis_area_ha": 1.3788614446108083}, "geometry": {"type": "Polygon", "coordinates": [[[-0.06628507881636651, 41.48083581718158], [-0.06577531526834869, 41.481072413578296], [-0.06491806754337094, 41.48159169704867], [-0.06418774322063682, 41.48239665808205], [-0.06410465431145043, 41.48222116130471], [-0.0641615899214564, 41.48076008433615], [-0.06628507881636651, 41.48083581718158]]]}}, {"id": "156", "type": "Feature", "properties": {"unit_id": "A0157", "group_id": "20-r-irrigated-non-pivot-barbecho-tradicional", "crop_sequence": "Barbecho tradicional", "crop_sequence_en": "Traditional fallow", "system_class": "irrigated_non_pivot", "system_es": "Regad\u00edo sin pivote", "system_en": "Irrigated, non-pivot", "pivot_id": null, "analysis_area_ha": 4.690535125158917}, "geometry": {"type": "Polygon", "coordinates": [[[-0.031900544156596246, 41.47120953419363], [-0.03150888005272011, 41.472821021583705], [-0.030928696575072506, 41.47263483165708], [-0.030247712570536083, 41.47226010133763], [-0.029945730499422007, 41.47190272764896], [-0.029783212011175248, 41.47160742013488], [-0.029672197920304625, 41.47152970461065], [-0.029255164000008493, 41.47142574040843], [-0.029241384791565968, 41.471256494897354], [-0.02915607538335158, 41.47108664889234], [-0.029073610812199606, 41.470977657959445], [-0.028830846965831616, 41.47082185413005], [-0.028677328448896457, 41.47077494246781], [-0.028501141665534163, 41.470810187386256], [-0.028370959056106208, 41.470882498963164], [-0.02815848343361768, 41.470876411455095], [-0.027786838174595974, 41.47063489763986], [-0.02729465662276199, 41.470448353338384], [-0.02711289765801455, 41.47015640429961], [-0.027665458176070776, 41.47013768968162], [-0.028409932293991934, 41.47020318060809], [-0.028803907473693616, 41.47016712208767], [-0.029059282287233125, 41.47010651639569], [-0.029224325227953565, 41.4701131637052], [-0.029747564692372525, 41.47030893560263], [-0.029948924279352362, 41.47047452445966], [-0.030374683803226082, 41.47071264284653], [-0.030833673803016683, 41.470853187063135], [-0.03133714276205197, 41.47112712330852], [-0.0314445441389143, 41.47116335323987], [-0.031900544156596246, 41.47120953419363]]]}}, {"id": "157", "type": "Feature", "properties": {"unit_id": "A0158", "group_id": "20-r-irrigated-non-pivot-barbecho-tradicional", "crop_sequence": "Barbecho tradicional", "crop_sequence_en": "Traditional fallow", "system_class": "irrigated_non_pivot", "system_es": "Regad\u00edo sin pivote", "system_en": "Irrigated, non-pivot", "pivot_id": null, "analysis_area_ha": 0.8813053881347723}, "geometry": {"type": "Polygon", "coordinates": [[[-0.058130395480763375, 41.48062361646951], [-0.0575745307991851, 41.480907551213036], [-0.05712398331962491, 41.4812238315086], [-0.05673836482028938, 41.48158822659018], [-0.056408871867067084, 41.482022710583195], [-0.0564727205374432, 41.48057634739281], [-0.058130395480763375, 41.48062361646951]]]}}, {"id": "158", "type": "Feature", "properties": {"unit_id": "A0159", "group_id": "20-r-pivot-barbecho-tradicional", "crop_sequence": "Barbecho tradicional", "crop_sequence_en": "Traditional fallow", "system_class": "pivot", "system_es": "Pivote central", "system_en": "Centre pivot", "pivot_id": "P01", "analysis_area_ha": 0.6517720125050537}, "geometry": {"type": "Polygon", "coordinates": [[[-0.07162369170903647, 41.484195321739584], [-0.07169514702726136, 41.48349103182945], [-0.07160281398330286, 41.4830118090113], [-0.07142361786538635, 41.482581004417064], [-0.07116214238161521, 41.482188576604166], [-0.07086875288349849, 41.48186584122976], [-0.0702396856824978, 41.481398640100316], [-0.06978858899554724, 41.48114962635583], [-0.0691544867568049, 41.48091834848497], [-0.06962660065320801, 41.48093107937905], [-0.07026437396327291, 41.48120786212608], [-0.07087203804436762, 41.48161959754941], [-0.07134498289275279, 41.482121448499804], [-0.07166022353869547, 41.482689028864066], [-0.07179547008367328, 41.4832264770168], [-0.07177780461952663, 41.483841430521736], [-0.07172802301598685, 41.48405707216302], [-0.07162369170903647, 41.484195321739584]]]}}, {"id": "159", "type": "Feature", "properties": {"unit_id": "A0160", "group_id": "20-r-pivot-barbecho-tradicional", "crop_sequence": "Barbecho tradicional", "crop_sequence_en": "Traditional fallow", "system_class": "pivot", "system_es": "Pivote central", "system_en": "Centre pivot", "pivot_id": "P01", "analysis_area_ha": 19.066587219306907}, "geometry": {"type": "Polygon", "coordinates": [[[-0.07064758344198316, 41.48548871538037], [-0.07020767845550618, 41.48577020584471], [-0.06965458476762768, 41.4860074183215], [-0.06905569876572284, 41.48617003231218], [-0.06842865637791727, 41.48625325918693], [-0.0676166712043263, 41.48624047467442], [-0.06732124760444068, 41.48588923544938], [-0.0667399742741041, 41.485716205655024], [-0.06694443724670504, 41.48085874420642], [-0.0680067832188431, 41.480887391869274], [-0.06869257293753327, 41.48098757716311], [-0.0693824277741469, 41.481184571125546], [-0.06966500877048183, 41.481303898125525], [-0.07008329372116495, 41.4815350094727], [-0.07038100217196074, 41.48173848051276], [-0.0706879429950884, 41.481984026964554], [-0.07095178606670195, 41.482274712708424], [-0.0712014072970929, 41.48264873805486], [-0.07136731752291785, 41.483044938454015], [-0.07145539884212147, 41.48349913721064], [-0.0714136206164614, 41.48407022409062], [-0.07130418391911278, 41.48446841247547], [-0.07114309782640785, 41.48483211055656], [-0.07064758344198316, 41.48548871538037]]]}}, {"id": "160", "type": "Feature", "properties": {"unit_id": "A0161", "group_id": "20-r-pivot-barbecho-tradicional", "crop_sequence": "Barbecho tradicional", "crop_sequence_en": "Traditional fallow", "system_class": "pivot", "system_es": "Pivote central", "system_en": "Centre pivot", "pivot_id": "P01", "analysis_area_ha": 6.968494561440026}, "geometry": {"type": "Polygon", "coordinates": [[[-0.06650478454891566, 41.485613397500835], [-0.06591496414780679, 41.48524615211142], [-0.0653029346329787, 41.48510309791103], [-0.06506219394818671, 41.48507643301449], [-0.06476967089413488, 41.484705074916405], [-0.06453882009377233, 41.48425886078693], [-0.06441281783139882, 41.48378953811539], [-0.06439116363074852, 41.48337933437038], [-0.0644497844826238, 41.48297118112446], [-0.06461784379206009, 41.482509369552616], [-0.06484375755468162, 41.48213564342701], [-0.06514014520391997, 41.48179088894734], [-0.06554364725407609, 41.48145156319199], [-0.06604325426311308, 41.48122240499767], [-0.06669785301066349, 41.481027031044256], [-0.06650478454891566, 41.485613397500835]]]}}, {"id": "161", "type": "Feature", "properties": {"unit_id": "A0162", "group_id": "20-r-pivot-barbecho-tradicional", "crop_sequence": "Barbecho tradicional", "crop_sequence_en": "Traditional fallow", "system_class": "pivot", "system_es": "Pivote central", "system_en": "Centre pivot", "pivot_id": "P02", "analysis_area_ha": 1.7536549857405028}, "geometry": {"type": "Polygon", "coordinates": [[[-0.06359911523421798, 41.48434748368021], [-0.06349877264137495, 41.48428847341058], [-0.06337072633281882, 41.48412513184881], [-0.06315343282336326, 41.4839744096999], [-0.062937286506271, 41.48388400649835], [-0.06282368269406477, 41.48386867364128], [-0.06276133494215011, 41.483803833058445], [-0.06286277399759714, 41.48160632948972], [-0.06342178338008217, 41.48219200513326], [-0.06371169828373266, 41.482758116763094], [-0.06376986420776479, 41.482998141713786], [-0.06376219237369364, 41.48392112732202], [-0.06371479842976523, 41.484167111557625], [-0.06359911523421798, 41.48434748368021]]]}}, {"id": "162", "type": "Feature", "properties": {"unit_id": "A0163", "group_id": "20-r-pivot-barbecho-tradicional", "crop_sequence": "Barbecho tradicional", "crop_sequence_en": "Traditional fallow", "system_class": "pivot", "system_es": "Pivote central", "system_en": "Centre pivot", "pivot_id": "P02", "analysis_area_ha": 1.1525299454872033}, "geometry": {"type": "Polygon", "coordinates": [[[-0.06252922161620052, 41.48357401765452], [-0.06209197740708546, 41.48301446328935], [-0.06188193573435773, 41.48265661574866], [-0.06202573136581418, 41.481801086961454], [-0.062026525316861446, 41.48141123876235], [-0.061992176746982666, 41.481295903904154], [-0.062029736093074106, 41.48106873849606], [-0.06263231438794113, 41.48141631193384], [-0.06252922161620052, 41.48357401765452]]]}}, {"id": "163", "type": "Feature", "properties": {"unit_id": "A0164", "group_id": "20-r-pivot-barbecho-tradicional", "crop_sequence": "Barbecho tradicional", "crop_sequence_en": "Traditional fallow", "system_class": "pivot", "system_es": "Pivote central", "system_en": "Centre pivot", "pivot_id": "P02", "analysis_area_ha": 14.947503384469394}, "geometry": {"type": "Polygon", "coordinates": [[[-0.06264505718694063, 41.48549837638601], [-0.06226957343425537, 41.485743965774475], [-0.06217014102989957, 41.48572356242178], [-0.06195869421683199, 41.48576716726323], [-0.06180274750668914, 41.48587477333186], [-0.06175297464959087, 41.48595892090832], [-0.061579288419944006, 41.486035268167754], [-0.06074985275243047, 41.48622785959848], [-0.06020271108885511, 41.48627230341815], [-0.060023671462311516, 41.4861579452052], [-0.05985656254863707, 41.486125278443126], [-0.059706836334006815, 41.4861417616474], [-0.05954249646135604, 41.48609889359228], [-0.05921559375696317, 41.48579825872333], [-0.059614968994309264, 41.485664130336595], [-0.05965948964377729, 41.48560252813768], [-0.05962355164141607, 41.48552902723438], [-0.059452389960377536, 41.48544674066407], [-0.05900972072935731, 41.485341684040996], [-0.05869468170957148, 41.48520437767064], [-0.05894725129985634, 41.48064689264324], [-0.06075903817901987, 41.480698395929956], [-0.06134839570296823, 41.48085053961151], [-0.06179708957957023, 41.48101739791391], [-0.061751587757461264, 41.48130533030161], [-0.061787121647642634, 41.48142202658225], [-0.06178557924417715, 41.481795222502456], [-0.061643500645713806, 41.48268913078808], [-0.06207134295728692, 41.48336899630894], [-0.06249601226302274, 41.48384901677259], [-0.06228079773520294, 41.48393413459766], [-0.06206736779940492, 41.48409525586551], [-0.061980729432515785, 41.484288960746106], [-0.06153163636427467, 41.48479686126576], [-0.06145874400321106, 41.48499134537285], [-0.061506025762906966, 41.485093512928465], [-0.06162439186650801, 41.48515223281598], [-0.061940520623843566, 41.485254058875164], [-0.062443520237014785, 41.48548859710178], [-0.06264505718694063, 41.48549837638601]]]}}, {"id": "164", "type": "Feature", "properties": {"unit_id": "A0165", "group_id": "20-r-pivot-barbecho-tradicional", "crop_sequence": "Barbecho tradicional", "crop_sequence_en": "Traditional fallow", "system_class": "pivot", "system_es": "Pivote central", "system_en": "Centre pivot", "pivot_id": "P02", "analysis_area_ha": 7.006467984944495}, "geometry": {"type": "Polygon", "coordinates": [[[-0.05846016787231779, 41.48511255345906], [-0.058260315789376425, 41.485054005067646], [-0.05777915244513238, 41.485043916173076], [-0.05748384561765444, 41.48497985201557], [-0.05704895076808102, 41.48501077897046], [-0.05689446738390792, 41.48498801383287], [-0.0565367589761356, 41.484472860586514], [-0.05632448034137522, 41.48393436513395], [-0.05637946327604706, 41.482688884622696], [-0.0567813482643114, 41.48206655453664], [-0.05730900563750591, 41.48150273722822], [-0.057624072353270085, 41.48130041784185], [-0.05811774463403841, 41.48104805219994], [-0.058697683512208824, 41.480826993097146], [-0.05846016787231779, 41.48511255345906]]]}}, {"id": "165", "type": "Feature", "properties": {"unit_id": "A0166", "group_id": "20-r-pivot-barbecho-tradicional", "crop_sequence": "Barbecho tradicional", "crop_sequence_en": "Traditional fallow", "system_class": "pivot", "system_es": "Pivote central", "system_en": "Centre pivot", "pivot_id": "P02", "analysis_area_ha": 0.8802197127373529}, "geometry": {"type": "Polygon", "coordinates": [[[-0.05938838285512353, 41.48623715354784], [-0.05898105212197325, 41.48615703468389], [-0.05832106781964303, 41.48592102739448], [-0.057438128644820896, 41.48544660917877], [-0.057127622600671675, 41.48518144152052], [-0.05744465740105649, 41.4851642851393], [-0.05774448905459841, 41.48522213925466], [-0.058218269914161055, 41.48523403158488], [-0.058899035621393314, 41.48550192207456], [-0.05924110268208051, 41.48558857965589], [-0.059011524339673986, 41.48569229650497], [-0.05895569019330661, 41.485808445542894], [-0.05900411124271436, 41.485893027257504], [-0.05938838285512353, 41.48623715354784]]]}}, {"id": "166", "type": "Feature", "properties": {"unit_id": "A0167", "group_id": "20-s-dryland-barbecho-tradicional", "crop_sequence": "Barbecho tradicional", "crop_sequence_en": "Traditional fallow", "system_class": "dryland", "system_es": "Secano", "system_en": "Dryland", "pivot_id": null, "analysis_area_ha": 0.9196974837800004}, "geometry": {"type": "Polygon", "coordinates": [[[-0.061715330076990024, 41.487335191216275], [-0.061704493853347336, 41.48755825271328], [-0.06160481857686088, 41.48774023374096], [-0.06078284558895868, 41.48730574664652], [-0.06071343003332747, 41.48722800976161], [-0.06074643692067002, 41.48700834466653], [-0.06069477008647154, 41.48679557220878], [-0.06043971014989456, 41.48650720611849], [-0.0609800551886239, 41.486457475949834], [-0.061537795527150774, 41.4863474326986], [-0.06146553165437213, 41.48680098647516], [-0.06149998194451816, 41.48685673372254], [-0.06162037966304102, 41.486927663248814], [-0.06161043713055676, 41.4871261315415], [-0.061715330076990024, 41.487335191216275]]]}}, {"id": "167", "type": "Feature", "properties": {"unit_id": "A0168", "group_id": "20-s-dryland-barbecho-tradicional", "crop_sequence": "Barbecho tradicional", "crop_sequence_en": "Traditional fallow", "system_class": "dryland", "system_es": "Secano", "system_en": "Dryland", "pivot_id": null, "analysis_area_ha": 0.44554436258788566}, "geometry": {"type": "Polygon", "coordinates": [[[-0.0420814209884277, 41.46453751564045], [-0.042078112596745834, 41.46462722054602], [-0.04072290972603472, 41.464616403884335], [-0.04006641872546341, 41.46468579626154], [-0.03978767127715115, 41.46487056562552], [-0.03984388573725324, 41.465203077104235], [-0.03941597992843366, 41.464888594540234], [-0.03893094340528596, 41.46469464217219], [-0.03888950610061133, 41.464615382651594], [-0.03931817480692383, 41.46459585786887], [-0.03954794759028539, 41.46462120419994], [-0.03986546529688521, 41.46457298649661], [-0.04005505424870423, 41.464635279245385], [-0.04019969844004688, 41.46464273613371], [-0.04035422851112494, 41.46460325725908], [-0.0404979004439446, 41.46450448189847], [-0.0420814209884277, 41.46453751564045]]]}}, {"id": "168", "type": "Feature", "properties": {"unit_id": "A0169", "group_id": "20-s-dryland-barbecho-tradicional", "crop_sequence": "Barbecho tradicional", "crop_sequence_en": "Traditional fallow", "system_class": "dryland", "system_es": "Secano", "system_en": "Dryland", "pivot_id": null, "analysis_area_ha": 2.6303726670164442}, "geometry": {"type": "Polygon", "coordinates": [[[-0.04208805230880723, 41.464357569808264], [-0.04047481365338918, 41.46432391626496], [-0.040310557884979545, 41.46396920955556], [-0.040074947111535274, 41.46314688272232], [-0.03978920230451083, 41.462823162644895], [-0.042142614804534816, 41.46287369447388], [-0.042128418921223175, 41.46325896902041], [-0.042051790795855866, 41.46334642514897], [-0.04205499678723053, 41.46369341317023], [-0.04210999704885858, 41.46376160436649], [-0.04208805230880723, 41.464357569808264]]]}}, {"id": "169", "type": "Feature", "properties": {"unit_id": "A0170", "group_id": "20-s-dryland-barbecho-tradicional", "crop_sequence": "Barbecho tradicional", "crop_sequence_en": "Traditional fallow", "system_class": "dryland", "system_es": "Secano", "system_en": "Dryland", "pivot_id": null, "analysis_area_ha": 5.330418491080547}, "geometry": {"type": "MultiPolygon", "coordinates": [[[[-0.042074532427821366, 41.461217411679314], [-0.04202626626303392, 41.462691108875966], [-0.04079656973629421, 41.46266470883922], [-0.040723757311460995, 41.46264029309431], [-0.039918928878368065, 41.4617928532245], [-0.039547028057356735, 41.46150957834183], [-0.039108923495383904, 41.46128701374033], [-0.038776615697156146, 41.461055028892346], [-0.0385527591473314, 41.46103686116519], [-0.038634529448219566, 41.460950061868004], [-0.038584696035189374, 41.46086426526144], [-0.038073648519459644, 41.4607964987866], [-0.03864833697927969, 41.460289055715755], [-0.042074532427821366, 41.461217411679314]]], [[[-0.03776255488745903, 41.46107118365441], [-0.03808020692306753, 41.46119718484013], [-0.038274069304834325, 41.46133277382165], [-0.03866426914269001, 41.46151771984088], [-0.03878295483665592, 41.46155578967131], [-0.038999519062179515, 41.46156372908975], [-0.03936364259911577, 41.46174899089898], [-0.03961455023050079, 41.461955444146035], [-0.04001710826884836, 41.4624589724606], [-0.04021305431293449, 41.46265217456743], [-0.03957777283436426, 41.462632759720634], [-0.03934829910848221, 41.46241576150662], [-0.03918634020560997, 41.462198284854196], [-0.03903621836837459, 41.46188691888387], [-0.0388304713208007, 41.46173095118879], [-0.03859281961112457, 41.46168713469225], [-0.03833846178449781, 41.461722108199986], [-0.03737632701380888, 41.46141220099141], [-0.03776255488745903, 41.46107118365441]]]]}}, {"id": "170", "type": "Feature", "properties": {"unit_id": "A0171", "group_id": "20-s-dryland-barbecho-tradicional", "crop_sequence": "Barbecho tradicional", "crop_sequence_en": "Traditional fallow", "system_class": "dryland", "system_es": "Secano", "system_en": "Dryland", "pivot_id": null, "analysis_area_ha": 10.708298878728325}, "geometry": {"type": "Polygon", "coordinates": [[[-0.07841533134108275, 41.468909349138784], [-0.07583446074858294, 41.4686986415187], [-0.07623375814342678, 41.46651716190047], [-0.07686013953671525, 41.46663571116839], [-0.07739062106363186, 41.466786123344136], [-0.07753521475263679, 41.46691433271518], [-0.07762741015692459, 41.46690666348977], [-0.07768718369286712, 41.46684300357728], [-0.07765799180621537, 41.46663733097202], [-0.07756108707491163, 41.46647548642981], [-0.07760618657327223, 41.466250332723654], [-0.07753523418280675, 41.46613081682279], [-0.07733983199852992, 41.46605858780262], [-0.07726911516349047, 41.46608899720434], [-0.07724502881177171, 41.46617111759467], [-0.07719066343057264, 41.46620076171074], [-0.07704572987421297, 41.466210657936855], [-0.07665003584009246, 41.46615897772696], [-0.0763166698351696, 41.466064423481], [-0.07668485679567429, 41.464053124966604], [-0.07675321751449476, 41.46411376887995], [-0.07694922311875708, 41.46414521448307], [-0.07729133970854855, 41.46418307746638], [-0.07776055446267562, 41.46418589414406], [-0.07791075639276422, 41.46421888671217], [-0.07804632083123247, 41.464196350894255], [-0.07810718602439343, 41.46412811410492], [-0.07808573652995114, 41.46403477030947], [-0.07796352805473243, 41.463994954233954], [-0.07748277916216449, 41.4639804401639], [-0.07682189273422252, 41.46390496970702], [-0.07670427510404486, 41.46394704432307], [-0.0769607478387665, 41.46254597261814], [-0.0784153427151546, 41.462697168037515], [-0.07841533134108275, 41.468909349138784]]]}}, {"id": "171", "type": "Feature", "properties": {"unit_id": "A0172", "group_id": "20-s-dryland-barbecho-tradicional", "crop_sequence": "Barbecho tradicional", "crop_sequence_en": "Traditional fallow", "system_class": "dryland", "system_es": "Secano", "system_en": "Dryland", "pivot_id": null, "analysis_area_ha": 15.988238399941919}, "geometry": {"type": "Polygon", "coordinates": [[[-0.0767236868921535, 41.462521327544145], [-0.0760836765612622, 41.466017489401196], [-0.07591378188406275, 41.466031820592924], [-0.07556541516436065, 41.465897878248924], [-0.0752316082943627, 41.465700356696566], [-0.07510089809790473, 41.46559515611111], [-0.07495846633235273, 41.465343521397266], [-0.07488422541076047, 41.46530262301642], [-0.07473303944793501, 41.465303363227356], [-0.07421960893015447, 41.46560220414236], [-0.07417456314466342, 41.465660131796334], [-0.07419907265860123, 41.46573488888272], [-0.07436490142556926, 41.4659096010122], [-0.07464941929202527, 41.46608601781781], [-0.07600000016001757, 41.46647439267658], [-0.07559618371660402, 41.46868051796324], [-0.07269233593143827, 41.46845962375375], [-0.07383466389745982, 41.46222093163985], [-0.0767236868921535, 41.462521327544145]]]}}, {"id": "172", "type": "Feature", "properties": {"unit_id": "A0173", "group_id": "20-s-dryland-barbecho-tradicional", "crop_sequence": "Barbecho tradicional", "crop_sequence_en": "Traditional fallow", "system_class": "dryland", "system_es": "Secano", "system_en": "Dryland", "pivot_id": null, "analysis_area_ha": 6.520067243932818}, "geometry": {"type": "Polygon", "coordinates": [[[-0.072454056890394, 41.468441515231625], [-0.0713643624339558, 41.46835879594488], [-0.07230240462205516, 41.46424946599402], [-0.07187590651113378, 41.462017245443114], [-0.07359760524970166, 41.46219628240422], [-0.072454056890394, 41.468441515231625]]]}}, {"id": "173", "type": "Feature", "properties": {"unit_id": "A0174", "group_id": "20-s-dryland-barbecho-tradicional", "crop_sequence": "Barbecho tradicional", "crop_sequence_en": "Traditional fallow", "system_class": "dryland", "system_es": "Secano", "system_en": "Dryland", "pivot_id": null, "analysis_area_ha": 4.478916674992967}, "geometry": {"type": "Polygon", "coordinates": [[[-0.06959009731663758, 41.463052244900226], [-0.06945695190655424, 41.463085144446886], [-0.06882503027039769, 41.46346206721796], [-0.06839485420838341, 41.46408880059755], [-0.06829527600542391, 41.4641895198862], [-0.06816029966110085, 41.46426381882204], [-0.0680369773935481, 41.46428695351142], [-0.06765830183860615, 41.464212032687925], [-0.06719745294144441, 41.46403806984074], [-0.0660860740454593, 41.46372635142693], [-0.06570305094917364, 41.46377974670295], [-0.0654890304378694, 41.46387298775846], [-0.06532593254067139, 41.46399810577389], [-0.06505916695733104, 41.46355468598125], [-0.06497459175691461, 41.46316977390814], [-0.06452682260843164, 41.462716758646025], [-0.06440332277280816, 41.46251258126977], [-0.06959009731663758, 41.463052244900226]]]}}, {"id": "174", "type": "Feature", "properties": {"unit_id": "A0175", "group_id": "20-s-dryland-barbecho-tradicional", "crop_sequence": "Barbecho tradicional", "crop_sequence_en": "Traditional fallow", "system_class": "dryland", "system_es": "Secano", "system_en": "Dryland", "pivot_id": null, "analysis_area_ha": 6.7858728963444275}, "geometry": {"type": "Polygon", "coordinates": [[[-0.07165946653798712, 41.463085818345206], [-0.07159749888048923, 41.46307937082178], [-0.07113043138509965, 41.46274681588382], [-0.07085176757932769, 41.462677075086745], [-0.07041249846697167, 41.462627360218704], [-0.07006696540447714, 41.4626583511297], [-0.06960519351901187, 41.462871858706485], [-0.06432772529462327, 41.46232298530294], [-0.0645246607963339, 41.461252368823075], [-0.0714418742704965, 41.46197208096862], [-0.07165946653798712, 41.463085818345206]]]}}, {"id": "175", "type": "Feature", "properties": {"unit_id": "A0176", "group_id": "20-s-dryland-barbecho-tradicional", "crop_sequence": "Barbecho tradicional", "crop_sequence_en": "Traditional fallow", "system_class": "dryland", "system_es": "Secano", "system_en": "Dryland", "pivot_id": null, "analysis_area_ha": 2.251758226049182}, "geometry": {"type": "Polygon", "coordinates": [[[-0.06428761077880253, 41.461227698272026], [-0.0640941768546072, 41.46227925851407], [-0.0640040725808956, 41.46217532071924], [-0.06379734585958713, 41.46164928629898], [-0.0637075895987799, 41.461596710735016], [-0.06273552764213847, 41.46182988426988], [-0.062017369670806614, 41.46191280751618], [-0.06176177003771634, 41.46205586616489], [-0.06118196733164469, 41.4619955063451], [-0.061221846778106874, 41.460908617210585], [-0.06428761077880253, 41.461227698272026]]]}}, {"id": "176", "type": "Feature", "properties": {"unit_id": "A0177", "group_id": "20-s-dryland-barbecho-tradicional", "crop_sequence": "Barbecho tradicional", "crop_sequence_en": "Traditional fallow", "system_class": "dryland", "system_es": "Secano", "system_en": "Dryland", "pivot_id": null, "analysis_area_ha": 1.228878804709247}, "geometry": {"type": "Polygon", "coordinates": [[[-0.06091762708657459, 41.46267287518123], [-0.06050542947737858, 41.46267126449351], [-0.06038266281361619, 41.46251424224125], [-0.06030620217070317, 41.462287986653514], [-0.060156759132896996, 41.46211432708725], [-0.06020492959774285, 41.460802730369664], [-0.06098336064737158, 41.46088378824818], [-0.06091762708657459, 41.46267287518123]]]}}, {"id": "177", "type": "Feature", "properties": {"unit_id": "A0178", "group_id": "20-s-dryland-barbecho-tradicional", "crop_sequence": "Barbecho tradicional", "crop_sequence_en": "Traditional fallow", "system_class": "dryland", "system_es": "Secano", "system_en": "Dryland", "pivot_id": null, "analysis_area_ha": 10.219551589164553}, "geometry": {"type": "Polygon", "coordinates": [[[-0.059170008697718525, 41.46447350802115], [-0.05903729328292969, 41.46808760389444], [-0.058741372515947445, 41.46813687792226], [-0.05840595010916828, 41.46813229870515], [-0.05786684438782622, 41.46820756812186], [-0.05693577621420018, 41.468437533296516], [-0.05616256631076553, 41.468566282540266], [-0.05631518050190008, 41.46441414925093], [-0.059170008697718525, 41.46447350802115]]]}}, {"id": "178", "type": "Feature", "properties": {"unit_id": "A0179", "group_id": "20-s-dryland-barbecho-tradicional", "crop_sequence": "Barbecho tradicional", "crop_sequence_en": "Traditional fallow", "system_class": "dryland", "system_es": "Secano", "system_en": "Dryland", "pivot_id": null, "analysis_area_ha": 1.4352190752191745}, "geometry": {"type": "Polygon", "coordinates": [[[-0.05206560735985008, 41.46684982391764], [-0.05195135544137756, 41.468330609170344], [-0.050910911437762406, 41.468230819423994], [-0.05095829582795657, 41.46682866162494], [-0.05206560735985008, 41.46684982391764]]]}}, {"id": "179", "type": "Feature", "properties": {"unit_id": "A0180", "group_id": "20-s-dryland-barbecho-tradicional", "crop_sequence": "Barbecho tradicional", "crop_sequence_en": "Traditional fallow", "system_class": "dryland", "system_es": "Secano", "system_en": "Dryland", "pivot_id": null, "analysis_area_ha": 10.14365143740048}, "geometry": {"type": "Polygon", "coordinates": [[[-0.05078778438081439, 41.46478861237757], [-0.0506722893367409, 41.468207526824706], [-0.0503902616144289, 41.46817960767997], [-0.0500250011638933, 41.46809457556022], [-0.04703439358679966, 41.467170693837254], [-0.04711734871653826, 41.464718485444955], [-0.05078778438081439, 41.46478861237757]]]}}, {"id": "180", "type": "Feature", "properties": {"unit_id": "A0181", "group_id": "20-s-dryland-barbecho-tradicional", "crop_sequence": "Barbecho tradicional", "crop_sequence_en": "Traditional fallow", "system_class": "dryland", "system_es": "Secano", "system_en": "Dryland", "pivot_id": null, "analysis_area_ha": 1.9864487754820286}, "geometry": {"type": "MultiPolygon", "coordinates": [[[[-0.04660751120220988, 41.467064234421876], [-0.04611243668471516, 41.466997428629575], [-0.045610978897975295, 41.46697938012755], [-0.04536053457268834, 41.466914185837105], [-0.04537194602358203, 41.466038610508676], [-0.04573832778744374, 41.466135761623164], [-0.04631178278364089, 41.46617060819487], [-0.04653692261807193, 41.466142027371085], [-0.046633681071630136, 41.46604211572496], [-0.0465779209942627, 41.46593426991536], [-0.04636894366137794, 41.465861514031936], [-0.045814783733454746, 41.46579057301585], [-0.04550443192362286, 41.46569597553335], [-0.045458611946631935, 41.46549595951468], [-0.046014813734853825, 41.46568318646953], [-0.04639445798041427, 41.465777785230685], [-0.04664708487318242, 41.46589516207539], [-0.04660751120220988, 41.467064234421876]]], [[[-0.045357938653632426, 41.46520193748088], [-0.04537702063271836, 41.46468520646495], [-0.04668718298189755, 41.46471026739728], [-0.04665728300837854, 41.46559465809043], [-0.04598840654701932, 41.46541494805824], [-0.04555958891674775, 41.465153109988336], [-0.04543202241287203, 41.465154689060725], [-0.045357938653632426, 41.46520193748088]]]]}}, {"id": "181", "type": "Feature", "properties": {"unit_id": "A0182", "group_id": "20-s-dryland-barbecho-tradicional", "crop_sequence": "Barbecho tradicional", "crop_sequence_en": "Traditional fallow", "system_class": "dryland", "system_es": "Secano", "system_en": "Dryland", "pivot_id": null, "analysis_area_ha": 0.9193060522354514}, "geometry": {"type": "Polygon", "coordinates": [[[-0.05883328413891653, 41.45543800929932], [-0.058690091460511115, 41.456229152962095], [-0.05727988694916693, 41.456009005636595], [-0.05739635912147888, 41.455438008931], [-0.05883328413891653, 41.45543800929932]]]}}, {"id": "182", "type": "Feature", "properties": {"unit_id": "A0183", "group_id": "20-s-dryland-barbecho-tradicional", "crop_sequence": "Barbecho tradicional", "crop_sequence_en": "Traditional fallow", "system_class": "dryland", "system_es": "Secano", "system_en": "Dryland", "pivot_id": null, "analysis_area_ha": 5.310345280101728}, "geometry": {"type": "Polygon", "coordinates": [[[-0.05821943457528362, 41.45877374600115], [-0.05782272266552544, 41.45867867885246], [-0.057580830180482316, 41.45869216441753], [-0.057067535504113906, 41.45848224205422], [-0.05706388207397048, 41.45835918971788], [-0.05714843235402297, 41.45820429636553], [-0.05744774883234298, 41.45797682621236], [-0.05745063676589191, 41.45780137228988], [-0.057365365790257486, 41.457662439533614], [-0.05686386258905519, 41.45745564631551], [-0.056170957294822896, 41.45697637784843], [-0.055380126625459804, 41.456538280506194], [-0.055116415776928177, 41.456438255847296], [-0.05515299970685784, 41.45622805025352], [-0.055539251729369146, 41.455771836872486], [-0.055709819561805755, 41.45543800879567], [-0.05714886563438797, 41.45543800931608], [-0.05702180998090656, 41.45612192636348], [-0.0570639041182113, 41.456201220501235], [-0.05864797720416007, 41.456456842828125], [-0.05821943457528362, 41.45877374600115]]]}}, {"id": "183", "type": "Feature", "properties": {"unit_id": "A0184", "group_id": "20-s-dryland-barbecho-tradicional", "crop_sequence": "Barbecho tradicional", "crop_sequence_en": "Traditional fallow", "system_class": "dryland", "system_es": "Secano", "system_en": "Dryland", "pivot_id": null, "analysis_area_ha": 0.9130398790724493}, "geometry": {"type": "Polygon", "coordinates": [[[-0.055325117211237805, 41.4556904828249], [-0.05492539537974214, 41.456165725638236], [-0.054880470870982946, 41.45640730625968], [-0.054443623683565236, 41.457449473748845], [-0.05431365279210906, 41.457981567953425], [-0.05422796742281584, 41.45812478418634], [-0.05413319642946633, 41.45811258569418], [-0.054636596405256324, 41.45543800862066], [-0.05545405645605724, 41.45543800890393], [-0.055325117211237805, 41.4556904828249]]]}}, {"id": "184", "type": "Feature", "properties": {"unit_id": "A0185", "group_id": "20-s-dryland-barbecho-tradicional", "crop_sequence": "Barbecho tradicional", "crop_sequence_en": "Traditional fallow", "system_class": "dryland", "system_es": "Secano", "system_en": "Dryland", "pivot_id": null, "analysis_area_ha": 4.988539976322441}, "geometry": {"type": "Polygon", "coordinates": [[[-0.057930547506646224, 41.460025063908425], [-0.05733100750315957, 41.460092478076135], [-0.05715842253640583, 41.46015308052342], [-0.05690609098858452, 41.46003853041606], [-0.05606166439831235, 41.45948625439113], [-0.05511882692584747, 41.45860968434578], [-0.05490982740496997, 41.45819211720228], [-0.054619101585376015, 41.45781672687249], [-0.05477586961604465, 41.45725295691802], [-0.055033343205596386, 41.45664479407106], [-0.05508775899682274, 41.456626255972445], [-0.055253230815189985, 41.45669121595495], [-0.05602413780362215, 41.457118600172016], [-0.05673133757146258, 41.45760634779224], [-0.05717695315653645, 41.457780186945975], [-0.057214146152811195, 41.45790428813547], [-0.057074988606758234, 41.4579842068319], [-0.05693811897418269, 41.45811669779894], [-0.05683351016298435, 41.45830812280877], [-0.05680959530609099, 41.458468416332735], [-0.05689327335906885, 41.458614077310145], [-0.05746138108226968, 41.458848212441026], [-0.05757040684339578, 41.45892912646428], [-0.05796470147719505, 41.45898062703043], [-0.057775935048555806, 41.45899869075242], [-0.057346925807564064, 41.459128727809706], [-0.05716441676279051, 41.459243533326244], [-0.057125825615615786, 41.45935720170107], [-0.05714529354725375, 41.45944245201483], [-0.057248993630431434, 41.4595619191432], [-0.05780797432797724, 41.45991624226284], [-0.057930547506646224, 41.460025063908425]]]}}, {"id": "185", "type": "Feature", "properties": {"unit_id": "A0186", "group_id": "20-s-dryland-barbecho-tradicional", "crop_sequence": "Barbecho tradicional", "crop_sequence_en": "Traditional fallow", "system_class": "dryland", "system_es": "Secano", "system_en": "Dryland", "pivot_id": null, "analysis_area_ha": 2.290890007802827}, "geometry": {"type": "Polygon", "coordinates": [[[-0.07049327549503437, 41.45711629349878], [-0.07058676938860708, 41.45759481445759], [-0.06555337587622627, 41.45711665393689], [-0.06564716453456614, 41.45660941149961], [-0.07049327549503437, 41.45711629349878]]]}}, {"id": "186", "type": "Feature", "properties": {"unit_id": "A0187", "group_id": "20-s-dryland-barbecho-tradicional", "crop_sequence": "Barbecho tradicional", "crop_sequence_en": "Traditional fallow", "system_class": "dryland", "system_es": "Secano", "system_en": "Dryland", "pivot_id": null, "analysis_area_ha": 2.1878019641209763}, "geometry": {"type": "Polygon", "coordinates": [[[-0.0707190440951011, 41.458271826565905], [-0.06544117734031905, 41.45772346735386], [-0.06552040813519765, 41.45729495579049], [-0.07062283899174807, 41.45777942626124], [-0.0707190440951011, 41.458271826565905]]]}}, {"id": "187", "type": "Feature", "properties": {"unit_id": "A0188", "group_id": "20-s-dryland-barbecho-tradicional", "crop_sequence": "Barbecho tradicional", "crop_sequence_en": "Traditional fallow", "system_class": "dryland", "system_es": "Secano", "system_en": "Dryland", "pivot_id": null, "analysis_area_ha": 1.2945553094394318}, "geometry": {"type": "Polygon", "coordinates": [[[-0.07080736305395857, 41.458723857718624], [-0.06536152004849727, 41.45815428380597], [-0.06540820978271222, 41.457901770011986], [-0.07075533707549678, 41.458457580090425], [-0.07080736305395857, 41.458723857718624]]]}}, {"id": "188", "type": "Feature", "properties": {"unit_id": "A0189", "group_id": "20-s-dryland-barbecho-tradicional", "crop_sequence": "Barbecho tradicional", "crop_sequence_en": "Traditional fallow", "system_class": "dryland", "system_es": "Secano", "system_en": "Dryland", "pivot_id": null, "analysis_area_ha": 0.8632572747541132}, "geometry": {"type": "Polygon", "coordinates": [[[-0.0661632330649481, 41.491182343913266], [-0.06592941506821952, 41.49143743379695], [-0.06572305465942502, 41.49176248230981], [-0.06557420523773018, 41.49182588988549], [-0.06524443778365613, 41.491517070834796], [-0.06505508925142296, 41.491399652062036], [-0.06487971788502295, 41.491353673998645], [-0.06457858556180779, 41.491360133757205], [-0.06480636774013432, 41.49112523648042], [-0.0649460848381453, 41.490832661049296], [-0.06497167313281797, 41.490695633753774], [-0.06488104023087883, 41.49057724764328], [-0.06501043330190463, 41.490314069097806], [-0.06517739087383946, 41.490467800366005], [-0.06534300730502647, 41.4905313243076], [-0.06540602613698761, 41.49082312790902], [-0.06551833499663444, 41.49098593316828], [-0.06586425247355998, 41.49114747219579], [-0.0661632330649481, 41.491182343913266]]]}}, {"id": "189", "type": "Feature", "properties": {"unit_id": "A0190", "group_id": "20-s-dryland-barbecho-tradicional", "crop_sequence": "Barbecho tradicional", "crop_sequence_en": "Traditional fallow", "system_class": "dryland", "system_es": "Secano", "system_en": "Dryland", "pivot_id": null, "analysis_area_ha": 1.8332584796407303}, "geometry": {"type": "Polygon", "coordinates": [[[-0.06767990203626109, 41.49056689374723], [-0.06752885196861265, 41.49123842423938], [-0.06744042678079723, 41.491345477511516], [-0.06731691507821215, 41.491413242386194], [-0.06692245632641812, 41.49147625553144], [-0.0667968364550266, 41.491526243805545], [-0.06626673951360794, 41.49204318132554], [-0.06598919063701954, 41.49198887556216], [-0.06601056504931807, 41.491840616433386], [-0.06619870773659296, 41.49156921821264], [-0.06638772250542456, 41.49138423979734], [-0.06676906249711481, 41.49115651831498], [-0.06682424662471459, 41.49106445077454], [-0.0667929249418404, 41.49077164723337], [-0.06668914043489312, 41.49053399246097], [-0.06673901206321056, 41.490197727336586], [-0.06631045227388192, 41.48996697811357], [-0.06618621753681889, 41.48981343530927], [-0.06620996809863453, 41.48965226368102], [-0.06714625474622735, 41.489496135363574], [-0.06723866713311914, 41.48960987731269], [-0.0673720955870261, 41.49012110181941], [-0.06767990203626109, 41.49056689374723]]]}}, {"id": "190", "type": "Feature", "properties": {"unit_id": "A0191", "group_id": "20-s-dryland-barbecho-tradicional", "crop_sequence": "Barbecho tradicional", "crop_sequence_en": "Traditional fallow", "system_class": "dryland", "system_es": "Secano", "system_en": "Dryland", "pivot_id": null, "analysis_area_ha": 0.9593037725811971}, "geometry": {"type": "Polygon", "coordinates": [[[-0.06960969156925383, 41.48709175494626], [-0.06917440385953015, 41.487629735229255], [-0.06904856532092124, 41.487706803684866], [-0.06900360827456088, 41.487782511465866], [-0.06877423498408826, 41.48785143975938], [-0.06832530657593444, 41.487845374379404], [-0.0681849119031907, 41.48780961413936], [-0.06840092392428844, 41.48764748225903], [-0.06864463460497029, 41.487680816571796], [-0.06872216686664553, 41.48766512494121], [-0.0687717702046587, 41.487607569355895], [-0.06876009407668376, 41.48753187995821], [-0.06842008583983217, 41.48735765151115], [-0.06799251303019524, 41.48733022793528], [-0.06774728271283997, 41.48716364296862], [-0.06886930956006376, 41.48672266725106], [-0.0689620242654566, 41.4867439589303], [-0.06921544188646248, 41.48695623599525], [-0.06960969156925383, 41.48709175494626]]]}}, {"id": "191", "type": "Feature", "properties": {"unit_id": "A0192", "group_id": "20-s-dryland-barbecho-tradicional", "crop_sequence": "Barbecho tradicional", "crop_sequence_en": "Traditional fallow", "system_class": "dryland", "system_es": "Secano", "system_en": "Dryland", "pivot_id": null, "analysis_area_ha": 0.6033906042530098}, "geometry": {"type": "Polygon", "coordinates": [[[-0.06637020966171459, 41.48770489826139], [-0.06639635137407347, 41.48838926505438], [-0.06657324999908777, 41.488764445262696], [-0.06612201295332881, 41.488880761033386], [-0.06610737491325124, 41.48856497168196], [-0.06601389951906471, 41.488503750556184], [-0.06592370927729897, 41.48849633515606], [-0.06585250726392186, 41.488538615705274], [-0.0658127008313412, 41.488653883816134], [-0.06579962846090605, 41.48895457046305], [-0.06512860921899973, 41.489094210236594], [-0.06529712365659528, 41.48897648444787], [-0.06544549181251139, 41.488775465525485], [-0.06539814911058532, 41.48857967329628], [-0.06525472312575589, 41.488460069283946], [-0.06538900347547066, 41.48838138156237], [-0.06575811205314534, 41.4884366647104], [-0.06592291983756358, 41.48838234706853], [-0.0660735343132497, 41.48829160842643], [-0.06613561005613725, 41.488223390544896], [-0.06615694248631583, 41.48812174452998], [-0.06611834654138132, 41.48780388893376], [-0.06637020966171459, 41.48770489826139]]]}}, {"id": "192", "type": "Feature", "properties": {"unit_id": "A0193", "group_id": "20-s-dryland-barbecho-tradicional", "crop_sequence": "Barbecho tradicional", "crop_sequence_en": "Traditional fallow", "system_class": "dryland", "system_es": "Secano", "system_en": "Dryland", "pivot_id": null, "analysis_area_ha": 0.5608138366908139}, "geometry": {"type": "MultiPolygon", "coordinates": [[[[-0.06850569668693299, 41.486662452168], [-0.06762194249380447, 41.48700978090593], [-0.0675653433251456, 41.48682921101493], [-0.06740463958309721, 41.48665841498757], [-0.0683877777301719, 41.486634374555145], [-0.06850569668693299, 41.486662452168]]], [[[-0.06728629645651615, 41.486649038128554], [-0.06721713177270858, 41.48668691357828], [-0.06719880801605957, 41.48674663159386], [-0.06731297978940368, 41.48690534669978], [-0.06736454474793181, 41.48711097962383], [-0.06686327709610215, 41.487307981158644], [-0.06680060791128078, 41.48705508643411], [-0.06657808517784085, 41.48679904758044], [-0.06604758265122489, 41.48638694325893], [-0.06626751657843959, 41.486472088061575], [-0.06688372752195043, 41.486615436980294], [-0.06728629645651615, 41.486649038128554]]]]}}, {"id": "193", "type": "Feature", "properties": {"unit_id": "A0194", "group_id": "20-s-dryland-barbecho-tradicional", "crop_sequence": "Barbecho tradicional", "crop_sequence_en": "Traditional fallow", "system_class": "dryland", "system_es": "Secano", "system_en": "Dryland", "pivot_id": null, "analysis_area_ha": 1.0031084186233776}, "geometry": {"type": "Polygon", "coordinates": [[[-0.06640872447164062, 41.48748663637283], [-0.0660803085658447, 41.48761571465584], [-0.06602787151552483, 41.487438606036214], [-0.06590025635311353, 41.48726543731452], [-0.0653843201982706, 41.48673208271275], [-0.06491068827654657, 41.48635480480012], [-0.06489567508008282, 41.486264703639215], [-0.0646212166402966, 41.485951238484716], [-0.06425934912282065, 41.485708260262456], [-0.0638179474145784, 41.48553974758714], [-0.06353058496414465, 41.485273202699], [-0.06372559980201244, 41.48506397355526], [-0.06378936041002663, 41.48520112893835], [-0.06387162267970968, 41.485269791997005], [-0.0648664776072082, 41.485787166509084], [-0.0651343652058998, 41.48603628980416], [-0.06522156598226662, 41.48619636938306], [-0.06572853664597895, 41.486686975028405], [-0.06586492283127386, 41.48679851122326], [-0.06625589016691434, 41.487016345388554], [-0.06644706598785928, 41.48731243761537], [-0.06640872447164062, 41.48748663637283]]]}}, {"id": "194", "type": "Feature", "properties": {"unit_id": "A0195", "group_id": "20-s-dryland-barbecho-tradicional", "crop_sequence": "Barbecho tradicional", "crop_sequence_en": "Traditional fallow", "system_class": "dryland", "system_es": "Secano", "system_en": "Dryland", "pivot_id": null, "analysis_area_ha": 8.668240410172517}, "geometry": {"type": "MultiPolygon", "coordinates": [[[[-0.06469259502704898, 41.48709766899066], [-0.06424949635400007, 41.48684512345376], [-0.06407127716949199, 41.486683812160145], [-0.06414631961445297, 41.486684383979515], [-0.06421342909388228, 41.4866438762105], [-0.06469259502704898, 41.48709766899066]]], [[[-0.06358415375424643, 41.48667707493634], [-0.06330563299716742, 41.4868688503253], [-0.06261171374093621, 41.487052847998626], [-0.0625637162761884, 41.48711316965492], [-0.06258111810758854, 41.48717366980947], [-0.06277761488772987, 41.48735321905342], [-0.06291071590438516, 41.48741753066055], [-0.06306228977372329, 41.48742746921392], [-0.0633317277295853, 41.4873640719154], [-0.06370633958886315, 41.48740451019696], [-0.06389275161788684, 41.48730342446386], [-0.06393574465728413, 41.48720792329292], [-0.06394540449692256, 41.487354144507876], [-0.06400248657698392, 41.487440743126015], [-0.06466389569101695, 41.48768564060008], [-0.06488071699686097, 41.487817057871005], [-0.0651302489472826, 41.488111612552785], [-0.06525264950947217, 41.4881978117521], [-0.06501746764915896, 41.488387413642315], [-0.06472848780887214, 41.48840984581808], [-0.06439397509044076, 41.48849977793665], [-0.06402822483964506, 41.48853136892972], [-0.06453146409055939, 41.488425891650614], [-0.06476347056337553, 41.4882646960638], [-0.06480769565517208, 41.488123086614145], [-0.06468102352576117, 41.48794148610532], [-0.06454205449857102, 41.48782885388451], [-0.06425617218653061, 41.487684461957734], [-0.06365375460106863, 41.487517879987436], [-0.06340315048084694, 41.487509703166936], [-0.06314349521934488, 41.48755346536293], [-0.06267217115686038, 41.48756818479497], [-0.06241699502778947, 41.487637725736796], [-0.062427828327479055, 41.487384216694046], [-0.06235300500056398, 41.487317312243114], [-0.0621814661260099, 41.48726437551077], [-0.06194513681347134, 41.487280442430645], [-0.061850431604088915, 41.487102680495255], [-0.06185452126168221, 41.48683872921818], [-0.06171019308206517, 41.486760336330896], [-0.06178804771845787, 41.48627733235395], [-0.06234053925540892, 41.48607019178834], [-0.06255695583736814, 41.48632789421706], [-0.06270582657073301, 41.486420246494646], [-0.06306439037082572, 41.48649240278851], [-0.06358415375424643, 41.48667707493634]]], [[[-0.06315982011561648, 41.488513396600815], [-0.06277833512642393, 41.48862682577926], [-0.06273930957100624, 41.48869576282412], [-0.0627800387023884, 41.48877871713152], [-0.06293778953355635, 41.48884427455215], [-0.0630038061111979, 41.488924235710996], [-0.06328441220502747, 41.48894241061545], [-0.0634107404252089, 41.488996281057375], [-0.06356058079773227, 41.48911603266728], [-0.0639218657899809, 41.48932030981062], [-0.06380797558443575, 41.48954329769644], [-0.0637665490769857, 41.48971007256704], [-0.06378399303010669, 41.489830881549665], [-0.06389109810564889, 41.49003060669135], [-0.063922714400034, 41.49034194395877], [-0.06388358515079859, 41.49058383873989], [-0.06395669623869947, 41.49086569964901], [-0.06357221987790337, 41.490639644939826], [-0.06354900753597963, 41.49046185765454], [-0.06372866668435499, 41.49014612213162], [-0.06353117544940423, 41.48985117991126], [-0.06320863962698606, 41.4895212174643], [-0.06308248096722024, 41.48946557509274], [-0.06294416934455098, 41.48945705143184], [-0.06281408988511161, 41.48933488599351], [-0.06270064760404528, 41.48931764079983], [-0.06196396933002072, 41.4893469324687], [-0.061785242383319255, 41.489309925260955], [-0.0612495340735083, 41.4893327359898], [-0.06084662945403195, 41.48940845441707], [-0.06044245489695699, 41.48941157256456], [-0.06017579928713744, 41.48948418653954], [-0.060132436269520424, 41.489232306831816], [-0.05984858586190626, 41.488765724391776], [-0.059716334762056816, 41.48861873694152], [-0.0594074191381924, 41.48841418755114], [-0.05905076132169801, 41.48810239266417], [-0.058905956163596125, 41.48787628628832], [-0.05890631937918531, 41.48773760422858], [-0.0590843295066965, 41.48777121873824], [-0.05917660060797859, 41.48772432269943], [-0.059260056910367814, 41.487583537361466], [-0.059303581467761934, 41.48735811202129], [-0.059279699247580996, 41.48723768159865], [-0.059194516337946264, 41.48711002271663], [-0.05923453312442757, 41.486956359054325], [-0.059094153267264526, 41.48643283518773], [-0.06016415965893211, 41.48651240312042], [-0.06046877492475491, 41.48685674050388], [-0.06050702414236844, 41.4870125454128], [-0.06047128001906599, 41.48723314638074], [-0.06051330379493663, 41.487362706445715], [-0.061459507680924653, 41.48789155176428], [-0.061689694828926826, 41.48792909352723], [-0.06186104835075533, 41.48776241058347], [-0.061996385298816736, 41.487870376519425], [-0.06223862782805092, 41.487943804472195], [-0.06251218794963201, 41.48797590416314], [-0.06281006653893667, 41.48795072720057], [-0.06330871890168037, 41.48804025318804], [-0.0635596974092341, 41.488002686868185], [-0.06385907868391484, 41.48809934077157], [-0.06341699639440362, 41.488323742847996], [-0.06315982011561648, 41.488513396600815]], [[-0.06096723578195978, 41.488637517571476], [-0.06092510063546558, 41.4885525299583], [-0.060850822037550524, 41.488514816327324], [-0.060737891189199894, 41.48853168162771], [-0.06068508925574392, 41.48858728850733], [-0.06074155337605243, 41.488767561662826], [-0.06073128662099495, 41.48891536125975], [-0.06087294143550918, 41.4891993623067], [-0.060926539279866646, 41.48924526601065], [-0.06155219323609451, 41.48923098114848], [-0.06221105663392354, 41.48927034358749], [-0.062317471314165915, 41.48922451892999], [-0.062320174597548746, 41.48914000141817], [-0.06223331472500986, 41.489088498508046], [-0.061667678799604005, 41.489019917703104], [-0.06149335018594606, 41.48896940703903], [-0.06124628686330229, 41.48885880545589], [-0.06096723578195978, 41.488637517571476]]]]}}, {"id": "195", "type": "Feature", "properties": {"unit_id": "A0196", "group_id": "20-s-dryland-barbecho-tradicional", "crop_sequence": "Barbecho tradicional", "crop_sequence_en": "Traditional fallow", "system_class": "dryland", "system_es": "Secano", "system_en": "Dryland", "pivot_id": null, "analysis_area_ha": 5.3693779653577245}, "geometry": {"type": "MultiPolygon", "coordinates": [[[[-0.060171389910212945, 41.49196624055976], [-0.059907683897465036, 41.49175917245933], [-0.05955048850652661, 41.491654712284316], [-0.05951665889545162, 41.49160343340907], [-0.05962754613977678, 41.49147283418852], [-0.05961656349276131, 41.49126694385885], [-0.05943953587868966, 41.491083809935475], [-0.05894227205043011, 41.49100251532048], [-0.05838415204760042, 41.490746337234995], [-0.058046225278562937, 41.49078977135525], [-0.058059462255497844, 41.49059277313126], [-0.05790570082574677, 41.49044524097834], [-0.05733985304740109, 41.49040283981034], [-0.05721190506000333, 41.490360552463784], [-0.05754639337022158, 41.49025107636079], [-0.057687616643968424, 41.490127461198924], [-0.05771016008889495, 41.48979477580391], [-0.057508596406264684, 41.48956781649141], [-0.0570927828594235, 41.48930806609952], [-0.056830678999460475, 41.489220782951236], [-0.05669413308588171, 41.48921027055903], [-0.0566001972420354, 41.48922391516469], [-0.056381289769620965, 41.48932643454655], [-0.05601238175774756, 41.489399974536546], [-0.05547399795802885, 41.489456861408684], [-0.05531605285506286, 41.4893391987309], [-0.05590875039407483, 41.48931746275026], [-0.05631767072145107, 41.48920445697975], [-0.05654523468611965, 41.48902745194539], [-0.05657544792060629, 41.48896740225424], [-0.056523109122237895, 41.48874674542766], [-0.056292323808720596, 41.488611445949665], [-0.056099239661903166, 41.48855755353171], [-0.05596671774977234, 41.48843512601761], [-0.05562710620876508, 41.488272463054074], [-0.055462626033068174, 41.48803599956033], [-0.05536186860515147, 41.48797405001913], [-0.05557377317353476, 41.48800306318202], [-0.05571265076968247, 41.48816516735041], [-0.055885922115277105, 41.488283711041255], [-0.05654818454281798, 41.48854125864968], [-0.056799613468691654, 41.48871716908581], [-0.05697672012864472, 41.48891134346091], [-0.057697371601662, 41.489346420264496], [-0.05848572361801205, 41.49001661547902], [-0.058742838255103826, 41.49010736923763], [-0.059122567526068, 41.49003806513945], [-0.05920161020359344, 41.49005474147271], [-0.05946364816375795, 41.490187984899244], [-0.059681338173830235, 41.49039703173579], [-0.05987406827888144, 41.490515874430436], [-0.05957118959920063, 41.4906668417006], [-0.05945027860648532, 41.49079803250698], [-0.05944072034701348, 41.490921451116904], [-0.059666681899052616, 41.491336731560686], [-0.060040848014788206, 41.49175919001663], [-0.060171389910212945, 41.49196624055976]]], [[[-0.05980024556396947, 41.4900732986209], [-0.05945709302880094, 41.489888658387805], [-0.059221173674420605, 41.48980791412637], [-0.05927753198946558, 41.48968213816566], [-0.05920380615560213, 41.489294403968366], [-0.059018173036476905, 41.4889085763291], [-0.05880623540688409, 41.488693563203775], [-0.05852086258382898, 41.488452306623216], [-0.05841087875963273, 41.4884324908913], [-0.05814773354822992, 41.4884698035913], [-0.05831365090116306, 41.48822629349198], [-0.05816566406725804, 41.487902865451105], [-0.05827990790150203, 41.48784426450899], [-0.05838919369057135, 41.48780765997554], [-0.058498867199255206, 41.487812338325114], [-0.05866662383745622, 41.48814368250789], [-0.05881373416508883, 41.48826495276678], [-0.05896830709657832, 41.48848439154931], [-0.05939462746211067, 41.488723101720346], [-0.05961649849649755, 41.48903415384979], [-0.05987477553376172, 41.489473900486196], [-0.059842006516541174, 41.48970089252062], [-0.05978371300853926, 41.48982576059785], [-0.05980024556396947, 41.4900732986209]]], [[[-0.05803018598986904, 41.487731095073464], [-0.0578771945900779, 41.48762109403386], [-0.057739784263054636, 41.48724229802582], [-0.057530991131718744, 41.48713861798168], [-0.057325401093981175, 41.48709516027656], [-0.05713520889121561, 41.48712100820106], [-0.05678971568021089, 41.48753425595946], [-0.05666409446689645, 41.48750354491814], [-0.05619975936694005, 41.48711596270248], [-0.05569321271294653, 41.48681035451278], [-0.05586878597336097, 41.48635874523825], [-0.05621371755946406, 41.48590127308884], [-0.05657049229234664, 41.48598951759817], [-0.05668972399830659, 41.4859518639968], [-0.056739786629009456, 41.48585415170626], [-0.057107977022103136, 41.48592844705202], [-0.05750482338473431, 41.48625395011568], [-0.0578459871074666, 41.48645807809663], [-0.057929748824174, 41.48662643606625], [-0.05715182320795958, 41.486292150953126], [-0.056857137225708426, 41.486231010089604], [-0.05655451002125217, 41.48634661639548], [-0.05645464502607522, 41.486629503876806], [-0.05651518337239684, 41.48670038835439], [-0.05662717890290762, 41.486702573095684], [-0.05679699548703159, 41.48650044750881], [-0.05734346840971732, 41.48672523042549], [-0.05755855521270971, 41.486958505131035], [-0.058458816565203235, 41.48750715116179], [-0.058480405729644386, 41.487583545035825], [-0.05827238698294237, 41.48760778118248], [-0.05803018598986904, 41.487731095073464]]]]}}, {"id": "196", "type": "Feature", "properties": {"unit_id": "A0197", "group_id": "20-s-dryland-barbecho-tradicional", "crop_sequence": "Barbecho tradicional", "crop_sequence_en": "Traditional fallow", "system_class": "dryland", "system_es": "Secano", "system_en": "Dryland", "pivot_id": null, "analysis_area_ha": 1.6327341140411233}, "geometry": {"type": "Polygon", "coordinates": [[[-0.04653714283633094, 41.4921188578778], [-0.04639677775273704, 41.49212396984429], [-0.04598760869445241, 41.49221935669741], [-0.045236416721855875, 41.4921381620243], [-0.045203968875818575, 41.49202000033214], [-0.04523944998909809, 41.491655497793474], [-0.04510543681124237, 41.49113069284586], [-0.045110431873840215, 41.49102110039086], [-0.04516204871324276, 41.49093279477905], [-0.045304476277291554, 41.49085624097531], [-0.04536994267171953, 41.490768137167365], [-0.0455630960607295, 41.49072651953482], [-0.045624052156867004, 41.49066792118416], [-0.04564755077370091, 41.49057242499226], [-0.045572159838833066, 41.490432847990306], [-0.044987402831215294, 41.49000440889405], [-0.04485597266637501, 41.48982780055235], [-0.04508537198725021, 41.490063752222206], [-0.045282902767742904, 41.49018798429439], [-0.04569810849406387, 41.49036640573281], [-0.04607799382307821, 41.49069522016443], [-0.046203516918697556, 41.490998559129515], [-0.04653714283633094, 41.4921188578778]]]}}, {"id": "197", "type": "Feature", "properties": {"unit_id": "A0198", "group_id": "20-s-dryland-barbecho-tradicional", "crop_sequence": "Barbecho tradicional", "crop_sequence_en": "Traditional fallow", "system_class": "dryland", "system_es": "Secano", "system_en": "Dryland", "pivot_id": null, "analysis_area_ha": 2.705133347178903}, "geometry": {"type": "MultiPolygon", "coordinates": [[[[-0.07662356930651874, 41.491974509003214], [-0.07626611753934244, 41.49211427216156], [-0.07622760614417123, 41.4921682187785], [-0.07624551948592918, 41.49222999331455], [-0.07544727027310377, 41.49222999190291], [-0.07452782439697538, 41.491243846295255], [-0.07435583886231116, 41.491152550314354], [-0.07406512977221935, 41.491098726175984], [-0.07422449668688003, 41.49092566177314], [-0.07426989685490791, 41.49081469082526], [-0.07423577396934845, 41.49057590223794], [-0.07415700354811439, 41.4904349215], [-0.07392602632995074, 41.490277956363336], [-0.07365990145737618, 41.490242848908174], [-0.07370567152695254, 41.49013100770188], [-0.07367316300599996, 41.490037275569215], [-0.07358584400583978, 41.48995829232648], [-0.07286971169037192, 41.48977253367261], [-0.07244273807209708, 41.489530741342314], [-0.07302801507220608, 41.489723032681944], [-0.07331358947922044, 41.48973037013892], [-0.07346487619175772, 41.48966796588228], [-0.07353387487864634, 41.48957484976258], [-0.07354961556118024, 41.48947424103888], [-0.07379826851581071, 41.48943863528682], [-0.073833701050022, 41.48964108140833], [-0.07393549492072667, 41.489784156802024], [-0.07401024562502051, 41.48981017339114], [-0.07430758448464266, 41.489796225262445], [-0.07428161698313629, 41.49015193449238], [-0.07441520649803397, 41.49030997056223], [-0.07455195395465494, 41.49036765163965], [-0.07490975068692375, 41.49034387696583], [-0.07493647082749832, 41.49040612911612], [-0.07480865502151841, 41.490560585692236], [-0.07478991957234876, 41.49068134515211], [-0.074928866419684, 41.490828278834385], [-0.0752050257393417, 41.49091126719243], [-0.07544283503708814, 41.49090452845173], [-0.07556632933431752, 41.490870461895476], [-0.07559263256611784, 41.49088720615462], [-0.07523360984155501, 41.491047621546365], [-0.07521764669639255, 41.491123805183065], [-0.07530147130070249, 41.4912260256071], [-0.07573304710382531, 41.49142794912472], [-0.07662356930651874, 41.491974509003214]]], [[[-0.07841528944388641, 41.49149739702244], [-0.078329851403851, 41.491678188816216], [-0.07828449131477945, 41.491930674561345], [-0.07799525022074932, 41.492229991591536], [-0.07746069807218678, 41.49222999265471], [-0.07772370983054264, 41.49199598863493], [-0.07786171621697775, 41.49171884858985], [-0.07792602358096822, 41.49147505067601], [-0.0782343828507351, 41.491328388946314], [-0.07836955907933214, 41.49115114346402], [-0.07841529007441865, 41.49115698056471], [-0.07841528944388641, 41.49149739702244]]], [[[-0.07801404949702197, 41.490523150344494], [-0.07841529097247371, 41.490667976356534], [-0.07841529050116997, 41.49092869140362], [-0.07812609543569146, 41.49068197056983], [-0.0777087655501795, 41.49043771390357], [-0.07775611627142692, 41.49040288617031], [-0.07781004619971037, 41.4904097405387], [-0.07801404949702197, 41.490523150344494]]]]}}, {"id": "198", "type": "Feature", "properties": {"unit_id": "A0199", "group_id": "20-s-dryland-barbecho-tradicional", "crop_sequence": "Barbecho tradicional", "crop_sequence_en": "Traditional fallow", "system_class": "dryland", "system_es": "Secano", "system_en": "Dryland", "pivot_id": null, "analysis_area_ha": 3.58527322418925}, "geometry": {"type": "Polygon", "coordinates": [[[-0.07213798094259796, 41.491360310750366], [-0.07205061604768058, 41.49138222854616], [-0.0719915640346574, 41.49145639997398], [-0.07189447272900963, 41.49147123232486], [-0.07172519142388323, 41.49139658860148], [-0.07140889034916126, 41.49131963124788], [-0.07123463489191903, 41.49108909477732], [-0.07102784615946912, 41.49099583625612], [-0.07060150422938999, 41.49098353375685], [-0.07035842141360397, 41.49092258610847], [-0.07001031300996641, 41.49093978427918], [-0.06978393595843611, 41.490868209211186], [-0.06970257784485359, 41.49080570315844], [-0.0695197761022671, 41.490758331453634], [-0.06924021546018122, 41.49076424893811], [-0.06912827010862764, 41.49080756638177], [-0.06881622431182635, 41.49085359410098], [-0.06874619535427058, 41.49089866589605], [-0.06874739778885683, 41.49099139343844], [-0.06894048601600786, 41.49118653015574], [-0.06924750432398719, 41.49135589475915], [-0.06946865743322145, 41.49143155862473], [-0.06998019672403955, 41.49148044768855], [-0.06913895828293755, 41.491914391529065], [-0.06900049763132268, 41.49203521750123], [-0.06834744728561282, 41.4920063854283], [-0.06819876463952858, 41.491963216471795], [-0.06790893449610585, 41.491781607980265], [-0.06781938551751537, 41.49160460224657], [-0.06794981914787335, 41.49121462838998], [-0.06799390956354105, 41.49091341110516], [-0.06799792711325647, 41.490554612501185], [-0.06794248621116648, 41.490388883874914], [-0.06797150706877074, 41.49033709237351], [-0.06816644593443402, 41.49030942584852], [-0.0685422841761526, 41.49031449356363], [-0.06867126499584104, 41.49035171629776], [-0.06886990988551583, 41.490357656301086], [-0.06912435881441588, 41.49031328021056], [-0.06995496246891068, 41.49008014347766], [-0.070244135139332, 41.48980334812941], [-0.0707364564382273, 41.49039243036287], [-0.07091059878305735, 41.490482482303776], [-0.07129689456517062, 41.49083401964972], [-0.07149934504840248, 41.49089271099738], [-0.07183369268885227, 41.49092495897881], [-0.07213798094259796, 41.491360310750366]]]}}, {"id": "199", "type": "Feature", "properties": {"unit_id": "A0201", "group_id": "20-s-dryland-barbecho-tradicional", "crop_sequence": "Barbecho tradicional", "crop_sequence_en": "Traditional fallow", "system_class": "dryland", "system_es": "Secano", "system_en": "Dryland", "pivot_id": null, "analysis_area_ha": 11.139923884727443}, "geometry": {"type": "Polygon", "coordinates": [[[-0.036610310954794216, 41.48570301790723], [-0.03437403441901165, 41.485852277012675], [-0.03415514637456902, 41.48593363454726], [-0.03400594050322768, 41.48593109317817], [-0.03379443703460839, 41.48584661817225], [-0.03353575231195391, 41.48579564625749], [-0.03331261545028829, 41.48563866035502], [-0.032860242271610635, 41.4854704023083], [-0.03214932598672475, 41.485000036318745], [-0.031446100118276483, 41.48471943398445], [-0.031263230290607506, 41.48458786548087], [-0.031165392209827315, 41.48445692611953], [-0.03125466635507204, 41.4843616673602], [-0.0317501873794831, 41.48419229530291], [-0.032084609705218974, 41.484027699397906], [-0.03223598914489859, 41.48368989774181], [-0.032635423115888136, 41.483211048969274], [-0.033024864708868076, 41.48289309131924], [-0.033291121702321395, 41.48275968101716], [-0.03362150833429755, 41.48276502369984], [-0.0346769808751049, 41.4829655274455], [-0.03597709448478811, 41.48290990881031], [-0.036597609206890376, 41.48501871555988], [-0.036610310954794216, 41.48570301790723]]]}}, {"id": "200", "type": "Feature", "properties": {"unit_id": "A0202", "group_id": "20-s-dryland-barbecho-tradicional", "crop_sequence": "Barbecho tradicional", "crop_sequence_en": "Traditional fallow", "system_class": "dryland", "system_es": "Secano", "system_en": "Dryland", "pivot_id": null, "analysis_area_ha": 1.4202416782213394}, "geometry": {"type": "Polygon", "coordinates": [[[-0.02919362515076527, 41.481991265935946], [-0.028151464504512853, 41.48266791187981], [-0.02803101106984532, 41.48241411640958], [-0.0276315554647769, 41.482125602448136], [-0.027425729644835382, 41.482048614680046], [-0.02686572504689058, 41.48202832044021], [-0.026659396526598513, 41.48191763214365], [-0.026404968474655455, 41.48170246930801], [-0.026615925526724496, 41.48145032721461], [-0.027432506309812733, 41.48125509227827], [-0.02783678117689222, 41.48111833294742], [-0.027955571624339277, 41.481111925614044], [-0.02817057470364866, 41.481191094354635], [-0.0282568186337186, 41.481253874220485], [-0.028373987903696152, 41.4814945383217], [-0.028457023993265045, 41.48156645524279], [-0.0286920223407805, 41.48165014029222], [-0.028793571873965623, 41.4817174540716], [-0.02853265433327964, 41.48165233145689], [-0.027849052774470983, 41.48132500461739], [-0.0277252675076916, 41.481335532948314], [-0.027489100803507065, 41.481420133625754], [-0.027145891593084084, 41.48149212513823], [-0.0266537374874408, 41.48148080145773], [-0.02656493874237916, 41.48153635740083], [-0.026567653574439132, 41.481612575749764], [-0.02666563089457744, 41.481669153475536], [-0.02709823229289916, 41.481692200602986], [-0.027800670073363672, 41.48155287279426], [-0.028492577466878166, 41.4818806495344], [-0.02877463183823487, 41.48208938613543], [-0.02891439632062618, 41.48207454755087], [-0.029067356719733716, 41.481904272488784], [-0.029131375484603404, 41.4819115088362], [-0.02919362515076527, 41.481991265935946]]]}}, {"id": "201", "type": "Feature", "properties": {"unit_id": "A0203", "group_id": "20-s-dryland-barbecho-tradicional", "crop_sequence": "Barbecho tradicional", "crop_sequence_en": "Traditional fallow", "system_class": "dryland", "system_es": "Secano", "system_en": "Dryland", "pivot_id": null, "analysis_area_ha": 2.2520677238546587}, "geometry": {"type": "Polygon", "coordinates": [[[-0.031676284748978566, 41.48379540308279], [-0.031537150584353114, 41.483877049568996], [-0.030956727590326808, 41.48410309767881], [-0.030803925242951637, 41.48425023435251], [-0.030712273012762636, 41.48439586219619], [-0.030116744974163206, 41.48409912898074], [-0.030091344227739892, 41.48381867488186], [-0.02982804503526943, 41.483539876983095], [-0.0289854543207145, 41.4830690362823], [-0.028733414297432883, 41.48287731509478], [-0.028378139058612677, 41.482758565800744], [-0.0289931162490455, 41.482359279629414], [-0.029086201600971702, 41.48245260402716], [-0.02957783852572058, 41.48266488073721], [-0.03022943383927625, 41.48301873814793], [-0.03033899168589879, 41.48299785334734], [-0.030636862894857907, 41.48272348434434], [-0.03076873694085433, 41.48285925993789], [-0.03047145214941539, 41.48306670077299], [-0.0304461358773162, 41.483124473068145], [-0.030472655889898028, 41.483186106794115], [-0.03054959628284397, 41.4832200551702], [-0.03064367502217234, 41.48320963891567], [-0.030910870999959247, 41.48304008865593], [-0.031676284748978566, 41.48379540308279]]]}}, {"id": "202", "type": "Feature", "properties": {"unit_id": "A0204", "group_id": "20-s-dryland-barbecho-tradicional", "crop_sequence": "Barbecho tradicional", "crop_sequence_en": "Traditional fallow", "system_class": "dryland", "system_es": "Secano", "system_en": "Dryland", "pivot_id": null, "analysis_area_ha": 5.579420447067288}, "geometry": {"type": "Polygon", "coordinates": [[[-0.03244091970775428, 41.47690679420949], [-0.03054076974042683, 41.47788755139873], [-0.028344897875804537, 41.47902094993103], [-0.028002353279528134, 41.47767822210228], [-0.02783908663829569, 41.477186809487115], [-0.029894000458109242, 41.476223179798936], [-0.030121373632001066, 41.47644279935003], [-0.030271916940438466, 41.476492876120865], [-0.030486561556029416, 41.476491792257484], [-0.031086105865914752, 41.476384028004006], [-0.03148141299567363, 41.47682290192069], [-0.03164676924436274, 41.47689052696961], [-0.03200197306442154, 41.476936796569625], [-0.0322654205946319, 41.47687760410708], [-0.03244091970775428, 41.47690679420949]]]}}, {"id": "203", "type": "Feature", "properties": {"unit_id": "A0205", "group_id": "20-s-dryland-barbecho-tradicional", "crop_sequence": "Barbecho tradicional", "crop_sequence_en": "Traditional fallow", "system_class": "dryland", "system_es": "Secano", "system_en": "Dryland", "pivot_id": null, "analysis_area_ha": 6.627530402696837}, "geometry": {"type": "Polygon", "coordinates": [[[-0.03409285631016647, 41.47649145788001], [-0.03396135617011638, 41.47693744373298], [-0.033870460685780666, 41.47709021339973], [-0.033616862632137104, 41.477309056681094], [-0.033454417519623185, 41.477575030022116], [-0.03329370669121548, 41.47773448908144], [-0.033051653104360805, 41.477102416225534], [-0.032851967669110915, 41.47686556103878], [-0.03270700846860796, 41.47676015961397], [-0.032570910781716374, 41.476705566159005], [-0.0322495048688816, 41.476640707651605], [-0.031648057212896374, 41.476007533540724], [-0.03105274646062761, 41.47551354883084], [-0.030974020119543328, 41.4754978824059], [-0.03090004776052553, 41.475519793822144], [-0.030848121270257864, 41.475610987532576], [-0.03117302027045474, 41.47619082356912], [-0.03098359101900622, 41.476203364643645], [-0.03044647656331232, 41.476314044508264], [-0.03028507295529602, 41.47630950905889], [-0.03002294974112422, 41.476053904593506], [-0.029638419763939532, 41.47555343478043], [-0.02926964509209444, 41.47493546601699], [-0.031505497689965585, 41.47458420986636], [-0.031539801381481915, 41.47448652273903], [-0.03131049052568134, 41.47411630609702], [-0.031770319814641984, 41.47381559742931], [-0.0319842168937119, 41.473745494214505], [-0.032052993171832266, 41.47365365166641], [-0.032055660871237304, 41.47351727483249], [-0.03190261595928554, 41.473170365403384], [-0.032134816275586356, 41.47323501828941], [-0.03231621896118372, 41.473349009078355], [-0.0324084602198798, 41.47345135256446], [-0.03252993142798384, 41.47362206369926], [-0.032567672049257, 41.47376351332303], [-0.03255681956512035, 41.47381344748473], [-0.03236901374220872, 41.473939684554644], [-0.03200407667300473, 41.474043543949605], [-0.031928165779121, 41.47416467028529], [-0.03194322922112528, 41.474278896498106], [-0.03210836268724232, 41.47445028201313], [-0.03241791202932328, 41.47463223398736], [-0.03260590917001366, 41.47468906607136], [-0.0327952610195908, 41.47483177076922], [-0.033053261765123125, 41.4752437490969], [-0.033075969029749734, 41.47534356608183], [-0.03298136448794014, 41.47562711287941], [-0.032990058917307434, 41.47577317641783], [-0.033856589632833126, 41.47600963606902], [-0.03392042651416248, 41.476208781889625], [-0.03409285631016647, 41.47649145788001]], [[-0.03191361470778276, 41.475011663969106], [-0.03204568329767884, 41.47540168217497], [-0.03212191892319708, 41.475448912609366], [-0.03222665137816286, 41.47544341318647], [-0.032312694995300734, 41.47534335073687], [-0.03219023989310778, 41.47495799306802], [-0.032102715995888834, 41.47488395509569], [-0.032010972014536544, 41.474875790836414], [-0.03192994757539825, 41.47493143253067], [-0.03191361470778276, 41.475011663969106]], [[-0.03222595168251763, 41.47587481641231], [-0.03217770554736711, 41.47596454198981], [-0.03220834701214118, 41.476088339281716], [-0.03231090640585565, 41.47613426765252], [-0.03246670716359469, 41.476114074604865], [-0.03252982006196929, 41.4759883831002], [-0.03249099452922506, 41.475861758101146], [-0.03234829845004533, 41.47582249323246], [-0.03222595168251763, 41.47587481641231]]]}}, {"id": "204", "type": "Feature", "properties": {"unit_id": "A0206", "group_id": "20-s-dryland-barbecho-tradicional", "crop_sequence": "Barbecho tradicional", "crop_sequence_en": "Traditional fallow", "system_class": "dryland", "system_es": "Secano", "system_en": "Dryland", "pivot_id": null, "analysis_area_ha": 0.23440014748399177}, "geometry": {"type": "MultiPolygon", "coordinates": [[[[-0.048625808734193546, 41.47331673743079], [-0.048391913484048366, 41.47329096231637], [-0.048357647561651874, 41.473256024739044], [-0.04851911445261881, 41.47328201201967], [-0.048625808734193546, 41.47331673743079]]], [[[-0.048471153320403464, 41.472737349697795], [-0.04854831646343649, 41.47266539172951], [-0.04891998411373649, 41.4726391524619], [-0.04957948449859157, 41.472816457961684], [-0.04946653652975043, 41.472980427111246], [-0.0490440887033802, 41.472923581267274], [-0.048471153320403464, 41.472737349697795]]], [[[-0.04899721963108842, 41.47319808916417], [-0.049329391153521786, 41.47323327290511], [-0.04955669410805011, 41.473555994323334], [-0.04911344821235025, 41.47326292909108], [-0.04899721963108842, 41.47319808916417]]]]}}, {"id": "205", "type": "Feature", "properties": {"unit_id": "A0207", "group_id": "20-s-dryland-barbecho-tradicional", "crop_sequence": "Barbecho tradicional", "crop_sequence_en": "Traditional fallow", "system_class": "dryland", "system_es": "Secano", "system_en": "Dryland", "pivot_id": null, "analysis_area_ha": 3.53830955729692}, "geometry": {"type": "Polygon", "coordinates": [[[-0.06047165103832976, 41.47502758248842], [-0.0597004510764741, 41.47493626424221], [-0.05879755978361779, 41.474871692767614], [-0.058158361958024145, 41.47478072178702], [-0.057733776358465154, 41.474670706595845], [-0.05564637178906263, 41.47439311250586], [-0.05472488199625427, 41.474131794396506], [-0.0537802907267202, 41.47414517921443], [-0.05382344946297419, 41.47350119257611], [-0.055107298440780515, 41.473565322034105], [-0.055153593145311736, 41.47364314458488], [-0.05526656237991318, 41.47369460841385], [-0.05576547884193631, 41.47377930616406], [-0.055784093530876704, 41.4739510844443], [-0.05591521869865498, 41.47401309059118], [-0.055734726319539844, 41.47420539347316], [-0.055720314010726586, 41.47426393055147], [-0.05577600777876212, 41.474326855498035], [-0.0559168472439939, 41.474364072727155], [-0.05601189107162068, 41.474335663763625], [-0.056344899956971235, 41.47400015089481], [-0.05883660190482135, 41.47422508172331], [-0.058825599483695104, 41.47442312102331], [-0.058875998699690624, 41.47447125260926], [-0.058955683274024215, 41.47448397444481], [-0.059047461894029034, 41.474433202391126], [-0.05919466490477914, 41.474122827596126], [-0.05976732847745897, 41.47388288020767], [-0.06047165103832976, 41.47502758248842]]]}}, {"id": "206", "type": "Feature", "properties": {"unit_id": "A0208", "group_id": "20-s-dryland-barbecho-tradicional", "crop_sequence": "Barbecho tradicional", "crop_sequence_en": "Traditional fallow", "system_class": "dryland", "system_es": "Secano", "system_en": "Dryland", "pivot_id": null, "analysis_area_ha": 0.8371869898407335}, "geometry": {"type": "Polygon", "coordinates": [[[-0.06976684667368721, 41.47128360970611], [-0.06883955953978539, 41.47134258334781], [-0.0681873802632422, 41.471287702660845], [-0.06772612016218882, 41.471181863376124], [-0.06702971249356042, 41.471089738235776], [-0.06702609744075709, 41.47092618506679], [-0.06736034671094156, 41.47092505230083], [-0.0684391129776148, 41.471042246219135], [-0.06855853032316728, 41.47099948277465], [-0.06865483911744373, 41.47085926152496], [-0.06958130113802302, 41.470857579161745], [-0.06980394759497684, 41.470994380181416], [-0.06976684667368721, 41.47128360970611]]]}}, {"id": "207", "type": "Feature", "properties": {"unit_id": "A0209", "group_id": "20-s-dryland-barbecho-tradicional", "crop_sequence": "Barbecho tradicional", "crop_sequence_en": "Traditional fallow", "system_class": "dryland", "system_es": "Secano", "system_en": "Dryland", "pivot_id": null, "analysis_area_ha": 2.9980955268889193}, "geometry": {"type": "Polygon", "coordinates": [[[-0.06926907105538738, 41.4634231384689], [-0.06975810353653462, 41.463686680655826], [-0.07017039824592257, 41.46411402679061], [-0.07020969145312513, 41.46422620761231], [-0.07007564370124772, 41.46445456406714], [-0.06948514345716131, 41.46461594132016], [-0.06925882772001471, 41.46471028691513], [-0.06907319917792117, 41.464833429485864], [-0.0682778632993336, 41.46484144957532], [-0.06801455498695495, 41.4650235234891], [-0.06728045904398083, 41.46483748773991], [-0.06697271702268066, 41.46480203502662], [-0.0666814836923619, 41.4648224415337], [-0.0659959224396211, 41.464490020879694], [-0.06551807568420231, 41.46430460269365], [-0.06543089104073198, 41.46417562337819], [-0.06563290477751187, 41.46401788256844], [-0.0658001604039355, 41.463945067589826], [-0.06605331797169765, 41.46390710226549], [-0.06710642949964599, 41.46420462096818], [-0.067579525946692, 41.46438220143229], [-0.06803268308205818, 41.46446871693828], [-0.06823916534967456, 41.46443455517386], [-0.06847812219559414, 41.46430624220656], [-0.06870263483615999, 41.46404777432421], [-0.06890016025540316, 41.463764322841605], [-0.0689401834570899, 41.46365364252048], [-0.06909415397968947, 41.46351005006402], [-0.06926907105538738, 41.4634231384689]]]}}, {"id": "208", "type": "Feature", "properties": {"unit_id": "A0210", "group_id": "20-s-dryland-barbecho-tradicional", "crop_sequence": "Barbecho tradicional", "crop_sequence_en": "Traditional fallow", "system_class": "dryland", "system_es": "Secano", "system_en": "Dryland", "pivot_id": null, "analysis_area_ha": 1.5114623125957078}, "geometry": {"type": "Polygon", "coordinates": [[[-0.02517125862169705, 41.478775482364796], [-0.024871865359413083, 41.478818843503845], [-0.024404959707690292, 41.47872575913838], [-0.02403270145209061, 41.47869569566151], [-0.023776586561025957, 41.47870631014913], [-0.023652778363723915, 41.47876303419352], [-0.02354807228068111, 41.47891414465253], [-0.023461203217258378, 41.47896073248891], [-0.023164247304688926, 41.478924725859805], [-0.02304452289437477, 41.478946192548285], [-0.02294692173270251, 41.47903021305729], [-0.022914077313935764, 41.4791516158417], [-0.02261799841681253, 41.47890318744536], [-0.022455540699635578, 41.478678484067586], [-0.02241842203559064, 41.47852211608281], [-0.02235442124341326, 41.47842617317123], [-0.021909380912113422, 41.47804933980156], [-0.02252044742634527, 41.47813330909843], [-0.02318580625134797, 41.478161190867695], [-0.02350739271099081, 41.47825365075002], [-0.02434494673840698, 41.47840499166407], [-0.024832647618186016, 41.478404762086925], [-0.025128739257215607, 41.47844123849772], [-0.02539989182225627, 41.478587305383016], [-0.02533941269779325, 41.47867327962796], [-0.02517125862169705, 41.478775482364796]]]}}, {"id": "209", "type": "Feature", "properties": {"unit_id": "A0211", "group_id": "20-s-dryland-barbecho-tradicional", "crop_sequence": "Barbecho tradicional", "crop_sequence_en": "Traditional fallow", "system_class": "dryland", "system_es": "Secano", "system_en": "Dryland", "pivot_id": null, "analysis_area_ha": 1.714720631251299}, "geometry": {"type": "Polygon", "coordinates": [[[-0.02275579787299385, 41.47193534856521], [-0.0224868680502423, 41.47180375037927], [-0.02230591534215352, 41.471797670022056], [-0.022203964421134804, 41.47183682444567], [-0.02202127299880682, 41.47203592358766], [-0.021854338638447535, 41.47252701894328], [-0.021838956151688224, 41.47254883540646], [-0.02174733734355063, 41.47253199710245], [-0.021667005341681922, 41.472197860498206], [-0.02153403596390665, 41.47201231018558], [-0.021359710952308385, 41.47186907033088], [-0.021120193023141196, 41.47175656466514], [-0.02088667059448134, 41.47168683501375], [-0.02088666890275146, 41.4707535460429], [-0.021310876275288763, 41.47082126536105], [-0.021480690779373705, 41.4708014860557], [-0.021852449888952727, 41.47066694329025], [-0.02190547641700162, 41.47067153398264], [-0.02267412508617364, 41.47162616140343], [-0.022749628342506583, 41.47176001891425], [-0.02275579787299385, 41.47193534856521]]]}}, {"id": "210", "type": "Feature", "properties": {"unit_id": "A0212", "group_id": "20-s-dryland-barbecho-tradicional", "crop_sequence": "Barbecho tradicional", "crop_sequence_en": "Traditional fallow", "system_class": "dryland", "system_es": "Secano", "system_en": "Dryland", "pivot_id": null, "analysis_area_ha": 0.7887325626331072}, "geometry": {"type": "Polygon", "coordinates": [[[-0.03576987531605064, 41.46690481149137], [-0.03536802522769396, 41.46698474022231], [-0.03528363137877468, 41.4670291775429], [-0.035257915724416194, 41.46707893878844], [-0.03528080682618399, 41.46713844279351], [-0.03533787714881051, 41.46717018583489], [-0.03571395091088831, 41.46720209537216], [-0.03587569717089977, 41.46725524763228], [-0.03590002426086218, 41.467306811749125], [-0.03585788208918185, 41.467446906795665], [-0.03586470066378039, 41.46758067507631], [-0.035828887472416394, 41.46763405145059], [-0.03570851683640849, 41.467700630556855], [-0.03544090669236011, 41.46771555177826], [-0.03528835415278341, 41.46768335674744], [-0.03475094776429938, 41.46744174944181], [-0.034513472701965524, 41.4673898844239], [-0.034687726948900155, 41.466677814426205], [-0.03508253964227493, 41.46674930027019], [-0.03518126653990019, 41.46688203493948], [-0.035264222937318436, 41.46693028577792], [-0.03537623312092134, 41.466939442515624], [-0.03574405520086617, 41.46686933053934], [-0.03576987531605064, 41.46690481149137]]]}}, {"id": "211", "type": "Feature", "properties": {"unit_id": "A0213", "group_id": "20-s-dryland-barbecho-tradicional", "crop_sequence": "Barbecho tradicional", "crop_sequence_en": "Traditional fallow", "system_class": "dryland", "system_es": "Secano", "system_en": "Dryland", "pivot_id": null, "analysis_area_ha": 2.465326384380942}, "geometry": {"type": "MultiPolygon", "coordinates": [[[[-0.039653826565235674, 41.46819179060276], [-0.039223460355527755, 41.46845277096686], [-0.03916216103353835, 41.46844785464374], [-0.03839921206129361, 41.46822483557319], [-0.03835803645166067, 41.468171123818145], [-0.038162253175783256, 41.468084375398945], [-0.037634377561236894, 41.46797617806426], [-0.03793162437888134, 41.46765348090769], [-0.03803595693354225, 41.46718878618691], [-0.0382786539345853, 41.46728271693795], [-0.038165444840160906, 41.46737825008951], [-0.03820830947238055, 41.46748006289469], [-0.03843398114839805, 41.467502850689506], [-0.038670632882503254, 41.46757410427749], [-0.03871385803363028, 41.46766744131121], [-0.039653826565235674, 41.46819179060276]]], [[[-0.03682444350557279, 41.4681396611947], [-0.03604124583121327, 41.46847026704771], [-0.0356221490949825, 41.46858643257478], [-0.035553680087955536, 41.468501828413196], [-0.0352480406439274, 41.46840638408638], [-0.03530512344189481, 41.46789605063808], [-0.03550114819749541, 41.46792178674536], [-0.035793906599942624, 41.46790568797711], [-0.035936067581645005, 41.46784927628994], [-0.03608586979237407, 41.46773560696901], [-0.0365014911031058, 41.46785849869846], [-0.036761860933982274, 41.467852727406395], [-0.03683751135817912, 41.46781263958366], [-0.03686726790584347, 41.46788535922381], [-0.03698980007463639, 41.46798423673172], [-0.03682444350557279, 41.4681396611947]]], [[[-0.03685687100500783, 41.46776349738607], [-0.03683055659641394, 41.46769058793485], [-0.0367233099917548, 41.46763430189831], [-0.03652258030788037, 41.46764557115001], [-0.03620401910397221, 41.467539686931794], [-0.03632746628868116, 41.46727590228208], [-0.03632119771586543, 41.46709153330124], [-0.03650398808078206, 41.46709533732064], [-0.036624380740538476, 41.46697408383112], [-0.03673603518910947, 41.466932281648056], [-0.03701359614331516, 41.46694110726671], [-0.03737715201300913, 41.46704928276223], [-0.03727304738175817, 41.467097887756765], [-0.0372484979363686, 41.467182555446605], [-0.03741350916722285, 41.467394973754395], [-0.03746323802060485, 41.467563134846955], [-0.037383583342644, 41.46780409352805], [-0.03697162264334901, 41.467723144119745], [-0.03685687100500783, 41.46776349738607]]]]}}, {"id": "212", "type": "Feature", "properties": {"unit_id": "A0214", "group_id": "20-s-dryland-barbecho-tradicional", "crop_sequence": "Barbecho tradicional", "crop_sequence_en": "Traditional fallow", "system_class": "dryland", "system_es": "Secano", "system_en": "Dryland", "pivot_id": null, "analysis_area_ha": 1.6343719874855815}, "geometry": {"type": "MultiPolygon", "coordinates": [[[[-0.04070945246651846, 41.467238959666815], [-0.04055749995544096, 41.46740461237237], [-0.04039245704910391, 41.4674385675745], [-0.040255947664802755, 41.467555075240945], [-0.04010164488465311, 41.46752504374381], [-0.04039855232310707, 41.46715474845869], [-0.04070945246651846, 41.467238959666815]]], [[[-0.04012018139953553, 41.46707934731083], [-0.03995375822287836, 41.467279085619495], [-0.03980407835465045, 41.46755177543777], [-0.03970462935835507, 41.46757794280573], [-0.039366690578463315, 41.467407057583365], [-0.038942176492863315, 41.467239689218225], [-0.03884684941294147, 41.46716833008723], [-0.03874229980967607, 41.467163720815535], [-0.03812170456276348, 41.46697816693381], [-0.03777344658643347, 41.46674443951044], [-0.03750706816597583, 41.466647048473604], [-0.03725219408178043, 41.466504121082195], [-0.0370053073175383, 41.466447806839845], [-0.036323947818945754, 41.466383923851765], [-0.03531178558357745, 41.46610430775291], [-0.035645076931812965, 41.46602282253811], [-0.03586615630191573, 41.46592699042611], [-0.04012018139953553, 41.46707934731083]]]]}}, {"id": "213", "type": "Feature", "properties": {"unit_id": "A0215", "group_id": "20-s-dryland-barbecho-tradicional", "crop_sequence": "Barbecho tradicional", "crop_sequence_en": "Traditional fallow", "system_class": "dryland", "system_es": "Secano", "system_en": "Dryland", "pivot_id": null, "analysis_area_ha": 2.5822433944623397}, "geometry": {"type": "MultiPolygon", "coordinates": [[[[-0.036134485382652785, 41.46456556078253], [-0.03595829777915704, 41.46443080876059], [-0.0354582893046026, 41.46422815692694], [-0.035482128561363874, 41.464172490418775], [-0.035707174473127795, 41.46427633107263], [-0.035814425681243066, 41.464233593301856], [-0.035834283867139625, 41.464134898402406], [-0.03590966991915114, 41.46417764693814], [-0.03600177853332432, 41.464417599829275], [-0.036134485382652785, 41.46456556078253]]], [[[-0.03550315282879924, 41.46395144183187], [-0.0354485919631441, 41.463936094550775], [-0.03536581444871181, 41.463785537926945], [-0.03528693580372839, 41.463731384370774], [-0.03543446333255505, 41.46363135716789], [-0.03545895965782036, 41.46339928787869], [-0.03560395304836299, 41.46345060235839], [-0.035713832867165625, 41.46339202288494], [-0.03568904366696509, 41.463293281006045], [-0.03551556648421208, 41.463198478086376], [-0.035216851109712545, 41.46317586014399], [-0.03501266361320172, 41.46320403474103], [-0.03494224769920629, 41.46324488484318], [-0.0349159584518648, 41.46334451336236], [-0.03496027712315695, 41.463472490173984], [-0.034864628403052836, 41.46358261594582], [-0.03483628645776838, 41.46368989093706], [-0.034704146265190555, 41.463751672029396], [-0.03463769990992331, 41.46387491236209], [-0.03466225059489272, 41.46394938620456], [-0.03478824470440213, 41.46401247550507], [-0.034813363812438054, 41.4640668257091], [-0.034748155951857915, 41.46409199988083], [-0.034538488462812496, 41.46406521299263], [-0.03406627741153298, 41.46389864591664], [-0.033733741836664353, 41.46335696063992], [-0.033816604690683115, 41.46320699610631], [-0.03380424400575818, 41.46298305134055], [-0.03393055535357888, 41.463032028869264], [-0.03406828648764369, 41.46301329076991], [-0.03423783835091999, 41.462850246882184], [-0.03433219807706135, 41.4628164412833], [-0.034509728844989304, 41.46262805692635], [-0.03496676066073022, 41.46232966357326], [-0.03509240642191755, 41.4621980361328], [-0.035324149639575864, 41.46225229947968], [-0.03630677003635853, 41.46282156357453], [-0.03638305029478549, 41.463067318747605], [-0.0362855264869137, 41.463779478582694], [-0.03630169372306788, 41.463914161570514], [-0.036193464434120526, 41.46388208101915], [-0.03611790532813793, 41.463891120237236], [-0.03605955875219273, 41.463934921466475], [-0.036052525683389784, 41.46399606356478], [-0.03560667759541292, 41.46379807863414], [-0.035491746063749184, 41.46386184771705], [-0.03550315282879924, 41.46395144183187]], [[-0.035494540384206706, 41.462895796270935], [-0.034978202211537836, 41.46296015689269], [-0.03492606127942484, 41.463017860511876], [-0.034944402307924165, 41.46308625412558], [-0.03502238985459897, 41.46313392374973], [-0.035139915819123346, 41.463137718482066], [-0.03540030402729168, 41.463098679936934], [-0.03555103042576314, 41.463112703131664], [-0.035630755100006954, 41.46307675223974], [-0.0356496568932901, 41.46299995542786], [-0.035585320541841964, 41.462927695039646], [-0.035494540384206706, 41.462895796270935]]]]}}, {"id": "214", "type": "Feature", "properties": {"unit_id": "A0216", "group_id": "20-s-dryland-barbecho-tradicional", "crop_sequence": "Barbecho tradicional", "crop_sequence_en": "Traditional fallow", "system_class": "dryland", "system_es": "Secano", "system_en": "Dryland", "pivot_id": null, "analysis_area_ha": 0.9009792125209629}, "geometry": {"type": "MultiPolygon", "coordinates": [[[[-0.0330081457620787, 41.46108930376904], [-0.03201360257977257, 41.461148438857684], [-0.0319399128434487, 41.460920706408864], [-0.0318687849848646, 41.46084478052778], [-0.03213516468751516, 41.46093301373647], [-0.03230306444584001, 41.46094436104926], [-0.03264236562392633, 41.46088288158209], [-0.03281858258865736, 41.46078817032873], [-0.0330081457620787, 41.46108930376904]]], [[[-0.032595610413568704, 41.46065935761909], [-0.03247036363910252, 41.46070059812446], [-0.032211173163541454, 41.46071916871103], [-0.031786125542044484, 41.46056647612585], [-0.03167925824319512, 41.46047553261848], [-0.03172381946013558, 41.46028523127158], [-0.0319026272391919, 41.46022510868326], [-0.03217704263215119, 41.46029432731761], [-0.03229113237035962, 41.46035496301414], [-0.032375314961089294, 41.46050652945942], [-0.03248312732509404, 41.46060917651705], [-0.032595610413568704, 41.46065935761909]]], [[[-0.03172984053434327, 41.46116879033009], [-0.031625302268231036, 41.46118462625996], [-0.03143194533675019, 41.460853804536754], [-0.031644517283782016, 41.46098925783457], [-0.03172984053434327, 41.46116879033009]]], [[[-0.030859584116162426, 41.461316871914725], [-0.030779296147406276, 41.461321380539765], [-0.03073318763480033, 41.46119943583324], [-0.03079160287353841, 41.46119400107137], [-0.030859584116162426, 41.461316871914725]]], [[[-0.030480641484012354, 41.46137052646812], [-0.030260189025574518, 41.46144499236823], [-0.03025781080965858, 41.461249355605624], [-0.030439731054903118, 41.46124300146605], [-0.030480641484012354, 41.46137052646812]]], [[[-0.029993156767130456, 41.46148048640534], [-0.029956195251818654, 41.46148511848761], [-0.029977518296453506, 41.46128984669979], [-0.02997701066431022, 41.46137453966991], [-0.029993156767130456, 41.46148048640534]]], [[[-0.029685509817491074, 41.46151359804492], [-0.029562002583715326, 41.46153960975824], [-0.029561946980126107, 41.46132324989383], [-0.029663180754052887, 41.46130936290513], [-0.029685509817491074, 41.46151359804492]]], [[[-0.029068240657033808, 41.46170879668134], [-0.028896167147779445, 41.46177802317331], [-0.028758369185510623, 41.46190120931803], [-0.0284834606170882, 41.461929699019], [-0.02815503744079077, 41.461889378144875], [-0.02813747903162272, 41.46163489009669], [-0.028344978319752433, 41.46135505745574], [-0.02846066064116557, 41.46162183198932], [-0.02856822842280253, 41.46164914432527], [-0.02866191153458001, 41.46158826441537], [-0.02866913942489415, 41.46142460556627], [-0.0285374208347536, 41.46108989750207], [-0.02855909290532771, 41.460981187883036], [-0.028733991740050344, 41.460744935543154], [-0.028765706386717934, 41.46078829144906], [-0.02876024908018893, 41.46115883812649], [-0.02871344251110737, 41.46137698148642], [-0.028736265498753015, 41.461614228098476], [-0.028823548077525962, 41.46168049844756], [-0.02894946282256098, 41.46164602801854], [-0.028988010531258455, 41.46158360548604], [-0.02902384714697513, 41.46127740353172], [-0.029049426847027306, 41.46128239119243], [-0.029068240657033808, 41.46170879668134]]]]}}, {"id": "215", "type": "Feature", "properties": {"unit_id": "A0217", "group_id": "20-s-dryland-barbecho-tradicional", "crop_sequence": "Barbecho tradicional", "crop_sequence_en": "Traditional fallow", "system_class": "dryland", "system_es": "Secano", "system_en": "Dryland", "pivot_id": null, "analysis_area_ha": 3.587796097772183}, "geometry": {"type": "Polygon", "coordinates": [[[-0.028964104896183417, 41.458341789362144], [-0.02872225492330802, 41.459128824952124], [-0.028596567146506324, 41.459296953177805], [-0.02867112954480195, 41.45944396892463], [-0.02899180663873088, 41.459859901802446], [-0.028950390736405478, 41.46010443516954], [-0.028294162868094577, 41.46086484264976], [-0.02819730218821584, 41.460817851099804], [-0.02817996303386152, 41.4607195337492], [-0.028356810636629134, 41.46044042820118], [-0.028403312014159753, 41.46012835909608], [-0.028203649493358397, 41.45972879072788], [-0.028175206816401416, 41.459574966651346], [-0.028229944199192884, 41.45940242709324], [-0.028050944668651406, 41.459116432780185], [-0.02781714050943248, 41.458884533072386], [-0.027662882945445652, 41.458795931633546], [-0.027463524158427354, 41.45874050465214], [-0.027151960222527128, 41.4587152184122], [-0.026973077157107603, 41.45859264892004], [-0.026552289126840947, 41.457787095419505], [-0.026292074314857056, 41.45710450857913], [-0.026499901210466498, 41.4571317523913], [-0.027398075221369868, 41.457376998489025], [-0.028507706510975478, 41.45778416172073], [-0.028896233071115256, 41.45804056238191], [-0.028897683303893144, 41.45816511222161], [-0.028964104896183417, 41.458341789362144]]]}}, {"id": "216", "type": "Feature", "properties": {"unit_id": "A0218", "group_id": "20-s-dryland-barbecho-tradicional", "crop_sequence": "Barbecho tradicional", "crop_sequence_en": "Traditional fallow", "system_class": "dryland", "system_es": "Secano", "system_en": "Dryland", "pivot_id": null, "analysis_area_ha": 1.0821641320563342}, "geometry": {"type": "MultiPolygon", "coordinates": [[[[-0.02546954925909367, 41.46247382304991], [-0.025375206953794523, 41.46258384687888], [-0.025329542281069466, 41.462760481953566], [-0.024910300351446833, 41.46262270515387], [-0.024791815313750284, 41.462554209830955], [-0.02452975623168633, 41.46233730703637], [-0.024438226393712934, 41.46214571512943], [-0.024459230296290047, 41.46203700229879], [-0.02463964990387634, 41.46174098733759], [-0.024612229568491135, 41.46161421702052], [-0.02437890379109212, 41.46140436134075], [-0.02427792550404895, 41.46139364078612], [-0.024074044398968424, 41.461464364204744], [-0.023925441233417416, 41.461447212432645], [-0.02388774672189662, 41.461400561555216], [-0.023884972771118673, 41.46123626302932], [-0.023947466195244578, 41.461099446420434], [-0.024087727204199817, 41.46119059226317], [-0.024402036124159903, 41.46128535770584], [-0.024585339327827596, 41.46120980271001], [-0.02470466659532969, 41.46104164263979], [-0.0246920699094347, 41.46093012941684], [-0.02444265632504402, 41.460769823017884], [-0.024363547135358727, 41.46045663380251], [-0.02457275309250337, 41.460508299950284], [-0.024834099603976707, 41.460513204907436], [-0.025203000953904015, 41.46081228842169], [-0.02508705546316429, 41.46108721607722], [-0.024942955712740134, 41.46112169619362], [-0.02484997252930124, 41.461224757944116], [-0.02495242393294845, 41.461439970329], [-0.02503810291480646, 41.46152578216765], [-0.025183795922914486, 41.46159925396171], [-0.02486686778358943, 41.46187831019164], [-0.024831409656551916, 41.46205735984944], [-0.024880387650093035, 41.46216937944984], [-0.025071919073355684, 41.462344615033636], [-0.0251739515248618, 41.4623988113238], [-0.02546954925909367, 41.46247382304991]]], [[[-0.024158863032367365, 41.46024889356316], [-0.024114579226781185, 41.4602493710757], [-0.02415776634597994, 41.46024315698202], [-0.024158863032367365, 41.46024889356316]]], [[[-0.02403407336606467, 41.46026095482897], [-0.024044540813131805, 41.46026157758066], [-0.02402854734054159, 41.46027005292709], [-0.02403407336606467, 41.46026095482897]]], [[[-0.023949763822398388, 41.46039410231971], [-0.02394620750560683, 41.460403427125854], [-0.023941532864840822, 41.460401335561805], [-0.023949763822398388, 41.46039410231971]]], [[[-0.02387888986933168, 41.46059567516328], [-0.023860115306996627, 41.46061999922458], [-0.023688159411023778, 41.46059540374069], [-0.023692112515265616, 41.460591291641215], [-0.02387888986933168, 41.46059567516328]]]]}}, {"id": "217", "type": "Feature", "properties": {"unit_id": "A0219", "group_id": "20-s-dryland-barbecho-tradicional", "crop_sequence": "Barbecho tradicional", "crop_sequence_en": "Traditional fallow", "system_class": "dryland", "system_es": "Secano", "system_en": "Dryland", "pivot_id": null, "analysis_area_ha": 0.9774569846712077}, "geometry": {"type": "Polygon", "coordinates": [[[-0.023722849560830546, 41.46574238407441], [-0.023724718776837062, 41.46618030760365], [-0.02348171653764358, 41.466886923463925], [-0.022979768477630336, 41.46685915124685], [-0.021953496838641277, 41.466333210096636], [-0.02223663400338383, 41.46629806724571], [-0.02243594679939219, 41.46623540276797], [-0.022800845918428434, 41.46608944180116], [-0.023174377954653574, 41.46598109131013], [-0.023605104673676727, 41.46573613805051], [-0.023722849560830546, 41.46574238407441]]]}}, {"id": "218", "type": "Feature", "properties": {"unit_id": "A0220", "group_id": "20-s-dryland-barbecho-tradicional", "crop_sequence": "Barbecho tradicional", "crop_sequence_en": "Traditional fallow", "system_class": "dryland", "system_es": "Secano", "system_en": "Dryland", "pivot_id": null, "analysis_area_ha": 1.0275489034445158}, "geometry": {"type": "Polygon", "coordinates": [[[-0.0472542835557649, 41.460896100209496], [-0.047169922263204905, 41.46093737100111], [-0.046692383747382285, 41.46091790098137], [-0.04664200933716248, 41.46056232979965], [-0.04671014519816893, 41.46013032553605], [-0.0463605763114682, 41.45979820021974], [-0.0462901161234173, 41.459767397934606], [-0.046190408360407394, 41.459787983863784], [-0.0461492550459833, 41.45985933703759], [-0.04637931280272513, 41.46017488570794], [-0.04632707405839142, 41.460338184696646], [-0.046345247892776796, 41.460493601572196], [-0.04618822340845918, 41.460571010515444], [-0.046087269538140706, 41.46069439202983], [-0.04581717427847723, 41.46029410467367], [-0.04581564293026002, 41.460239939021115], [-0.04591138448408129, 41.460233485630496], [-0.04597146683703736, 41.46017008194448], [-0.045981062779643936, 41.45992249309964], [-0.04587908356122107, 41.459765646083305], [-0.04607516767932359, 41.459311837537136], [-0.04710651163400428, 41.45996649861044], [-0.0472542835557649, 41.460896100209496]]]}}, {"id": "219", "type": "Feature", "properties": {"unit_id": "A0221", "group_id": "20-s-dryland-barbecho-tradicional", "crop_sequence": "Barbecho tradicional", "crop_sequence_en": "Traditional fallow", "system_class": "dryland", "system_es": "Secano", "system_en": "Dryland", "pivot_id": null, "analysis_area_ha": 5.5339924933240106}, "geometry": {"type": "MultiPolygon", "coordinates": [[[[-0.040188232895959304, 41.45718780290457], [-0.03993858019111809, 41.4572756585341], [-0.03983440229769559, 41.457376120371194], [-0.039784336614354786, 41.4576421260674], [-0.039369210805621384, 41.45747572449411], [-0.03905515082440383, 41.45729003988592], [-0.03892435819735511, 41.45725682286547], [-0.03762601578853713, 41.457308809955904], [-0.036330635130190775, 41.457206764123946], [-0.03638858772910809, 41.45697033326145], [-0.0364803547709409, 41.456816343368615], [-0.03680833993051613, 41.45666963804241], [-0.03694635649341226, 41.456541963015496], [-0.036979037504852146, 41.456461650020046], [-0.03693821009815098, 41.45634384572896], [-0.03659399346696081, 41.4560473178144], [-0.03682544392017199, 41.45599952419482], [-0.03721236257576886, 41.456230501109815], [-0.03742028106757503, 41.456265142408405], [-0.0376097342813261, 41.4562333894519], [-0.037771828808949894, 41.45612879936921], [-0.03785372402080131, 41.45592858085286], [-0.0377796197895951, 41.455566259559475], [-0.03768891781191377, 41.455438013690845], [-0.038306089088296025, 41.45543900410208], [-0.03845165948067775, 41.45551755444509], [-0.03867607607765658, 41.45577938641292], [-0.03914101270437248, 41.45598145388499], [-0.039604619123025354, 41.45623116138025], [-0.039866086670949194, 41.45654554824164], [-0.040188232895959304, 41.45718780290457]]], [[[-0.037413018513607205, 41.455438015304196], [-0.03742533996806908, 41.45573021744958], [-0.037334293189145884, 41.45580325306741], [-0.03717213881770245, 41.4557779654945], [-0.036944033676383055, 41.45568659413392], [-0.036810538781868386, 41.45568290124905], [-0.03652340833765545, 41.45576852474139], [-0.036184433536081174, 41.45582697909046], [-0.03605541878461252, 41.45589439410484], [-0.03602732293205738, 41.45595237962401], [-0.03605278230011813, 41.45603914191807], [-0.03634527030387733, 41.456305541674084], [-0.03609924623134011, 41.45641937373109], [-0.035887312045928606, 41.456682090760545], [-0.035796449026585186, 41.45668751011296], [-0.035196811175345455, 41.45647055741962], [-0.034982530594713415, 41.45643648081899], [-0.03463941096379802, 41.45644785124961], [-0.0344447860514471, 41.456407568754024], [-0.03495243459382084, 41.456374152296355], [-0.03515084191018458, 41.45629138629103], [-0.035292480559811115, 41.456174030970224], [-0.03537758757568138, 41.45592431746199], [-0.035334602238811075, 41.45582376146196], [-0.03514304552893924, 41.45567029904408], [-0.035175512495391484, 41.45561124455188], [-0.03549819234152034, 41.45543800824125], [-0.037413018513607205, 41.455438015304196]]]]}}, {"id": "220", "type": "Feature", "properties": {"unit_id": "A0222", "group_id": "20-s-pivot-barbecho-tradicional", "crop_sequence": "Barbecho tradicional", "crop_sequence_en": "Traditional fallow", "system_class": "pivot", "system_es": "Pivote central", "system_en": "Centre pivot", "pivot_id": "P02", "analysis_area_ha": 1.3338307282354016}, "geometry": {"type": "Polygon", "coordinates": [[[-0.06351137399666969, 41.484538801254196], [-0.06315320470866283, 41.48503844407481], [-0.06291732703882974, 41.48530203300071], [-0.0625257274218535, 41.48531820751318], [-0.062049365058567486, 41.48509332113725], [-0.06170211705320085, 41.48497822248809], [-0.06174227915052992, 41.4848837590462], [-0.06219881121467137, 41.48436888153654], [-0.06231265737396509, 41.48414689305809], [-0.06248546069325651, 41.48404752930326], [-0.06264450524179199, 41.48399831553669], [-0.06274162907512118, 41.4840785649123], [-0.06288651222656273, 41.48409877613376], [-0.06304328992017791, 41.48416132094462], [-0.06323882467146555, 41.48428951159523], [-0.06330268773211103, 41.484395884321216], [-0.06351137399666969, 41.484538801254196]]]}}, {"id": "221", "type": "Feature", "properties": {"unit_id": "A0223", "group_id": "40-r-irrigated-non-pivot-guisante-maiz", "crop_sequence": "Guisante \u2192 Ma\u00edz", "crop_sequence_en": "Pea \u2192 Maize", "system_class": "irrigated_non_pivot", "system_es": "Regad\u00edo sin pivote", "system_en": "Irrigated, non-pivot", "pivot_id": null, "analysis_area_ha": 36.50160428591912}, "geometry": {"type": "Polygon", "coordinates": [[[-0.07841529866112115, 41.48649571138719], [-0.07780204091600731, 41.48922742900098], [-0.07762909320947617, 41.48921557862172], [-0.0738977214398653, 41.48772752114058], [-0.07376074245433852, 41.48775258610958], [-0.07357735742998564, 41.487996399581334], [-0.070114548263742, 41.4865597918068], [-0.07081622311520423, 41.4856299966779], [-0.07119157466441133, 41.48532236071805], [-0.07154045108216532, 41.484932209298506], [-0.07181382943665136, 41.48497484457389], [-0.07191927286233547, 41.48494736805921], [-0.07200901059862973, 41.48487773737493], [-0.07203062562361236, 41.484799980164325], [-0.07196687470021065, 41.48470619594689], [-0.07197820915963782, 41.484621287320266], [-0.07181336781431548, 41.48448522411925], [-0.07188090488346574, 41.48433186655581], [-0.0743334049716455, 41.48109968211876], [-0.07432330036133407, 41.48098259633117], [-0.07435292823674142, 41.48094333177334], [-0.0762002724464173, 41.48036987431238], [-0.076783705007752, 41.4837216826069], [-0.07687112110937552, 41.48399215531007], [-0.0770461613488606, 41.48429170014131], [-0.07732909339117783, 41.484500448130035], [-0.077658641790893, 41.48468673807526], [-0.0784153015112333, 41.48496724936555], [-0.07841529866112115, 41.48649571138719]]]}}, {"id": "222", "type": "Feature", "properties": {"unit_id": "A0224", "group_id": "40-r-irrigated-non-pivot-guisante-maiz", "crop_sequence": "Guisante \u2192 Ma\u00edz", "crop_sequence_en": "Pea \u2192 Maize", "system_class": "irrigated_non_pivot", "system_es": "Regad\u00edo sin pivote", "system_en": "Irrigated, non-pivot", "pivot_id": null, "analysis_area_ha": 0.3621200171999555}, "geometry": {"type": "Polygon", "coordinates": [[[-0.046145889867017106, 41.47436185599827], [-0.04585043133826408, 41.475659728179785], [-0.04555255615721876, 41.47702351058091], [-0.04540252134431205, 41.47697490169085], [-0.0460137544393833, 41.47433083936774], [-0.046145889867017106, 41.47436185599827]]]}}, {"id": "223", "type": "Feature", "properties": {"unit_id": "A0225", "group_id": "40-r-irrigated-non-pivot-guisante-maiz", "crop_sequence": "Guisante \u2192 Ma\u00edz", "crop_sequence_en": "Pea \u2192 Maize", "system_class": "irrigated_non_pivot", "system_es": "Regad\u00edo sin pivote", "system_en": "Irrigated, non-pivot", "pivot_id": null, "analysis_area_ha": 2.007897619910395}, "geometry": {"type": "Polygon", "coordinates": [[[-0.04578402761807074, 41.47427366166524], [-0.045176500367490165, 41.47690165557276], [-0.04440142538100288, 41.4766504375088], [-0.044992270546370075, 41.47409412941863], [-0.04578402761807074, 41.47427366166524]]]}}, {"id": "224", "type": "Feature", "properties": {"unit_id": "A0226", "group_id": "40-r-irrigated-non-pivot-guisante-maiz", "crop_sequence": "Guisante \u2192 Ma\u00edz", "crop_sequence_en": "Pea \u2192 Maize", "system_class": "irrigated_non_pivot", "system_es": "Regad\u00edo sin pivote", "system_en": "Irrigated, non-pivot", "pivot_id": null, "analysis_area_ha": 11.054385780011524}, "geometry": {"type": "Polygon", "coordinates": [[[-0.044763617621230066, 41.47403230712768], [-0.04427694235621353, 41.476137770048936], [-0.04381850098886046, 41.475989627353904], [-0.043725423734535036, 41.47599626766034], [-0.043667098039856064, 41.47605122241042], [-0.043588887417265826, 41.476387115242034], [-0.03885873988483603, 41.474853934382246], [-0.03928248046676809, 41.47302156711337], [-0.03986900736392509, 41.47306691102806], [-0.04002464499374583, 41.47305405516851], [-0.04024388599882053, 41.47295692793234], [-0.0404664265571194, 41.4727624697097], [-0.04084486973225736, 41.47268381390121], [-0.041102288267431696, 41.47255592177408], [-0.04134029585010545, 41.47255452386589], [-0.041634006521348334, 41.47246417219604], [-0.04173795380450462, 41.47251024603478], [-0.04174236110663442, 41.472550876221746], [-0.041661755792465775, 41.472746474832], [-0.04112421828563886, 41.4729638495972], [-0.04082984157784611, 41.47325015550771], [-0.04081284416131205, 41.47333052417785], [-0.04086463626577508, 41.47347312809125], [-0.041131651176040666, 41.473706540636584], [-0.04135894894979408, 41.473805052688874], [-0.04167715513357076, 41.47388362763039], [-0.04169302024574345, 41.4739568284154], [-0.04177941885659472, 41.473996405146465], [-0.04220098440393649, 41.473908380700294], [-0.0424820930313828, 41.473931812380705], [-0.042800238444589016, 41.47403653467342], [-0.04291424261028623, 41.47404683153764], [-0.04358958103332651, 41.4739540431399], [-0.04388956235265888, 41.473986084511935], [-0.04434083946172585, 41.47394619182787], [-0.044763617621230066, 41.47403230712768]]]}}, {"id": "225", "type": "Feature", "properties": {"unit_id": "A0227", "group_id": "40-r-irrigated-non-pivot-guisante-maiz", "crop_sequence": "Guisante \u2192 Ma\u00edz", "crop_sequence_en": "Pea \u2192 Maize", "system_class": "irrigated_non_pivot", "system_es": "Regad\u00edo sin pivote", "system_en": "Irrigated, non-pivot", "pivot_id": null, "analysis_area_ha": 15.085186712740638}, "geometry": {"type": "Polygon", "coordinates": [[[-0.060800991841931676, 41.47547646635645], [-0.060585984440973246, 41.480225584395], [-0.05982758287935428, 41.48022447504863], [-0.059044551017796196, 41.48033438846278], [-0.057358744257438636, 41.4802863508666], [-0.05760985320534357, 41.47500506840969], [-0.057941896328599175, 41.47504986116345], [-0.05864035139801953, 41.475258099931295], [-0.0589170633494901, 41.47525808047648], [-0.05915551707961191, 41.47517946540763], [-0.05950528539939275, 41.475205731512624], [-0.06040221944153045, 41.47536646648158], [-0.060800991841931676, 41.47547646635645]]]}}, {"id": "226", "type": "Feature", "properties": {"unit_id": "A0228", "group_id": "40-r-irrigated-non-pivot-guisante-maiz", "crop_sequence": "Guisante \u2192 Ma\u00edz", "crop_sequence_en": "Pea \u2192 Maize", "system_class": "irrigated_non_pivot", "system_es": "Regad\u00edo sin pivote", "system_en": "Irrigated, non-pivot", "pivot_id": null, "analysis_area_ha": 3.032365254766023}, "geometry": {"type": "Polygon", "coordinates": [[[-0.062371314498656336, 41.47746615881009], [-0.06248786958581, 41.47794466704405], [-0.0624453720745723, 41.47821492674349], [-0.06228461934721417, 41.47865415766884], [-0.060898248786322245, 41.4786169483021], [-0.06103012753597976, 41.47570528435391], [-0.06168633045138726, 41.476365339093725], [-0.0619380528759252, 41.47654105196811], [-0.06201633484453358, 41.476632115699566], [-0.06233982609697427, 41.477156702538096], [-0.062371314498656336, 41.47746615881009]]]}}, {"id": "227", "type": "Feature", "properties": {"unit_id": "A0229", "group_id": "40-r-irrigated-non-pivot-guisante-maiz", "crop_sequence": "Guisante \u2192 Ma\u00edz", "crop_sequence_en": "Pea \u2192 Maize", "system_class": "irrigated_non_pivot", "system_es": "Regad\u00edo sin pivote", "system_en": "Irrigated, non-pivot", "pivot_id": null, "analysis_area_ha": 0.6802701493263568}, "geometry": {"type": "Polygon", "coordinates": [[[-0.06227574638604264, 41.47883405003381], [-0.06225169835837696, 41.479362113465186], [-0.06086620917274497, 41.47932533561809], [-0.060890106959864146, 41.47879686019032], [-0.06227574638604264, 41.47883405003381]]]}}, {"id": "228", "type": "Feature", "properties": {"unit_id": "A0230", "group_id": "40-r-irrigated-non-pivot-guisante-maiz", "crop_sequence": "Guisante \u2192 Ma\u00edz", "crop_sequence_en": "Pea \u2192 Maize", "system_class": "irrigated_non_pivot", "system_es": "Regad\u00edo sin pivote", "system_en": "Irrigated, non-pivot", "pivot_id": null, "analysis_area_ha": 1.0702348212042134}, "geometry": {"type": "Polygon", "coordinates": [[[-0.06224347647608333, 41.47954265642746], [-0.0622033231914145, 41.480424350753324], [-0.06165753694839885, 41.48040882718588], [-0.06082451571852095, 41.48024735276499], [-0.060857996575494705, 41.4795069578469], [-0.06224347647608333, 41.47954265642746]]]}}, {"id": "229", "type": "Feature", "properties": {"unit_id": "A0231", "group_id": "40-s-dryland-guisante", "crop_sequence": "Guisante", "crop_sequence_en": "Pea", "system_class": "dryland", "system_es": "Secano", "system_en": "Dryland", "pivot_id": null, "analysis_area_ha": 1.4585829396223418}, "geometry": {"type": "Polygon", "coordinates": [[[-0.043055608764920365, 41.45773681321303], [-0.042885809526350904, 41.4575475012804], [-0.04245552716955909, 41.45728465475186], [-0.042100080507671174, 41.45711207547108], [-0.04183395306896706, 41.45543800806056], [-0.04252705454325029, 41.4554380080207], [-0.04254735836750021, 41.455562982140954], [-0.04270412433473191, 41.45575362757602], [-0.043055608764920365, 41.45773681321303]]]}}, {"id": "230", "type": "Feature", "properties": {"unit_id": "A0232", "group_id": "40-s-dryland-guisante", "crop_sequence": "Guisante", "crop_sequence_en": "Pea", "system_class": "dryland", "system_es": "Secano", "system_en": "Dryland", "pivot_id": null, "analysis_area_ha": 1.6578857070561432}, "geometry": {"type": "Polygon", "coordinates": [[[-0.04184530368445866, 41.45702538212249], [-0.04173666923367287, 41.45699197803218], [-0.0415772312945191, 41.456781834258216], [-0.04146252327210507, 41.456712066511145], [-0.041244746868460185, 41.45663442566919], [-0.040998778100370274, 41.45659835376494], [-0.04083596398416098, 41.456661612249064], [-0.04048525550292564, 41.457006432834135], [-0.0402359838568919, 41.45543800837416], [-0.04159296421573864, 41.45543800826719], [-0.04184530368445866, 41.45702538212249]]]}}, {"id": "231", "type": "Feature", "properties": {"unit_id": "A0233", "group_id": "40-s-dryland-guisante", "crop_sequence": "Guisante", "crop_sequence_en": "Pea", "system_class": "dryland", "system_es": "Secano", "system_en": "Dryland", "pivot_id": null, "analysis_area_ha": 2.1037959037389067}, "geometry": {"type": "Polygon", "coordinates": [[[-0.07662324158639132, 41.49098109306804], [-0.07646984758847847, 41.49093155264733], [-0.07651156381894757, 41.49076840025816], [-0.0764734170611208, 41.49066973453911], [-0.07635821454127391, 41.490552389339236], [-0.07599245138087034, 41.49032271259379], [-0.07565323739706087, 41.48992804030926], [-0.07539717399411028, 41.489847338282644], [-0.07489449463108536, 41.48982798301588], [-0.07471044837664281, 41.48959574917062], [-0.07452425639948622, 41.4892791347752], [-0.07448867068574881, 41.48896696831447], [-0.0750735558063318, 41.48900178885853], [-0.07515479128727304, 41.48897622538626], [-0.07537957022699189, 41.48920295766434], [-0.07629176905533773, 41.48949499246679], [-0.07733430149753145, 41.489531111492205], [-0.07662324158639132, 41.49098109306804]]]}}, {"id": "232", "type": "Feature", "properties": {"unit_id": "A0234", "group_id": "40-s-dryland-guisante", "crop_sequence": "Guisante", "crop_sequence_en": "Pea", "system_class": "dryland", "system_es": "Secano", "system_en": "Dryland", "pivot_id": null, "analysis_area_ha": 1.000041403557492}, "geometry": {"type": "MultiPolygon", "coordinates": [[[[-0.07247939329558084, 41.48879449870048], [-0.07242427544737481, 41.48889285189049], [-0.07212709055932, 41.48909211321106], [-0.07247939329558084, 41.48879449870048]]], [[[-0.07209910716907605, 41.48910922654505], [-0.07190917259900978, 41.48929115860083], [-0.07184026222258545, 41.48944669615025], [-0.0718497866931603, 41.48960362474938], [-0.07238646690345724, 41.490049099361556], [-0.07189023455767486, 41.49053111044467], [-0.07162321634275531, 41.490417647715454], [-0.0710361083037119, 41.49003811209769], [-0.07076800665388783, 41.48972431858734], [-0.07095132810205088, 41.48965679621845], [-0.07153927589396933, 41.48929251437911], [-0.07185921884023305, 41.48921607430796], [-0.07209910716907605, 41.48910922654505]]]]}}, {"id": "233", "type": "Feature", "properties": {"unit_id": "A0235", "group_id": "40-s-dryland-guisante", "crop_sequence": "Guisante", "crop_sequence_en": "Pea", "system_class": "dryland", "system_es": "Secano", "system_en": "Dryland", "pivot_id": null, "analysis_area_ha": 2.405593101123982}, "geometry": {"type": "MultiPolygon", "coordinates": [[[[-0.045014590732387165, 41.45989640418484], [-0.04472248757988948, 41.45977050703323], [-0.044373417483869894, 41.459620058078464], [-0.044620783158002615, 41.459656348283296], [-0.045014590732387165, 41.45989640418484]]], [[[-0.0437685313038748, 41.459359352345096], [-0.043384029612814026, 41.45919363181134], [-0.043345744073376956, 41.459161114654634], [-0.043579253993535856, 41.45911611423846], [-0.0437685313038748, 41.459359352345096]]], [[[-0.043172293812123314, 41.45904620728737], [-0.04291942634132639, 41.458945632347685], [-0.04281279407158088, 41.45894742922245], [-0.040508524829137284, 41.45795428878477], [-0.04056558069408337, 41.45789765247249], [-0.040677042718322856, 41.457530587559134], [-0.04125002806955499, 41.45776857208239], [-0.04168178756095989, 41.45812314819388], [-0.04221505684998296, 41.45821492095213], [-0.042412421742792035, 41.45847421239078], [-0.04275258416831842, 41.458610745414674], [-0.04283857372721112, 41.458591768681494], [-0.04289963617906719, 41.458525638566556], [-0.042877998040656555, 41.45844142377134], [-0.042736678688113955, 41.458306477067836], [-0.04260173782103007, 41.45823642627019], [-0.04247661387470553, 41.45807895599282], [-0.04236098680476518, 41.45800329940462], [-0.04225331157668654, 41.45795771312565], [-0.041853179809639235, 41.45788049979441], [-0.04146953764342176, 41.457595440007054], [-0.040711841211470236, 41.45729009380441], [-0.04098257492619288, 41.45700505389791], [-0.041056996867251866, 41.456789229260856], [-0.041173110832574196, 41.45680687821433], [-0.041391355341102665, 41.45689727474725], [-0.04154408570514611, 41.45710133346442], [-0.041657173516336396, 41.45717944466021], [-0.04185088624408795, 41.457205644961796], [-0.042309366845254395, 41.45742727980524], [-0.04272075200868162, 41.45767864062758], [-0.04290563737068055, 41.45789115808511], [-0.0430404105817763, 41.457955936987815], [-0.043304624139787064, 41.45859844020647], [-0.043463111870510475, 41.45884861685048], [-0.043211267631061395, 41.458957559386796], [-0.043172293812123314, 41.45904620728737]]]]}}, {"id": "234", "type": "Feature", "properties": {"unit_id": "A0236", "group_id": "52-r-irrigated-non-pivot-veza-maiz", "crop_sequence": "Veza \u2192 Ma\u00edz", "crop_sequence_en": "Vetch \u2192 Maize", "system_class": "irrigated_non_pivot", "system_es": "Regad\u00edo sin pivote", "system_en": "Irrigated, non-pivot", "pivot_id": null, "analysis_area_ha": 1.7859880242517199}, "geometry": {"type": "Polygon", "coordinates": [[[-0.03725274387557405, 41.47267998665623], [-0.03689703728698673, 41.47421802116547], [-0.03594203763217674, 41.47390845692143], [-0.03630742179667662, 41.47212669182176], [-0.03728415995142795, 41.47227056513005], [-0.03720833673264102, 41.472603699866326], [-0.03725274387557405, 41.47267998665623]]]}}, {"id": "235", "type": "Feature", "properties": {"unit_id": "A0237", "group_id": "52-r-irrigated-non-pivot-veza-maiz", "crop_sequence": "Veza \u2192 Ma\u00edz", "crop_sequence_en": "Vetch \u2192 Maize", "system_class": "irrigated_non_pivot", "system_es": "Regad\u00edo sin pivote", "system_en": "Irrigated, non-pivot", "pivot_id": null, "analysis_area_ha": 9.320467599536444}, "geometry": {"type": "Polygon", "coordinates": [[[-0.037485133558895385, 41.46819845141688], [-0.03784322824333615, 41.4682673255112], [-0.03901164692688587, 41.46859551879293], [-0.03896012958828279, 41.47121524420726], [-0.03620779592642008, 41.470870138806205], [-0.03619878483396985, 41.47069610187322], [-0.03609162383441983, 41.4706015449641], [-0.03594175638097377, 41.470597818110996], [-0.03570779222211284, 41.47064070868091], [-0.03531072453501421, 41.47050570104011], [-0.03458997614060068, 41.47043086774533], [-0.03494156241497198, 41.46877000199366], [-0.035438045437860444, 41.46878700695654], [-0.03568405816891299, 41.46876047223695], [-0.03614634981199546, 41.46863203239226], [-0.03704876861297743, 41.4682559808569], [-0.03729797815921654, 41.46819630267265], [-0.037485133558895385, 41.46819845141688]]]}}, {"id": "236", "type": "Feature", "properties": {"unit_id": "A0238", "group_id": "52-r-irrigated-non-pivot-veza-maiz", "crop_sequence": "Veza \u2192 Ma\u00edz", "crop_sequence_en": "Vetch \u2192 Maize", "system_class": "irrigated_non_pivot", "system_es": "Regad\u00edo sin pivote", "system_en": "Irrigated, non-pivot", "pivot_id": null, "analysis_area_ha": 9.421892253698573}, "geometry": {"type": "Polygon", "coordinates": [[[-0.05713026705613146, 41.48005393717208], [-0.056867075187338044, 41.480119104797005], [-0.05682429379111503, 41.480271126631536], [-0.05544498103414773, 41.48023174669833], [-0.0552542761124752, 41.48016990483033], [-0.055453232238006786, 41.47478346029063], [-0.05566675219433605, 41.47483085253037], [-0.056021339528434314, 41.47484666950689], [-0.05615997635143854, 41.47481674904142], [-0.05655737461763061, 41.47484606667561], [-0.057370727490059406, 41.474996969605584], [-0.05713026705613146, 41.48005393717208]]]}}, {"id": "237", "type": "Feature", "properties": {"unit_id": "A0239", "group_id": "53-s-dryland-yeros", "crop_sequence": "Yeros", "crop_sequence_en": "Bitter vetch", "system_class": "dryland", "system_es": "Secano", "system_en": "Dryland", "pivot_id": null, "analysis_area_ha": 0.8734315963556925}, "geometry": {"type": "Polygon", "coordinates": [[[-0.07227412184421358, 41.46168780928951], [-0.07217216395679016, 41.46161429466427], [-0.0720440206547883, 41.461597039853906], [-0.07187987055084222, 41.46162428291937], [-0.071811044414192, 41.46168298635001], [-0.07138972719839505, 41.45952842014569], [-0.07179386952359211, 41.45944596478764], [-0.07227412184421358, 41.46168780928951]]]}}, {"id": "238", "type": "Feature", "properties": {"unit_id": "A0240", "group_id": "53-s-dryland-yeros", "crop_sequence": "Yeros", "crop_sequence_en": "Bitter vetch", "system_class": "dryland", "system_es": "Secano", "system_en": "Dryland", "pivot_id": null, "analysis_area_ha": 7.743133967426575}, "geometry": {"type": "Polygon", "coordinates": [[[-0.07353804594932838, 41.458903651726985], [-0.07135465338878681, 41.45934905497002], [-0.07058990197800973, 41.455438010315746], [-0.07283990656310103, 41.45543801006839], [-0.07353804594932838, 41.458903651726985]]]}}, {"id": "239", "type": "Feature", "properties": {"unit_id": "A0241", "group_id": "53-s-dryland-yeros", "crop_sequence": "Yeros", "crop_sequence_en": "Bitter vetch", "system_class": "dryland", "system_es": "Secano", "system_en": "Dryland", "pivot_id": null, "analysis_area_ha": 3.6340116546421153}, "geometry": {"type": "Polygon", "coordinates": [[[-0.07390747256328094, 41.46045759578805], [-0.07373820154771368, 41.46043720259121], [-0.07360537088822547, 41.460495967768004], [-0.07343753449875723, 41.46104455859184], [-0.07343623788371792, 41.461143219629584], [-0.07355346096814039, 41.46125213132169], [-0.07374477713863792, 41.461328315730135], [-0.07403102701201164, 41.46135963594024], [-0.0740861191528565, 41.4619273688611], [-0.07253318248939619, 41.46176558727341], [-0.0720261094810618, 41.45939858556022], [-0.07370974582602219, 41.45905514679035], [-0.07390747256328094, 41.46045759578805]]]}}, {"id": "240", "type": "Feature", "properties": {"unit_id": "A0242", "group_id": "53-s-dryland-yeros", "crop_sequence": "Yeros", "crop_sequence_en": "Bitter vetch", "system_class": "dryland", "system_es": "Secano", "system_en": "Dryland", "pivot_id": null, "analysis_area_ha": 0.43362800861238304}, "geometry": {"type": "Polygon", "coordinates": [[[-0.04112516491224581, 41.48929324560993], [-0.040870613841139394, 41.48957207158511], [-0.04079714103510456, 41.48976471285504], [-0.04084535620879368, 41.48990328930451], [-0.04113869849937646, 41.49021214491213], [-0.04115243451130601, 41.49029473854389], [-0.0407493332719923, 41.49090461791949], [-0.040621821302370326, 41.49101724384344], [-0.04043818420136512, 41.491095363858015], [-0.04067863340415415, 41.49085284642229], [-0.040788061067737136, 41.4906880712005], [-0.040929041892617965, 41.49040817268259], [-0.040953049085608435, 41.49023501567812], [-0.04087933238868624, 41.49011376303594], [-0.04075968441421001, 41.49005038353856], [-0.0404122326165292, 41.49007604089487], [-0.04028721793166525, 41.49003497296478], [-0.04024721434437654, 41.48996349918104], [-0.040272902024610806, 41.48961085629685], [-0.04070480691939812, 41.48953237280703], [-0.04089138709640398, 41.48942233801499], [-0.0409777998305441, 41.489330243400815], [-0.04112516491224581, 41.48929324560993]]]}}, {"id": "241", "type": "Feature", "properties": {"unit_id": "A0243", "group_id": "60-r-irrigated-non-pivot-alfalfa", "crop_sequence": "Alfalfa", "crop_sequence_en": "Alfalfa", "system_class": "irrigated_non_pivot", "system_es": "Regad\u00edo sin pivote", "system_en": "Irrigated, non-pivot", "pivot_id": null, "analysis_area_ha": 1.4308750868935611}, "geometry": {"type": "Polygon", "coordinates": [[[-0.06760471132578463, 41.471855563428974], [-0.06581457108436321, 41.4750870072845], [-0.06540058960072745, 41.474917738833746], [-0.06732648145502806, 41.471576034434385], [-0.06742880535416847, 41.47156714902314], [-0.06735754033758957, 41.47168004724506], [-0.06738153540485209, 41.471752795185736], [-0.06760471132578463, 41.471855563428974]]]}}, {"id": "242", "type": "Feature", "properties": {"unit_id": "A0244", "group_id": "60-r-irrigated-non-pivot-alfalfa", "crop_sequence": "Alfalfa", "crop_sequence_en": "Alfalfa", "system_class": "irrigated_non_pivot", "system_es": "Regad\u00edo sin pivote", "system_en": "Irrigated, non-pivot", "pivot_id": null, "analysis_area_ha": 10.814947825351114}, "geometry": {"type": "Polygon", "coordinates": [[[-0.06444942083788754, 41.47059737994775], [-0.06319624325013252, 41.470615700746734], [-0.060633606819093196, 41.47073659212281], [-0.060255156926597116, 41.470590473100046], [-0.05995005315035438, 41.47051768641735], [-0.05954429030696631, 41.47048221701994], [-0.059211207590987254, 41.470487465077234], [-0.059184672034659, 41.468741918940786], [-0.062298482559710766, 41.46824554012228], [-0.06295288740184077, 41.46825044104357], [-0.06441776671234149, 41.4683433596794], [-0.06444942083788754, 41.47059737994775]]]}}, {"id": "243", "type": "Feature", "properties": {"unit_id": "A0245", "group_id": "60-r-irrigated-non-pivot-alfalfa", "crop_sequence": "Alfalfa", "crop_sequence_en": "Alfalfa", "system_class": "irrigated_non_pivot", "system_es": "Regad\u00edo sin pivote", "system_en": "Irrigated, non-pivot", "pivot_id": null, "analysis_area_ha": 5.377148259493078}, "geometry": {"type": "Polygon", "coordinates": [[[-0.07241748717456956, 41.47180340469467], [-0.07187105069633842, 41.47419279117449], [-0.07008374990664634, 41.473595172343806], [-0.06985441255406574, 41.47349850763866], [-0.06957868309823434, 41.47329841173671], [-0.06942972310077233, 41.473115446274285], [-0.06932917418358946, 41.472919866424114], [-0.06927943666908952, 41.47269846733708], [-0.06930666460422559, 41.47251116243793], [-0.06959390027277694, 41.472117589885244], [-0.07021028495993988, 41.471507910669786], [-0.07241748717456956, 41.47180340469467]]]}}, {"id": "244", "type": "Feature", "properties": {"unit_id": "A0246", "group_id": "60-r-irrigated-non-pivot-alfalfa", "crop_sequence": "Alfalfa", "crop_sequence_en": "Alfalfa", "system_class": "irrigated_non_pivot", "system_es": "Regad\u00edo sin pivote", "system_en": "Irrigated, non-pivot", "pivot_id": null, "analysis_area_ha": 1.3455743965946643}, "geometry": {"type": "Polygon", "coordinates": [[[-0.06696903984800966, 41.47160767578326], [-0.06518431318327177, 41.474829307682334], [-0.06480689374161411, 41.47467498825929], [-0.06647849725403479, 41.47165268331629], [-0.06696903984800966, 41.47160767578326]]]}}, {"id": "245", "type": "Feature", "properties": {"unit_id": "A0247", "group_id": "60-r-irrigated-non-pivot-alfalfa", "crop_sequence": "Alfalfa", "crop_sequence_en": "Alfalfa", "system_class": "irrigated_non_pivot", "system_es": "Regad\u00edo sin pivote", "system_en": "Irrigated, non-pivot", "pivot_id": null, "analysis_area_ha": 0.8856416005018244}, "geometry": {"type": "Polygon", "coordinates": [[[-0.041730419679072914, 41.48485393492506], [-0.04098349141210085, 41.48840077326051], [-0.04079713560142705, 41.48834074154518], [-0.04068553496405721, 41.488342647444114], [-0.04149348405123508, 41.484864178281995], [-0.041730419679072914, 41.48485393492506]]]}}, {"id": "246", "type": "Feature", "properties": {"unit_id": "A0248", "group_id": "60-r-irrigated-non-pivot-alfalfa", "crop_sequence": "Alfalfa", "crop_sequence_en": "Alfalfa", "system_class": "irrigated_non_pivot", "system_es": "Regad\u00edo sin pivote", "system_en": "Irrigated, non-pivot", "pivot_id": null, "analysis_area_ha": 0.6489814261649561}, "geometry": {"type": "MultiPolygon", "coordinates": [[[[-0.041353184047264104, 41.48866612936488], [-0.04129103528021228, 41.48856521450411], [-0.04120432037964061, 41.488503144591256], [-0.04197502118341653, 41.48484336029598], [-0.042160125998393666, 41.48483535811926], [-0.041353184047264104, 41.48866612936488]]], [[[-0.041166307378767156, 41.489553208633914], [-0.04110028604812179, 41.489866596597224], [-0.041041217438228375, 41.48976293942309], [-0.041166307378767156, 41.489553208633914]]]]}}, {"id": "247", "type": "Feature", "properties": {"unit_id": "A0249", "group_id": "60-r-irrigated-non-pivot-alfalfa", "crop_sequence": "Alfalfa", "crop_sequence_en": "Alfalfa", "system_class": "irrigated_non_pivot", "system_es": "Regad\u00edo sin pivote", "system_en": "Irrigated, non-pivot", "pivot_id": null, "analysis_area_ha": 6.002290697756202}, "geometry": {"type": "Polygon", "coordinates": [[[-0.043684537883160506, 41.48476945408541], [-0.042925338890976196, 41.4882207717192], [-0.042965648928083036, 41.48848693672181], [-0.043145204151160715, 41.48874090985618], [-0.042945902187942295, 41.48900554168699], [-0.04293745097076063, 41.48932343743188], [-0.04250276260257012, 41.48937996660677], [-0.042316039095421636, 41.48948620235303], [-0.04231566385384748, 41.48973193221737], [-0.04242327424638692, 41.489896450798334], [-0.0423986726883937, 41.49006449412288], [-0.04219003289540175, 41.489911341045804], [-0.04202668746174153, 41.489857348409544], [-0.041808556319869246, 41.48987835011382], [-0.04152961641890901, 41.48998823435073], [-0.04130640165886436, 41.49003233684767], [-0.04240472960222461, 41.48482478382973], [-0.043684537883160506, 41.48476945408541]]]}}, {"id": "248", "type": "Feature", "properties": {"unit_id": "A0250", "group_id": "60-r-irrigated-non-pivot-alfalfa", "crop_sequence": "Alfalfa", "crop_sequence_en": "Alfalfa", "system_class": "irrigated_non_pivot", "system_es": "Regad\u00edo sin pivote", "system_en": "Irrigated, non-pivot", "pivot_id": null, "analysis_area_ha": 1.2549729970844585}, "geometry": {"type": "Polygon", "coordinates": [[[-0.04057523243279138, 41.48491567927668], [-0.03996059738756295, 41.4878646087592], [-0.03991215402330603, 41.487862770121566], [-0.03966969169095593, 41.4875798212714], [-0.03958178851269141, 41.48752366078543], [-0.04003974228674901, 41.48494649292005], [-0.04057523243279138, 41.48491567927668]]]}}, {"id": "249", "type": "Feature", "properties": {"unit_id": "A0251", "group_id": "60-r-irrigated-non-pivot-alfalfa", "crop_sequence": "Alfalfa", "crop_sequence_en": "Alfalfa", "system_class": "irrigated_non_pivot", "system_es": "Regad\u00edo sin pivote", "system_en": "Irrigated, non-pivot", "pivot_id": null, "analysis_area_ha": 1.1221859462058112}, "geometry": {"type": "Polygon", "coordinates": [[[-0.041247491478365955, 41.48487699463121], [-0.04044661893549351, 41.488324940145546], [-0.040366115422455724, 41.48802509409027], [-0.040294607272632586, 41.48792972257511], [-0.04019980728978189, 41.48787955689284], [-0.040820488073271786, 41.484901566257285], [-0.041247491478365955, 41.48487699463121]]]}}, {"id": "250", "type": "Feature", "properties": {"unit_id": "A0252", "group_id": "60-r-irrigated-non-pivot-alfalfa", "crop_sequence": "Alfalfa", "crop_sequence_en": "Alfalfa", "system_class": "irrigated_non_pivot", "system_es": "Regad\u00edo sin pivote", "system_en": "Irrigated, non-pivot", "pivot_id": null, "analysis_area_ha": 5.076268489564391}, "geometry": {"type": "Polygon", "coordinates": [[[-0.04240797492352027, 41.4716871846865], [-0.04097414462441751, 41.4714745143551], [-0.04096060840552456, 41.471451690466], [-0.041006212747915244, 41.46836965718129], [-0.04127085671058812, 41.46834684432909], [-0.04163348067193126, 41.468361874954546], [-0.0418935472404123, 41.46833273438394], [-0.04230474042989206, 41.46818838112919], [-0.04235907877832681, 41.46811581340785], [-0.04229134676661266, 41.46803182781174], [-0.04183951489061491, 41.46790677889792], [-0.041067727639364754, 41.46780846824107], [-0.04108077873759581, 41.46748997159641], [-0.04168947710060844, 41.46759319225324], [-0.04258000560060971, 41.46760480155902], [-0.04240797492352027, 41.4716871846865]]]}}, {"id": "251", "type": "Feature", "properties": {"unit_id": "A0253", "group_id": "62-s-dryland-pastos-permanentes-de-5-o-mas-anos", "crop_sequence": "Pastos permanentes de 5 o m\u00e1s a\u00f1os", "crop_sequence_en": "Permanent grassland (5+ years)", "system_class": "dryland", "system_es": "Secano", "system_en": "Dryland", "pivot_id": null, "analysis_area_ha": 0.6840248567932381}, "geometry": {"type": "Polygon", "coordinates": [[[-0.0658341215742546, 41.48772896782017], [-0.06562831515761769, 41.487572608369284], [-0.0656085557823927, 41.487440177971635], [-0.06549315923140683, 41.4873047799681], [-0.06497502244757221, 41.486990734970384], [-0.06465298250294563, 41.486734955670265], [-0.06448536209087426, 41.48655678085561], [-0.06428335228055751, 41.48641731407482], [-0.0640298359397974, 41.486039990021105], [-0.06342268992286457, 41.485761015428835], [-0.06326545960437868, 41.48550947755916], [-0.06337688251283717, 41.485415703562616], [-0.06367162156757543, 41.485686510441695], [-0.0641202674111333, 41.48585563239385], [-0.0644381693390691, 41.48606757261199], [-0.06467100219254232, 41.486330784582044], [-0.06469234631845298, 41.48643830414013], [-0.06519676904669112, 41.48684428943485], [-0.0657005981511838, 41.48736488489357], [-0.06580277966021558, 41.48750375672814], [-0.06586545927638564, 41.487704140512065], [-0.0658341215742546, 41.48772896782017]]]}}, {"id": "252", "type": "Feature", "properties": {"unit_id": "A0254", "group_id": "62-s-dryland-pastos-permanentes-de-5-o-mas-anos", "crop_sequence": "Pastos permanentes de 5 o m\u00e1s a\u00f1os", "crop_sequence_en": "Permanent grassland (5+ years)", "system_class": "dryland", "system_es": "Secano", "system_en": "Dryland", "pivot_id": null, "analysis_area_ha": 0.3502810403772996}, "geometry": {"type": "MultiPolygon", "coordinates": [[[[-0.06370213583429828, 41.488395061206575], [-0.06393438330341993, 41.488297557143376], [-0.06407823513288144, 41.48819293345447], [-0.06411252579043102, 41.48808133346524], [-0.06396903924757885, 41.4879304510609], [-0.06360024572160916, 41.48782397094883], [-0.06331019531693428, 41.487858193766286], [-0.06284244316877732, 41.48777189517773], [-0.06262649953059797, 41.48778264015038], [-0.06272083167291807, 41.48774525526496], [-0.06361595277158069, 41.48769604149437], [-0.06415434616738352, 41.487847636350885], [-0.06437657598834019, 41.48795935885592], [-0.06456677587589917, 41.488154613852004], [-0.06442673980677373, 41.48826289007509], [-0.06370213583429828, 41.488395061206575]]], [[[-0.06219391139950607, 41.487738188139524], [-0.0620866909474321, 41.48769834628117], [-0.06198575567750749, 41.48759127895036], [-0.06194717517331953, 41.48753684306531], [-0.06195446511207307, 41.4874623224337], [-0.06211679004644654, 41.487441408473416], [-0.06220334357530877, 41.48746007886476], [-0.062163949269716516, 41.48760692390057], [-0.06219391139950607, 41.487738188139524]]]]}}, {"id": "253", "type": "Feature", "properties": {"unit_id": "A0255", "group_id": "62-s-dryland-pastos-permanentes-de-5-o-mas-anos", "crop_sequence": "Pastos permanentes de 5 o m\u00e1s a\u00f1os", "crop_sequence_en": "Permanent grassland (5+ years)", "system_class": "dryland", "system_es": "Secano", "system_en": "Dryland", "pivot_id": null, "analysis_area_ha": 0.42455324596585287}, "geometry": {"type": "MultiPolygon", "coordinates": [[[[-0.06552210853606845, 41.48774782615905], [-0.0656707412407841, 41.48786074853693], [-0.06541594707353221, 41.4880661624753], [-0.06532152617342149, 41.48800108422046], [-0.0650450459803743, 41.48768544137096], [-0.06466815268769825, 41.48747215660011], [-0.0641839005482496, 41.48730938038553], [-0.06417110823446309, 41.48709791204859], [-0.06411286717865265, 41.48699402421323], [-0.06503431853106642, 41.48751979957714], [-0.065379407074081, 41.4877491937574], [-0.06552210853606845, 41.48774782615905]]], [[[-0.06396335156020538, 41.48687931379682], [-0.06387274506911206, 41.48685514155215], [-0.06378262041364273, 41.486892631270536], [-0.0637733262275781, 41.487053239426686], [-0.06369278209888088, 41.48720154144732], [-0.06363929055689453, 41.487229375820334], [-0.06331264178849075, 41.487182730346994], [-0.06298940883283526, 41.48724393740493], [-0.06287771891402112, 41.487175239760134], [-0.06341858561228648, 41.487028317334186], [-0.06366309699056329, 41.48685412476134], [-0.0638283958450908, 41.48677892240832], [-0.06396335156020538, 41.48687931379682]]]]}}, {"id": "254", "type": "Feature", "properties": {"unit_id": "A0256", "group_id": "62-s-dryland-pastos-permanentes-de-5-o-mas-anos", "crop_sequence": "Pastos permanentes de 5 o m\u00e1s a\u00f1os", "crop_sequence_en": "Permanent grassland (5+ years)", "system_class": "dryland", "system_es": "Secano", "system_en": "Dryland", "pivot_id": null, "analysis_area_ha": 7.411828326784025}, "geometry": {"type": "Polygon", "coordinates": [[[-0.06648668477369078, 41.49073797811601], [-0.0662774033359222, 41.49095964770227], [-0.06607594940663326, 41.490972791469375], [-0.06589700198715884, 41.49094940418914], [-0.0656916783726334, 41.490856545732804], [-0.06563626855269453, 41.49077091054473], [-0.06554406124403545, 41.49041158209479], [-0.0653402103219847, 41.490331454907604], [-0.0652198380090846, 41.49019977395631], [-0.06509489283190363, 41.49012801764622], [-0.06489057797896268, 41.49015737190255], [-0.06480311700728072, 41.49021744677033], [-0.06463692117998315, 41.49055676094224], [-0.06466946796224879, 41.49067269679172], [-0.06472873053245459, 41.49073177577624], [-0.06471641664125674, 41.490779365368574], [-0.06459267923016063, 41.49103780028772], [-0.06433045663188193, 41.49131687381352], [-0.06431730438409879, 41.49142148265783], [-0.06436003247454976, 41.49149351490358], [-0.0644952302366474, 41.49153990379036], [-0.06483551186870566, 41.49153251438027], [-0.06493905060346511, 41.49157048903532], [-0.06517041427883663, 41.491772335460624], [-0.06490596008254824, 41.491986130265154], [-0.06489281098578514, 41.492229992261564], [-0.06429782334917944, 41.49222999215196], [-0.06415250958356192, 41.49208368449717], [-0.06399211334739865, 41.49204046520549], [-0.06387213865647112, 41.49205266462799], [-0.06361346986246745, 41.492150958637225], [-0.06351651858007638, 41.4921316368054], [-0.06323746825401304, 41.491938415293475], [-0.06307673906073752, 41.49186779961673], [-0.06251640538485032, 41.49170354156608], [-0.06227236732023123, 41.491725738584094], [-0.06205890372189689, 41.491479409993666], [-0.0620677558559885, 41.49139914250186], [-0.06219204309255655, 41.49132145208827], [-0.062422825607563424, 41.491295743092294], [-0.06342332426228, 41.49129775000335], [-0.06349972262789402, 41.49126998628264], [-0.06358467578047576, 41.49117703821499], [-0.06358938607724084, 41.49106537032887], [-0.06347871531216429, 41.49096667360783], [-0.06252789981483849, 41.49078977222773], [-0.06247918099295376, 41.49072121328292], [-0.06245656514805915, 41.49041805826933], [-0.06252368856683709, 41.49030926268561], [-0.0627055681391567, 41.490184903659745], [-0.06271640363449729, 41.49012493456368], [-0.06267428424249784, 41.490073362279425], [-0.062162751424651594, 41.48982986900921], [-0.061957160094564014, 41.48982916647246], [-0.06183365077572992, 41.489869977504426], [-0.06172060247432577, 41.49003089122677], [-0.06161420263114437, 41.49049813022884], [-0.061558067345594235, 41.490607272796815], [-0.06137271546343263, 41.49072139248071], [-0.060973622240031826, 41.49057516269496], [-0.06073212038036873, 41.490551034562884], [-0.0604026062422907, 41.49044013451997], [-0.0604103686180405, 41.49036046511976], [-0.06032643501847406, 41.490200141476464], [-0.06013311967356308, 41.48998318667733], [-0.060112089623853865, 41.48990385968262], [-0.06032225678642528, 41.489787764286305], [-0.06090740762764302, 41.48968498679535], [-0.06297853665747587, 41.4896645183172], [-0.06308159318475119, 41.489713875880234], [-0.06332584450972065, 41.48994406589144], [-0.06346908535716275, 41.490141572601], [-0.06339195618293678, 41.49023037902584], [-0.06326180229441496, 41.49053438163465], [-0.06335238927762107, 41.490765563275836], [-0.0638227500350062, 41.49104655851913], [-0.06403157912662642, 41.491068033313866], [-0.06415966143949649, 41.49099510687065], [-0.06421722108409725, 41.49089538249434], [-0.06415383221960923, 41.49052945435579], [-0.06420764135622242, 41.490206109773005], [-0.06415219877568575, 41.4899917197184], [-0.06402160620093536, 41.48971159348037], [-0.064238472893474, 41.4894351958427], [-0.0642500140630399, 41.48936886251806], [-0.06412507151562263, 41.489181330747165], [-0.06371174266991701, 41.48897484330344], [-0.0635549795488329, 41.48885136738595], [-0.06330829367169366, 41.488762856874374], [-0.06412135715275494, 41.48876080022772], [-0.06506489408539268, 41.48857110782991], [-0.06518007106566696, 41.48866284074778], [-0.06520091601059551, 41.48874795457011], [-0.06510700568241716, 41.48886574730017], [-0.06482876500570936, 41.48904986189001], [-0.06484896290366172, 41.48918471231765], [-0.06497375042691741, 41.489258759632996], [-0.06518082795303784, 41.489278997801904], [-0.06586969952289476, 41.48912813114847], [-0.06597434358274501, 41.48920238777659], [-0.0660060444178519, 41.48944678273287], [-0.06594983577244029, 41.48984911004205], [-0.0661249745343206, 41.49008235358859], [-0.06636349249480673, 41.49023678301067], [-0.06648668477369078, 41.49073797811601]]]}}, {"id": "255", "type": "Feature", "properties": {"unit_id": "A0257", "group_id": "62-s-dryland-pastos-permanentes-de-5-o-mas-anos", "crop_sequence": "Pastos permanentes de 5 o m\u00e1s a\u00f1os", "crop_sequence_en": "Permanent grassland (5+ years)", "system_class": "dryland", "system_es": "Secano", "system_en": "Dryland", "pivot_id": null, "analysis_area_ha": 9.97599284060592}, "geometry": {"type": "MultiPolygon", "coordinates": [[[[-0.05404373542900557, 41.49222999356803], [-0.0524815355800374, 41.49222999292502], [-0.05235961103233796, 41.49207119557896], [-0.052242237584381714, 41.491991188557655], [-0.05209845642185891, 41.49193157363454], [-0.05178888391841024, 41.4918962042818], [-0.05165775026064814, 41.49183609010061], [-0.05156894585864916, 41.49175002736739], [-0.05182766204470427, 41.49156242298837], [-0.05212892618445251, 41.491466289049285], [-0.052867692650794045, 41.49142418344782], [-0.052875596971088956, 41.49183151444642], [-0.05292095317228624, 41.49194617081604], [-0.053038197243786826, 41.49207640626532], [-0.05318291052666709, 41.49216306183313], [-0.05331561623772195, 41.49219532708433], [-0.053934421428228574, 41.49219328654383], [-0.05404373542900557, 41.49222999356803]]], [[[-0.06012570976606011, 41.4922299933255], [-0.05855019642402521, 41.49222999246542], [-0.058434852087458904, 41.49217639006398], [-0.05832853709401483, 41.49216762933455], [-0.058190430454558004, 41.49222999219337], [-0.0580907485975715, 41.49222999220048], [-0.05790237173714998, 41.491904761104834], [-0.05773136543205548, 41.491736297537145], [-0.05741486169573555, 41.491515186868725], [-0.05706121321005345, 41.49136394701917], [-0.05688504085394124, 41.49133745606427], [-0.05666170928031426, 41.491354612427926], [-0.056389037935805006, 41.49146058696583], [-0.05587213217967841, 41.49108245364091], [-0.055786323661302525, 41.4910593058104], [-0.05565162349031199, 41.49110123571309], [-0.05550309137479074, 41.4912334449748], [-0.05546271692591267, 41.4913186952237], [-0.055484325593222514, 41.49137675998002], [-0.05562755805061423, 41.49146860058388], [-0.05571840613740291, 41.491476227012846], [-0.05585684365490503, 41.49153918202103], [-0.055988224244201745, 41.491857095486935], [-0.056190162818003264, 41.4919608150224], [-0.05635469845466258, 41.491982445011445], [-0.05684851924097767, 41.49194512240182], [-0.05689330620637455, 41.49196733785477], [-0.05694564628639554, 41.49207029066587], [-0.05683004648360453, 41.49222999288129], [-0.05547068239123309, 41.492229992693794], [-0.05525673555253347, 41.49203740571368], [-0.055172173168218194, 41.492012801342774], [-0.0550448539007766, 41.492059914902676], [-0.05497589676605419, 41.49222999252878], [-0.054684959825211, 41.49222999252444], [-0.05469047110623282, 41.491999686687336], [-0.05477133414743322, 41.49194163540624], [-0.05481340332715439, 41.491841937395684], [-0.05497822926285189, 41.491650194947745], [-0.055070175148255636, 41.491352780370335], [-0.05534934539016703, 41.49111093056829], [-0.055396102791218364, 41.490964293896354], [-0.05527118724492726, 41.49019272344821], [-0.055169146531260455, 41.49011716522083], [-0.05493752037171585, 41.49005514690119], [-0.054835204392415425, 41.489715849926235], [-0.05471135745021766, 41.48951274127736], [-0.054595237585204535, 41.48944114725141], [-0.05432869017544717, 41.48936189104088], [-0.05454121922917029, 41.48936262931675], [-0.05498166536854728, 41.48947009061011], [-0.055457336422603094, 41.48964022797614], [-0.056056529495139715, 41.48957715397293], [-0.056822149043712515, 41.489424785383285], [-0.05694404096062849, 41.48947401922052], [-0.057327286032996944, 41.489710869221696], [-0.05747186212032684, 41.48984216442498], [-0.057480501854647856, 41.489959500111404], [-0.05747244415410321, 41.49003500823034], [-0.05740776454465888, 41.49009402827776], [-0.05697308789145672, 41.490222058056496], [-0.056912483474740774, 41.49030648948873], [-0.05695489169113133, 41.49046076792874], [-0.05728721662484552, 41.490579174470454], [-0.05777858672260687, 41.490607442685345], [-0.05781581222222582, 41.49064190102556], [-0.05779300245895243, 41.49077790741841], [-0.05784904276755194, 41.49092066631661], [-0.057908863426226476, 41.490962462745514], [-0.058390401512534974, 41.49096688782807], [-0.05887814990100075, 41.49120812786951], [-0.059306046408097335, 41.49124756592087], [-0.059380319830842014, 41.49131405444631], [-0.05938759977112634, 41.491431776085705], [-0.059257456802755945, 41.49159975480925], [-0.05935929081198118, 41.49176883490735], [-0.059508269550316586, 41.49187980300372], [-0.059788146162226656, 41.49193651843706], [-0.06012570976606011, 41.4922299933255]]], [[[-0.055372190637970616, 41.489159386527945], [-0.05558739079187864, 41.48907663622237], [-0.05565319410400142, 41.48895311676438], [-0.05566520442025113, 41.48879434448429], [-0.055592004299305685, 41.48864961790895], [-0.055247662259643934, 41.48823303285718], [-0.05508143156361965, 41.48812046675119], [-0.054813549527683206, 41.4880359574026], [-0.054809797043026215, 41.48793584283908], [-0.055061983789746874, 41.48767407272912], [-0.05519412932196394, 41.48764687748711], [-0.05551769298275785, 41.487698180204326], [-0.05611681418282615, 41.487967575501706], [-0.05671820421418162, 41.48816859848842], [-0.0568872978954044, 41.48819034554296], [-0.05706033935773963, 41.48810108270207], [-0.0572762289554893, 41.48786671804729], [-0.05730943252134885, 41.487770455429335], [-0.0572782912345972, 41.48762997933827], [-0.05713924930688326, 41.48755739607731], [-0.05732053204259427, 41.48730554808451], [-0.057386386275030545, 41.48729812798222], [-0.05753903334237807, 41.48735142353695], [-0.05760305479447137, 41.487490422254986], [-0.05759761948254506, 41.48762097921957], [-0.05763649767739858, 41.48771376186832], [-0.05787746655362189, 41.48797248361943], [-0.05802451827976309, 41.48818770279483], [-0.05796871611196153, 41.488306793305], [-0.057744749880040275, 41.488383822741106], [-0.057730428146149225, 41.48852950243102], [-0.05786144874321971, 41.488595754787724], [-0.05814596782589439, 41.48866198023727], [-0.05836624279532494, 41.48865916828043], [-0.05880466150962777, 41.488992863941185], [-0.05897091418128155, 41.489338134971504], [-0.05903484081830969, 41.48967419122173], [-0.05894320544578129, 41.489844782972426], [-0.05874987216987588, 41.48991686142232], [-0.05862684024442402, 41.48987019959695], [-0.057862504532852674, 41.48921544607667], [-0.05714543051610214, 41.48878302584986], [-0.05698270064781356, 41.488600217719735], [-0.056696297746784, 41.48839942610627], [-0.05602440464839494, 41.48813579940651], [-0.05589927275884738, 41.48805118652405], [-0.05570251798048231, 41.48784201059937], [-0.05511815266343579, 41.48774987518228], [-0.05490046669299237, 41.48784302608596], [-0.05488095931617647, 41.48790150719128], [-0.05491911826490116, 41.48799487866014], [-0.055241852615031506, 41.48815169374185], [-0.05546123977139965, 41.48840509633731], [-0.055813997040626256, 41.48857539049769], [-0.05595621721059182, 41.488706521787975], [-0.05617153726353548, 41.488768091266145], [-0.056319002396096884, 41.48885346573871], [-0.056331055910920164, 41.48893768468285], [-0.056205682630920045, 41.48904380209845], [-0.05586506212873895, 41.48914014911318], [-0.055372190637970616, 41.489159386527945]]]]}}, {"id": "256", "type": "Feature", "properties": {"unit_id": "A0258", "group_id": "62-s-dryland-pastos-permanentes-de-5-o-mas-anos", "crop_sequence": "Pastos permanentes de 5 o m\u00e1s a\u00f1os", "crop_sequence_en": "Permanent grassland (5+ years)", "system_class": "dryland", "system_es": "Secano", "system_en": "Dryland", "pivot_id": null, "analysis_area_ha": 1.5528310768320925}, "geometry": {"type": "MultiPolygon", "coordinates": [[[[-0.02088666071294163, 41.466289951583676], [-0.02088666002199515, 41.46593967951142], [-0.021095478272716604, 41.466072886520315], [-0.021146078156872788, 41.466169998204634], [-0.02088666071294163, 41.466289951583676]]], [[[-0.020951042994590285, 41.46553373130655], [-0.020886659183893944, 41.465500418642556], [-0.020886659038836398, 41.465412577884564], [-0.020951042994590285, 41.46553373130655]]], [[[-0.023153350668129156, 41.46996282935043], [-0.022493556404382452, 41.47034831043658], [-0.022356913400770066, 41.470494578138954], [-0.022338178875902597, 41.47055781527034], [-0.02225087872200906, 41.47041785345299], [-0.022072273202408923, 41.47023637604133], [-0.02194132676973911, 41.47023096837294], [-0.02185558798732058, 41.4703426952152], [-0.021783932869832746, 41.47036417890041], [-0.021626192905601173, 41.47016250150277], [-0.021413107186912705, 41.47001060135817], [-0.021312744524350998, 41.47002133490961], [-0.021130898571703367, 41.47010446401969], [-0.020962498495976662, 41.47022189104778], [-0.020939517637961834, 41.470353678256664], [-0.02107314519907326, 41.470501778769886], [-0.020886668306174024, 41.47045298419457], [-0.020886667501659874, 41.47001032326926], [-0.021023241490241696, 41.470020492618275], [-0.022094636780542697, 41.46980818581331], [-0.022802531173418718, 41.469503874892496], [-0.022913292946696476, 41.46948960985427], [-0.02297429301683672, 41.46971324169494], [-0.023153350668129156, 41.46996282935043]]], [[[-0.02249645468072467, 41.470970192136754], [-0.02283852840244674, 41.471393338648156], [-0.022885786526219875, 41.47147983106643], [-0.022538067623246637, 41.47106782660142], [-0.02249645468072467, 41.470970192136754]]], [[[-0.02300518040269114, 41.4716983462023], [-0.023110151636864553, 41.47197949261668], [-0.023064871509623674, 41.4721155480281], [-0.02286813182140307, 41.47236021426988], [-0.022790270796745036, 41.47241278020496], [-0.02272894123611265, 41.47241587734662], [-0.0226398614979266, 41.47233368539873], [-0.022544118125288833, 41.472171120792375], [-0.022420641063073784, 41.47215564075023], [-0.022263359394086503, 41.47223295005223], [-0.02225063419834437, 41.472479634524], [-0.02212818191038452, 41.47267191160845], [-0.02203773741825095, 41.472777900483145], [-0.02167981306455297, 41.47305279457624], [-0.02157287510919234, 41.47309660934649], [-0.02147774095331763, 41.47308350705035], [-0.02124301066640521, 41.47302275525716], [-0.021047633080959704, 41.47290547084824], [-0.02109526386504077, 41.47257376327033], [-0.02099035037888077, 41.47240850303215], [-0.02099925153634899, 41.472245414105366], [-0.02088667149573524, 41.4721845120372], [-0.020886671057671877, 41.47194252361939], [-0.021159181658573594, 41.472055859917425], [-0.021318241366385292, 41.47215138068799], [-0.021390512480157844, 41.47223548669918], [-0.021386279265375646, 41.47246313644654], [-0.021434257612754685, 41.472671282503704], [-0.02151841423072378, 41.47271964694041], [-0.02183825594412158, 41.47278591455555], [-0.02198848818828677, 41.47276025069206], [-0.022075596037067526, 41.472685304625806], [-0.022238405348164778, 41.472151313269606], [-0.0223461429390735, 41.472017767761145], [-0.022374144591733234, 41.472003480789944], [-0.022748144700345436, 41.47216224082906], [-0.022858751180516702, 41.47215348358107], [-0.022964117243773088, 41.47208884596845], [-0.023015862052920465, 41.47199103243819], [-0.02300518040269114, 41.4716983462023]]]]}}, {"id": "257", "type": "Feature", "properties": {"unit_id": "A0259", "group_id": "68-r-irrigated-non-pivot-festuca", "crop_sequence": "Festuca", "crop_sequence_en": "Fescue", "system_class": "irrigated_non_pivot", "system_es": "Regad\u00edo sin pivote", "system_en": "Irrigated, non-pivot", "pivot_id": null, "analysis_area_ha": 0.6909400955941319}, "geometry": {"type": "Polygon", "coordinates": [[[-0.07245301343026754, 41.47162531357745], [-0.07188606422440999, 41.47154941186087], [-0.07040088264306171, 41.471350581415514], [-0.07081993613041963, 41.47105750752263], [-0.0709651979215813, 41.471020582334525], [-0.0725254252907382, 41.471243131394914], [-0.07245301343026754, 41.47162531357745]]]}}, {"id": "258", "type": "Feature", "properties": {"unit_id": "A0260", "group_id": "68-r-irrigated-non-pivot-festuca", "crop_sequence": "Festuca", "crop_sequence_en": "Fescue", "system_class": "irrigated_non_pivot", "system_es": "Regad\u00edo sin pivote", "system_en": "Irrigated, non-pivot", "pivot_id": null, "analysis_area_ha": 4.5101915324665605}, "geometry": {"type": "Polygon", "coordinates": [[[-0.07703319708639943, 41.48918165568326], [-0.07666720079972643, 41.48920129090678], [-0.07635001561358967, 41.489155330874745], [-0.07575049927336186, 41.48895494871521], [-0.07514347336337633, 41.48866449242153], [-0.0747117295728806, 41.488556619270874], [-0.07458604150237137, 41.48855125094319], [-0.07406318628367767, 41.48839022079829], [-0.07349413224553998, 41.488264070680415], [-0.07308071141813174, 41.48825532937004], [-0.07297729928878957, 41.48821220435413], [-0.07253122171619768, 41.48828209906382], [-0.07218484820518593, 41.488595749111525], [-0.0718064681851125, 41.48878066932624], [-0.07164892120749075, 41.48892170788435], [-0.07128958936173051, 41.489054222356565], [-0.0711049243212791, 41.489070629813], [-0.0707941301218094, 41.48895076917886], [-0.07066973297449478, 41.48883763573758], [-0.07019826110393888, 41.48864154970183], [-0.06991504076021551, 41.48846814784443], [-0.07038641489506291, 41.48784332511131], [-0.07041136895238215, 41.487746213710246], [-0.07038357782995501, 41.487622003900064], [-0.07016396303746092, 41.48741710657732], [-0.06991516385249227, 41.487057481768936], [-0.06979925974580695, 41.48697757727927], [-0.0699963855921464, 41.48671636800261], [-0.0735765628920823, 41.48820117455208], [-0.0737150754651634, 41.48817678553181], [-0.07389955993227774, 41.4879315625307], [-0.07703319708639943, 41.48918165568326]]]}}, {"id": "259", "type": "Feature", "properties": {"unit_id": "A0261", "group_id": "68-r-irrigated-non-pivot-festuca", "crop_sequence": "Festuca", "crop_sequence_en": "Fescue", "system_class": "irrigated_non_pivot", "system_es": "Regad\u00edo sin pivote", "system_en": "Irrigated, non-pivot", "pivot_id": null, "analysis_area_ha": 2.0257045874348556}, "geometry": {"type": "Polygon", "coordinates": [[[-0.06356953243350992, 41.48046363138849], [-0.06257110325543445, 41.48043489468744], [-0.06248723495136273, 41.47944946977386], [-0.0625224146816326, 41.47867632957584], [-0.06268952114685204, 41.47819508317844], [-0.06351122507267683, 41.47836915147268], [-0.06356953243350992, 41.48046363138849]]]}}, {"id": "260", "type": "Feature", "properties": {"unit_id": "A0262", "group_id": "68-r-irrigated-non-pivot-festuca", "crop_sequence": "Festuca", "crop_sequence_en": "Fescue", "system_class": "irrigated_non_pivot", "system_es": "Regad\u00edo sin pivote", "system_en": "Irrigated, non-pivot", "pivot_id": null, "analysis_area_ha": 2.5588063639231295}, "geometry": {"type": "Polygon", "coordinates": [[[-0.03904647113893189, 41.472991590862804], [-0.0386327340496661, 41.47478067323901], [-0.0371230401938617, 41.474291281704666], [-0.03749042676493301, 41.47270272052743], [-0.03869884944312774, 41.47290071375821], [-0.03904647113893189, 41.472991590862804]]]}}]}